Cleaning old build artifacts...
====================================================
Configuring and Building for m14x...
====================================================
make[1]: Entering directory '/root/kernel_common/out'
  GEN     Makefile
  HOSTCC  scripts/basic/fixdep
  HOSTCC  scripts/kconfig/confdata.o
  HOSTCC  scripts/kconfig/expr.o
  LEX     scripts/kconfig/lexer.lex.c
  YACC    scripts/kconfig/parser.tab.[ch]
  HOSTCC  scripts/kconfig/menu.o
  HOSTCC  scripts/kconfig/preprocess.o
  HOSTCC  scripts/kconfig/symbol.o
  HOSTCC  scripts/kconfig/util.o
  HOSTCC  scripts/kconfig/conf.o
  HOSTCC  scripts/kconfig/lexer.lex.o
  HOSTCC  scripts/kconfig/parser.tab.o
  HOSTLD  scripts/kconfig/conf
#
# configuration written to .config
#
  GEN     Makefile
Using .config as base
Merging ../arch/arm64/configs/su.config
Value of CONFIG_KSU_MANUAL_HOOK is redefined by fragment ../arch/arm64/configs/su.config:
Previous value: # CONFIG_KSU_MANUAL_HOOK is not set
New value: CONFIG_KSU_MANUAL_HOOK=y

Value of CONFIG_KSU_SUSFS is redefined by fragment ../arch/arm64/configs/su.config:
Previous value: # CONFIG_KSU_SUSFS is not set
New value: CONFIG_KSU_SUSFS=y

Value of CONFIG_UH is redefined by fragment ../arch/arm64/configs/su.config:
Previous value: # CONFIG_UH is not set
New value: CONFIG_UH=n

Value of CONFIG_SECURITY_DEFEX is redefined by fragment ../arch/arm64/configs/su.config:
Previous value: # CONFIG_SECURITY_DEFEX is not set
New value: CONFIG_SECURITY_DEFEX=n

Value of CONFIG_FIVE is redefined by fragment ../arch/arm64/configs/su.config:
Previous value: # CONFIG_FIVE is not set
New value: CONFIG_FIVE=n

Value of CONFIG_MODULE_FORCE_LOAD is redefined by fragment ../arch/arm64/configs/su.config:
Previous value: # CONFIG_MODULE_FORCE_LOAD is not set
New value: CONFIG_MODULE_FORCE_LOAD=y

Value of CONFIG_MODULE_FORCE_UNLOAD is redefined by fragment ../arch/arm64/configs/su.config:
Previous value: # CONFIG_MODULE_FORCE_UNLOAD is not set
New value: CONFIG_MODULE_FORCE_UNLOAD=y

Value of CONFIG_MODULE_SRCVERSION_ALL is redefined by fragment ../arch/arm64/configs/su.config:
Previous value: # CONFIG_MODULE_SRCVERSION_ALL is not set
New value: CONFIG_MODULE_SRCVERSION_ALL=n

Value of CONFIG_MODULE_SIG is redefined by fragment ../arch/arm64/configs/su.config:
Previous value: CONFIG_MODULE_SIG=y
New value: CONFIG_MODULE_SIG=n

Value of CONFIG_TRIM_UNUSED_KSYMS is redefined by fragment ../arch/arm64/configs/su.config:
Previous value: CONFIG_TRIM_UNUSED_KSYMS=y
New value: CONFIG_TRIM_UNUSED_KSYMS=n

#
# merged configuration written to .config (needs make)
#
  GEN     Makefile
#
# configuration written to .config
#
  GEN     Makefile
Using .config as base
Merging ../arch/arm64/configs/perf.config
Value of CONFIG_TMPFS_XATTR is redefined by fragment ../arch/arm64/configs/perf.config:
Previous value: # CONFIG_TMPFS_XATTR is not set
New value: CONFIG_TMPFS_XATTR=y

Value of CONFIG_TMPFS_POSIX_ACL is redefined by fragment ../arch/arm64/configs/perf.config:
Previous value: # CONFIG_TMPFS_POSIX_ACL is not set
New value: CONFIG_TMPFS_POSIX_ACL=y

Value of CONFIG_HZ_300 is redefined by fragment ../arch/arm64/configs/perf.config:
Previous value: # CONFIG_HZ_300 is not set
New value: CONFIG_HZ_300=y

Value of CONFIG_HZ is redefined by fragment ../arch/arm64/configs/perf.config:
Previous value: CONFIG_HZ=250
New value: CONFIG_HZ=300

Value of CONFIG_CPU_FREQ_GOV_ONDEMAND is redefined by fragment ../arch/arm64/configs/perf.config:
Previous value: # CONFIG_CPU_FREQ_GOV_ONDEMAND is not set
New value: CONFIG_CPU_FREQ_GOV_ONDEMAND=y

Value of CONFIG_ZRAM_DEF_COMP_LZ4 is redefined by fragment ../arch/arm64/configs/perf.config:
Previous value: # CONFIG_ZRAM_DEF_COMP_LZ4 is not set
New value: CONFIG_ZRAM_DEF_COMP_LZ4=y

Value of CONFIG_ZRAM_MEMORY_TRACKING is redefined by fragment ../arch/arm64/configs/perf.config:
Previous value: # CONFIG_ZRAM_MEMORY_TRACKING is not set
New value: CONFIG_ZRAM_MEMORY_TRACKING=y

Value of CONFIG_LRU_GEN_ENABLED is redefined by fragment ../arch/arm64/configs/perf.config:
Previous value: # CONFIG_LRU_GEN_ENABLED is not set
New value: CONFIG_LRU_GEN_ENABLED=y

Value of CONFIG_IP_NF_TARGET_TTL is redefined by fragment ../arch/arm64/configs/perf.config:
Previous value: # CONFIG_IP_NF_TARGET_TTL is not set
New value: CONFIG_IP_NF_TARGET_TTL=y

Value of CONFIG_TCP_CONG_ADVANCED is redefined by fragment ../arch/arm64/configs/perf.config:
Previous value: # CONFIG_TCP_CONG_ADVANCED is not set
New value: CONFIG_TCP_CONG_ADVANCED=y

Value of CONFIG_IP6_NF_TARGET_HL is redefined by fragment ../arch/arm64/configs/perf.config:
Previous value: # CONFIG_IP6_NF_TARGET_HL is not set
New value: CONFIG_IP6_NF_TARGET_HL=y

Value of CONFIG_IP6_NF_MATCH_HL is redefined by fragment ../arch/arm64/configs/perf.config:
Previous value: # CONFIG_IP6_NF_MATCH_HL is not set
New value: CONFIG_IP6_NF_MATCH_HL=y

Value of CONFIG_UBSAN is redefined by fragment ../arch/arm64/configs/perf.config:
Previous value: CONFIG_UBSAN=y
New value: CONFIG_UBSAN=n

Value of CONFIG_PAGE_OWNER is redefined by fragment ../arch/arm64/configs/perf.config:
Previous value: CONFIG_PAGE_OWNER=y
New value: CONFIG_PAGE_OWNER=n

#
# merged configuration written to .config (needs make)
#
  GEN     Makefile
.config:8468:warning: override: HZ_300 changes choice state
.config:8476:warning: override: ZRAM_DEF_COMP_LZ4 changes choice state
#
# configuration written to .config
#
  GEN     Makefile
Using .config as base
Merging ../arch/arm64/configs/custom.config
Value of CONFIG_TMPFS_XATTR is redefined by fragment ../arch/arm64/configs/custom.config:
Previous value: CONFIG_TMPFS_XATTR=y
New value: CONFIG_TMPFS_XATTR=y #CONFIG_TMPFS_XATTR=y

Value of CONFIG_TMPFS_POSIX_ACL is redefined by fragment ../arch/arm64/configs/custom.config:
Previous value: CONFIG_TMPFS_POSIX_ACL=y
New value: CONFIG_TMPFS_POSIX_ACL=y #CONFIG_TMPFS_POSIX_ACL=y

Value of CONFIG_SYSVIPC is redefined by fragment ../arch/arm64/configs/custom.config:
Previous value: # CONFIG_SYSVIPC is not set
New value: CONFIG_SYSVIPC=y

Value of CONFIG_POSIX_MQUEUE is redefined by fragment ../arch/arm64/configs/custom.config:
Previous value: # CONFIG_POSIX_MQUEUE is not set
New value: CONFIG_POSIX_MQUEUE=y

Value of CONFIG_LEGACY_PTYS is redefined by fragment ../arch/arm64/configs/custom.config:
Previous value: # CONFIG_LEGACY_PTYS is not set
New value: CONFIG_LEGACY_PTYS=y

Value of CONFIG_EXT4_FS_SECURITY is redefined by fragment ../arch/arm64/configs/custom.config:
Previous value: CONFIG_EXT4_FS_SECURITY=y
New value: #CONFIG_EXT4_FS_SECURITY=y CONFIG_EXT4_FS_SECURITY=y

Value of CONFIG_EXT4_FS_POSIX_ACL is redefined by fragment ../arch/arm64/configs/custom.config:
Previous value: CONFIG_EXT4_FS_POSIX_ACL=y
New value: #CONFIG_EXT4_FS_POSIX_ACL=y CONFIG_EXT4_FS_POSIX_ACL=y

Value of CONFIG_BT_HCIVHCI is redefined by fragment ../arch/arm64/configs/custom.config:
Previous value: # CONFIG_BT_HCIVHCI is not set
New value: CONFIG_BT_HCIVHCI=y

Value of CONFIG_NULL_TTY is redefined by fragment ../arch/arm64/configs/custom.config:
Previous value: # CONFIG_NULL_TTY is not set
New value: CONFIG_NULL_TTY=y

Value of CONFIG_FHANDLE is redefined by fragment ../arch/arm64/configs/custom.config:
Previous value: # CONFIG_FHANDLE is not set
New value: CONFIG_FHANDLE=y

Value of CONFIG_UNIX_DIAG is redefined by fragment ../arch/arm64/configs/custom.config:
Previous value: # CONFIG_UNIX_DIAG is not set
New value: CONFIG_UNIX_DIAG=y

Value of CONFIG_PACKET_DIAG is redefined by fragment ../arch/arm64/configs/custom.config:
Previous value: # CONFIG_PACKET_DIAG is not set
New value: CONFIG_PACKET_DIAG=y

Value of CONFIG_NETFILTER_XT_TARGET_CHECKSUM is redefined by fragment ../arch/arm64/configs/custom.config:
Previous value: # CONFIG_NETFILTER_XT_TARGET_CHECKSUM is not set
New value: CONFIG_NETFILTER_XT_TARGET_CHECKSUM=y

Value of CONFIG_MACVLAN is redefined by fragment ../arch/arm64/configs/custom.config:
Previous value: # CONFIG_MACVLAN is not set
New value: CONFIG_MACVLAN=y

Value of CONFIG_PROC_CHILDREN is redefined by fragment ../arch/arm64/configs/custom.config:
Previous value: # CONFIG_PROC_CHILDREN is not set
New value: CONFIG_PROC_CHILDREN=y

Value of CONFIG_CHECKPOINT_RESTORE is redefined by fragment ../arch/arm64/configs/custom.config:
Previous value: # CONFIG_CHECKPOINT_RESTORE is not set
New value: CONFIG_CHECKPOINT_RESTORE=y

Value of CONFIG_NF_TABLES is redefined by fragment ../arch/arm64/configs/custom.config:
Previous value: # CONFIG_NF_TABLES is not set
New value: CONFIG_NF_TABLES=y

Value of CONFIG_IP_VS is redefined by fragment ../arch/arm64/configs/custom.config:
Previous value: # CONFIG_IP_VS is not set
New value: CONFIG_IP_VS=y

Value of CONFIG_NETFILTER_XT_MATCH_ADDRTYPE is redefined by fragment ../arch/arm64/configs/custom.config:
Previous value: # CONFIG_NETFILTER_XT_MATCH_ADDRTYPE is not set
New value: CONFIG_NETFILTER_XT_MATCH_ADDRTYPE=y

Value of CONFIG_BRIDGE_NETFILTER is redefined by fragment ../arch/arm64/configs/custom.config:
Previous value: # CONFIG_BRIDGE_NETFILTER is not set
New value: CONFIG_BRIDGE_NETFILTER=y

Value of CONFIG_VXLAN is redefined by fragment ../arch/arm64/configs/custom.config:
Previous value: # CONFIG_VXLAN is not set
New value: CONFIG_VXLAN=m

Value of CONFIG_BRIDGE_VLAN_FILTERING is redefined by fragment ../arch/arm64/configs/custom.config:
Previous value: # CONFIG_BRIDGE_VLAN_FILTERING is not set
New value: CONFIG_BRIDGE_VLAN_FILTERING=y

Value of CONFIG_BTRFS_FS is redefined by fragment ../arch/arm64/configs/custom.config:
Previous value: # CONFIG_BTRFS_FS is not set
New value: CONFIG_BTRFS_FS=y

Value of CONFIG_LOCALVERSION_AUTO is redefined by fragment ../arch/arm64/configs/custom.config:
Previous value: CONFIG_LOCALVERSION_AUTO=y
New value: CONFIG_LOCALVERSION_AUTO=n

Value of CONFIG_LOCALVERSION is redefined by fragment ../arch/arm64/configs/custom.config:
Previous value: CONFIG_LOCALVERSION=""
New value: CONFIG_LOCALVERSION="@prisma"

Value of CONFIG_PID_NS is redefined by fragment ../arch/arm64/configs/custom.config:
Previous value: # CONFIG_PID_NS is not set
New value: CONFIG_PID_NS=y

Value of CONFIG_USER_NS is redefined by fragment ../arch/arm64/configs/custom.config:
Previous value: # CONFIG_USER_NS is not set
New value: CONFIG_USER_NS=y

Value of CONFIG_SECCOMP is redefined by fragment ../arch/arm64/configs/custom.config:
Previous value: CONFIG_SECCOMP=y
New value: #CONFIG_SECCOMP=y CONFIG_SECCOMP=y

Value of CONFIG_SECCOMP_FILTER is redefined by fragment ../arch/arm64/configs/custom.config:
Previous value: CONFIG_SECCOMP_FILTER=y
New value: #CONFIG_SECCOMP_FILTER=y CONFIG_SECCOMP_FILTER=y

Value of CONFIG_CGROUP_DEVICE is redefined by fragment ../arch/arm64/configs/custom.config:
Previous value: # CONFIG_CGROUP_DEVICE is not set
New value: CONFIG_CGROUP_DEVICE=y

Value of CONFIG_CGROUP_PIDS is redefined by fragment ../arch/arm64/configs/custom.config:
Previous value: # CONFIG_CGROUP_PIDS is not set
New value: #CONFIG_CGROUP_PIDS=y CONFIG_CGROUP_PIDS=y

Value of CONFIG_DEVTMPFS is redefined by fragment ../arch/arm64/configs/custom.config:
Previous value: # CONFIG_DEVTMPFS is not set
New value: CONFIG_DEVTMPFS=y

Value of CONFIG_FW_LOADER_COMPRESS is redefined by fragment ../arch/arm64/configs/custom.config:
Previous value: # CONFIG_FW_LOADER_COMPRESS is not set
New value: CONFIG_FW_LOADER_COMPRESS=y

#
# merged configuration written to .config (needs make)
#
  GEN     Makefile
.config:8522:warning: unexpected data: ONFIG_IP6_NF_NAT=y
#
# configuration written to .config
#
make[1]: Leaving directory '/root/kernel_common/out'
make[1]: Entering directory '/root/kernel_common/out'
  SYNC    include/config/auto.conf.cmd
  GEN     Makefile
  GEN     Makefile
  WRAP    arch/arm64/include/generated/uapi/asm/kvm_para.h
  WRAP    arch/arm64/include/generated/uapi/asm/errno.h
  WRAP    arch/arm64/include/generated/uapi/asm/ioctl.h
  WRAP    arch/arm64/include/generated/uapi/asm/ioctls.h
  WRAP    arch/arm64/include/generated/uapi/asm/ipcbuf.h
  WRAP    arch/arm64/include/generated/uapi/asm/msgbuf.h
  WRAP    arch/arm64/include/generated/uapi/asm/poll.h
  WRAP    arch/arm64/include/generated/uapi/asm/resource.h
  WRAP    arch/arm64/include/generated/uapi/asm/sembuf.h
  WRAP    arch/arm64/include/generated/uapi/asm/shmbuf.h
  WRAP    arch/arm64/include/generated/uapi/asm/siginfo.h
  WRAP    arch/arm64/include/generated/uapi/asm/socket.h
  WRAP    arch/arm64/include/generated/uapi/asm/sockios.h
  WRAP    arch/arm64/include/generated/uapi/asm/stat.h
  WRAP    arch/arm64/include/generated/uapi/asm/swab.h
  WRAP    arch/arm64/include/generated/uapi/asm/termbits.h
  WRAP    arch/arm64/include/generated/uapi/asm/termios.h
  WRAP    arch/arm64/include/generated/uapi/asm/types.h
  HOSTCC  scripts/dtc/dtc.o
  HOSTCC  scripts/dtc/flattree.o
  HOSTCC  scripts/dtc/fstree.o
  WRAP    arch/arm64/include/generated/asm/early_ioremap.h
  WRAP    arch/arm64/include/generated/asm/mcs_spinlock.h
  WRAP    arch/arm64/include/generated/asm/qrwlock.h
  WRAP    arch/arm64/include/generated/asm/qspinlock.h
  WRAP    arch/arm64/include/generated/asm/user.h
  WRAP    arch/arm64/include/generated/asm/bugs.h
  WRAP    arch/arm64/include/generated/asm/delay.h
  WRAP    arch/arm64/include/generated/asm/div64.h
  WRAP    arch/arm64/include/generated/asm/dma-mapping.h
  WRAP    arch/arm64/include/generated/asm/dma.h
  WRAP    arch/arm64/include/generated/asm/emergency-restart.h
  WRAP    arch/arm64/include/generated/asm/hw_irq.h
  WRAP    arch/arm64/include/generated/asm/irq_regs.h
  WRAP    arch/arm64/include/generated/asm/kdebug.h
  WRAP    arch/arm64/include/generated/asm/kmap_size.h
  WRAP    arch/arm64/include/generated/asm/local.h
  WRAP    arch/arm64/include/generated/asm/local64.h
  WRAP    arch/arm64/include/generated/asm/mmiowb.h
  WRAP    arch/arm64/include/generated/asm/msi.h
  WRAP    arch/arm64/include/generated/asm/serial.h
  WRAP    arch/arm64/include/generated/asm/softirq_stack.h
  WRAP    arch/arm64/include/generated/asm/switch_to.h
  WRAP    arch/arm64/include/generated/asm/trace_clock.h
  WRAP    arch/arm64/include/generated/asm/unaligned.h
  WRAP    arch/arm64/include/generated/asm/vga.h
  HOSTCC  scripts/dtc/data.o
  UPD     include/generated/uapi/linux/version.h
  UPD     include/config/kernel.release
  HOSTCC  scripts/dtc/livetree.o
  HOSTCC  scripts/dtc/treesource.o
  HOSTCC  scripts/unifdef
  HOSTCC  scripts/dtc/srcpos.o
  DESCEND bpf/resolve_btfids
  MKDIR     /root/kernel_common/out/tools/bpf/resolve_btfids//libbpf
  HOSTCC  /root/kernel_common/out/tools/bpf/resolve_btfids/fixdep.o
  MKDIR     /root/kernel_common/out/tools/bpf/resolve_btfids//libsubcmd
  HOSTCC  scripts/dtc/checks.o
  UPD     include/generated/utsrelease.h
  HOSTCC  scripts/dtc/util.o
  HOSTLD  /root/kernel_common/out/tools/bpf/resolve_btfids/fixdep-in.o
  LINK    /root/kernel_common/out/tools/bpf/resolve_btfids/fixdep
  CC      /root/kernel_common/out/tools/bpf/resolve_btfids/main.o
  CC      /root/kernel_common/out/tools/bpf/resolve_btfids/libsubcmd/exec-cmd.o
  GEN     /root/kernel_common/out/tools/bpf/resolve_btfids/libbpf/bpf_helper_defs.h
  MKDIR   /root/kernel_common/out/tools/bpf/resolve_btfids/libbpf/staticobjs/
  CC      /root/kernel_common/out/tools/bpf/resolve_btfids/libbpf/staticobjs/libbpf.o
  CC      /root/kernel_common/out/tools/bpf/resolve_btfids/libsubcmd/help.o
  CC      /root/kernel_common/out/tools/bpf/resolve_btfids/rbtree.o
  LEX     scripts/dtc/dtc-lexer.lex.c
  YACC    scripts/dtc/dtc-parser.tab.[ch]
  CC      /root/kernel_common/out/tools/bpf/resolve_btfids/libsubcmd/pager.o
  HOSTCC  scripts/dtc/libfdt/fdt.o
  CC      /root/kernel_common/out/tools/bpf/resolve_btfids/zalloc.o
  CC      /root/kernel_common/out/tools/bpf/resolve_btfids/libsubcmd/parse-options.o
  HOSTCC  scripts/dtc/libfdt/fdt_ro.o
  CC      /root/kernel_common/out/tools/bpf/resolve_btfids/string.o
  CC      /root/kernel_common/out/tools/bpf/resolve_btfids/ctype.o
  CC      /root/kernel_common/out/tools/bpf/resolve_btfids/str_error_r.o
  LD      /root/kernel_common/out/tools/bpf/resolve_btfids/resolve_btfids-in.o
  HOSTCC  scripts/dtc/libfdt/fdt_wip.o
  CC      /root/kernel_common/out/tools/bpf/resolve_btfids/libsubcmd/run-command.o
  HDRINST usr/include/video/edid.h
  HOSTCC  scripts/dtc/libfdt/fdt_sw.o
  HDRINST usr/include/video/sisfb.h
  HDRINST usr/include/video/uvesafb.h
  HDRINST usr/include/video/mfc_macros.h
  HDRINST usr/include/drm/i915_drm.h
  HDRINST usr/include/drm/etnaviv_drm.h
  HDRINST usr/include/drm/r128_drm.h
  HDRINST usr/include/drm/tegra_drm.h
  HDRINST usr/include/drm/armada_drm.h
  HDRINST usr/include/drm/i810_drm.h
  HDRINST usr/include/drm/via_drm.h
  CC      /root/kernel_common/out/tools/bpf/resolve_btfids/libsubcmd/sigchain.o
  HDRINST usr/include/drm/panfrost_drm.h
  HDRINST usr/include/drm/drm_mode.h
  HDRINST usr/include/drm/savage_drm.h
  HDRINST usr/include/drm/nouveau_drm.h
  HDRINST usr/include/drm/drm_sarea.h
  HDRINST usr/include/drm/vc4_drm.h
  HOSTCC  scripts/dtc/libfdt/fdt_rw.o
  HDRINST usr/include/drm/lima_drm.h
  HDRINST usr/include/drm/virtgpu_drm.h
  HDRINST usr/include/drm/msm_drm.h
  CC      /root/kernel_common/out/tools/bpf/resolve_btfids/libsubcmd/subcmd-config.o
  HDRINST usr/include/drm/omap_drm.h
  HDRINST usr/include/drm/exynos_drm.h
  HDRINST usr/include/drm/drm_fourcc.h
  LD      /root/kernel_common/out/tools/bpf/resolve_btfids/libsubcmd/libsubcmd-in.o
  HDRINST usr/include/drm/sis_drm.h
  HDRINST usr/include/drm/mga_drm.h
  AR      /root/kernel_common/out/tools/bpf/resolve_btfids/libsubcmd/libsubcmd.a
  HDRINST usr/include/drm/radeon_drm.h
  HDRINST usr/include/drm/v3d_drm.h
  HOSTCC  scripts/dtc/libfdt/fdt_strerror.o
  HDRINST usr/include/drm/vgem_drm.h
  HDRINST usr/include/drm/drm.h
  HDRINST usr/include/drm/vmwgfx_drm.h
  HDRINST usr/include/drm/qxl_drm.h
  HDRINST usr/include/drm/amdgpu_drm.h
  HDRINST usr/include/mtd/ubi-user.h
  CC      /root/kernel_common/out/tools/bpf/resolve_btfids/libbpf/staticobjs/bpf.o
  HDRINST usr/include/mtd/mtd-abi.h
  HOSTCC  scripts/dtc/libfdt/fdt_empty_tree.o
  HDRINST usr/include/mtd/mtd-user.h
  HDRINST usr/include/mtd/nftl-user.h
  HDRINST usr/include/mtd/inftl-user.h
  HDRINST usr/include/xen/privcmd.h
  HDRINST usr/include/xen/gntdev.h
  HDRINST usr/include/xen/gntalloc.h
  HDRINST usr/include/xen/evtchn.h
  HOSTCC  scripts/dtc/libfdt/fdt_addresses.o
  HDRINST usr/include/asm-generic/socket.h
  HDRINST usr/include/asm-generic/kvm_para.h
  HDRINST usr/include/asm-generic/signal.h
  HDRINST usr/include/asm-generic/unistd.h
  HDRINST usr/include/asm-generic/types.h
  HDRINST usr/include/asm-generic/msgbuf.h
  HDRINST usr/include/asm-generic/auxvec.h
  HOSTCC  scripts/dtc/libfdt/fdt_overlay.o
  HDRINST usr/include/asm-generic/int-ll64.h
  HDRINST usr/include/asm-generic/param.h
  HDRINST usr/include/asm-generic/shmbuf.h
  HDRINST usr/include/asm-generic/int-l64.h
  HDRINST usr/include/asm-generic/signal-defs.h
  HDRINST usr/include/asm-generic/ioctl.h
  HDRINST usr/include/asm-generic/fcntl.h
  HDRINST usr/include/asm-generic/stat.h
  HDRINST usr/include/asm-generic/errno.h
  HDRINST usr/include/asm-generic/termbits.h
  HDRINST usr/include/asm-generic/ucontext.h
  HDRINST usr/include/asm-generic/setup.h
  HDRINST usr/include/asm-generic/mman-common.h
  HDRINST usr/include/asm-generic/termios.h
  HDRINST usr/include/asm-generic/poll.h
  HDRINST usr/include/asm-generic/errno-base.h
  HOSTCC  scripts/dtc/fdtoverlay.o
  HDRINST usr/include/asm-generic/siginfo.h
  HDRINST usr/include/asm-generic/resource.h
  HDRINST usr/include/asm-generic/mman.h
  HDRINST usr/include/asm-generic/ipcbuf.h
  HDRINST usr/include/asm-generic/hugetlb_encode.h
  HDRINST usr/include/asm-generic/posix_types.h
  HDRINST usr/include/asm-generic/bpf_perf_event.h
  HDRINST usr/include/asm-generic/sembuf.h
  HDRINST usr/include/asm-generic/swab.h
  HDRINST usr/include/asm-generic/statfs.h
  HDRINST usr/include/asm-generic/sockios.h
  HDRINST usr/include/asm-generic/bitsperlong.h
  HDRINST usr/include/asm-generic/ioctls.h
  HDRINST usr/include/gpu/arm/exynos/mali_exynos_ioctl.h
  HOSTCC  scripts/dtc/dtc-lexer.lex.o
  HDRINST usr/include/gpu/arm/v_r38p1/backend/gpu/mali_kbase_model_dummy.h
  HOSTCC  scripts/dtc/dtc-parser.tab.o
  HDRINST usr/include/gpu/arm/v_r38p1/csf/mali_kbase_csf_ioctl.h
  HDRINST usr/include/gpu/arm/v_r38p1/csf/mali_base_csf_kernel.h
  HDRINST usr/include/gpu/arm/v_r38p1/mali_base_kernel.h
  HDRINST usr/include/gpu/arm/v_r38p1/mali_kbase_ioctl.h
  HDRINST usr/include/gpu/arm/v_r38p1/mali_kbase_kinstr_jm_reader.h
  HDRINST usr/include/gpu/arm/v_r38p1/mali_base_mem_priv.h
  HDRINST usr/include/gpu/arm/v_r38p1/jm/mali_kbase_jm_ioctl.h
  HDRINST usr/include/gpu/arm/v_r38p1/jm/mali_base_jm_kernel.h
  HDRINST usr/include/gpu/arm/v_r38p1/mali_base_common_kernel.h
  HDRINST usr/include/gpu/arm/v_r38p1/gpu/backend/mali_kbase_gpu_regmap_csf.h
  HDRINST usr/include/gpu/arm/v_r38p1/gpu/backend/mali_kbase_gpu_regmap_jm.h
  HDRINST usr/include/gpu/arm/v_r38p1/gpu/mali_kbase_gpu_regmap.h
  HDRINST usr/include/gpu/arm/v_r38p1/gpu/mali_kbase_gpu_coherency.h
  HDRINST usr/include/gpu/arm/v_r38p1/gpu/mali_kbase_gpu_id.h
  HDRINST usr/include/gpu/arm/v_r38p1/mali_kbase_hwcnt_reader.h
  HDRINST usr/include/gpu/arm/bv_r32p1/csf/mali_gpu_csf_registers.h
  HDRINST usr/include/gpu/arm/bv_r32p1/csf/mali_kbase_csf_ioctl.h
  HDRINST usr/include/gpu/arm/bv_r32p1/csf/mali_base_csf_kernel.h
  HDRINST usr/include/gpu/arm/bv_r32p1/csf/mali_gpu_csf_control_registers.h
  HDRINST usr/include/gpu/arm/bv_r32p1/mali_base_kernel.h
  CC      /root/kernel_common/out/tools/bpf/resolve_btfids/libbpf/staticobjs/nlattr.o
  HDRINST usr/include/gpu/arm/bv_r32p1/mali_kbase_ioctl.h
  HDRINST usr/include/gpu/arm/bv_r32p1/mali_kbase_kinstr_jm_reader.h
  HDRINST usr/include/gpu/arm/bv_r32p1/mali_base_mem_priv.h
  HDRINST usr/include/gpu/arm/bv_r32p1/mali_uk.h
  HDRINST usr/include/gpu/arm/bv_r32p1/jm/mali_kbase_jm_ioctl.h
  HDRINST usr/include/gpu/arm/bv_r32p1/jm/mali_base_jm_kernel.h
  HDRINST usr/include/gpu/arm/bv_r32p1/gpu/backend/mali_kbase_gpu_regmap_csf.h
  HDRINST usr/include/gpu/arm/bv_r32p1/gpu/backend/mali_kbase_gpu_regmap_jm.h
  HOSTLD  scripts/dtc/fdtoverlay
  HDRINST usr/include/gpu/arm/bv_r32p1/gpu/mali_kbase_gpu_regmap.h
  HDRINST usr/include/gpu/arm/bv_r32p1/gpu/mali_kbase_gpu_coherency.h
  HDRINST usr/include/gpu/arm/bv_r32p1/gpu/mali_kbase_gpu_id.h
  HDRINST usr/include/gpu/arm/bv_r32p1/mali_kbase_hwcnt_reader.h
  HDRINST usr/include/rdma/rdma_netlink.h
  CC      /root/kernel_common/out/tools/bpf/resolve_btfids/libbpf/staticobjs/btf.o
  HOSTLD  scripts/dtc/dtc
  HDRINST usr/include/rdma/hfi/hfi1_ioctl.h
  HDRINST usr/include/rdma/hfi/hfi1_user.h
  HDRINST usr/include/rdma/cxgb4-abi.h
  HDRINST usr/include/rdma/rdma_user_rxe.h
  HDRINST usr/include/rdma/ib_user_ioctl_verbs.h
  HDRINST usr/include/rdma/mlx4-abi.h
  HOSTCC  scripts/genksyms/genksyms.o
  HDRINST usr/include/rdma/efa-abi.h
  HDRINST usr/include/rdma/ib_user_mad.h
  HDRINST usr/include/rdma/irdma-abi.h
  HDRINST usr/include/rdma/rvt-abi.h
  HDRINST usr/include/rdma/rdma_user_cm.h
  HDRINST usr/include/rdma/bnxt_re-abi.h
  HDRINST usr/include/rdma/ocrdma-abi.h
  HDRINST usr/include/rdma/ib_user_ioctl_cmds.h
  HDRINST usr/include/rdma/ib_user_sa.h
  HDRINST usr/include/rdma/mthca-abi.h
  HDRINST usr/include/rdma/vmw_pvrdma-abi.h
  HDRINST usr/include/rdma/rdma_user_ioctl_cmds.h
  HDRINST usr/include/rdma/ib_user_verbs.h
  HDRINST usr/include/rdma/mlx5_user_ioctl_verbs.h
  HDRINST usr/include/rdma/qedr-abi.h
  HDRINST usr/include/rdma/hns-abi.h
  HDRINST usr/include/rdma/mlx5-abi.h
  HDRINST usr/include/rdma/mlx5_user_ioctl_cmds.h
  HDRINST usr/include/rdma/rdma_user_ioctl.h
  HDRINST usr/include/rdma/siw-abi.h
  HDRINST usr/include/misc/pvpanic.h
  HDRINST usr/include/misc/fastrpc.h
  HDRINST usr/include/misc/xilinx_sdfec.h
  YACC    scripts/genksyms/parse.tab.[ch]
  HDRINST usr/include/misc/ocxl.h
  HDRINST usr/include/misc/habanalabs.h
  HDRINST usr/include/misc/cxl.h
  HDRINST usr/include/misc/uacce/hisi_qm.h
  HDRINST usr/include/misc/uacce/uacce.h
  HDRINST usr/include/linux/android/binderfs.h
  HDRINST usr/include/linux/android/binder.h
  HDRINST usr/include/linux/qnxtypes.h
  HDRINST usr/include/linux/byteorder/little_endian.h
  LEX     scripts/genksyms/lex.lex.c
  HOSTCC  scripts/genksyms/parse.tab.o
  HDRINST usr/include/linux/byteorder/big_endian.h
  HDRINST usr/include/linux/gameport.h
  HDRINST usr/include/linux/perf_event.h
  HDRINST usr/include/linux/serial_reg.h
  HDRINST usr/include/linux/if_plip.h
  HDRINST usr/include/linux/jffs2.h
  HDRINST usr/include/linux/landlock.h
  HDRINST usr/include/linux/hsi/hsi_char.h
  HDRINST usr/include/linux/hsi/cs-protocol.h
  HDRINST usr/include/linux/smc_diag.h
  HDRINST usr/include/linux/isdn/capicmd.h
  HDRINST usr/include/linux/packet_diag.h
  HDRINST usr/include/linux/atmioc.h
  HDRINST usr/include/linux/connector.h
  HDRINST usr/include/linux/kd.h
  HDRINST usr/include/linux/virtio_ids.h
  HDRINST usr/include/linux/socket.h
  HDRINST usr/include/linux/i2o-dev.h
  HDRINST usr/include/linux/elf-fdpic.h
  HOSTCC  scripts/genksyms/lex.lex.o
  HDRINST usr/include/linux/kvm_para.h
  HDRINST usr/include/linux/ioprio.h
  HDRINST usr/include/linux/xattr.h
  HDRINST usr/include/linux/inet_diag.h
  HDRINST usr/include/linux/ultrasound.h
  HDRINST usr/include/linux/securebits.h
  HDRINST usr/include/linux/hash_info.h
  HDRINST usr/include/linux/if_cablemodem.h
  HDRINST usr/include/linux/seg6.h
  HDRINST usr/include/linux/signal.h
  HDRINST usr/include/linux/vduse.h
  HDRINST usr/include/linux/mrp_bridge.h
  HDRINST usr/include/linux/unistd.h
  HDRINST usr/include/linux/selinux_netlink.h
  HDRINST usr/include/linux/virtio_pmem.h
  HDRINST usr/include/linux/types.h
  HDRINST usr/include/linux/rpmsg.h
  HDRINST usr/include/linux/if_bonding.h
  HDRINST usr/include/linux/if_bridge.h
  HDRINST usr/include/linux/mpls_iptunnel.h
  HDRINST usr/include/linux/coff.h
  HDRINST usr/include/linux/um_timetravel.h
  HDRINST usr/include/linux/acct.h
  HDRINST usr/include/linux/rio_cm_cdev.h
  HDRINST usr/include/linux/mroute6.h
  HDRINST usr/include/linux/ipc.h
  HDRINST usr/include/linux/cramfs_fs.h
  HDRINST usr/include/linux/membarrier.h
  HDRINST usr/include/linux/ioam6_iptunnel.h
  HDRINST usr/include/linux/if_infiniband.h
  HDRINST usr/include/linux/watch_queue.h
  HDRINST usr/include/linux/net_dropmon.h
  HDRINST usr/include/linux/cciss_ioctl.h
  HDRINST usr/include/linux/nfs4.h
  HDRINST usr/include/linux/mctp.h
  HDRINST usr/include/linux/rio_mport_cdev.h
  HDRINST usr/include/linux/virtio_vsock.h
  HDRINST usr/include/linux/am437x-vpfe.h
  HDRINST usr/include/linux/kcov.h
  HDRINST usr/include/linux/nbd-netlink.h
  HDRINST usr/include/linux/netfilter.h
  HDRINST usr/include/linux/atmppp.h
  HDRINST usr/include/linux/atalk.h
  HDRINST usr/include/linux/phantom.h
  HDRINST usr/include/linux/wait.h
  HDRINST usr/include/linux/meye.h
  HDRINST usr/include/linux/nilfs2_api.h
  HDRINST usr/include/linux/nfs_fs.h
  HDRINST usr/include/linux/aspeed-p2a-ctrl.h
  HDRINST usr/include/linux/mmc/ioctl.h
  HOSTLD  scripts/genksyms/genksyms
  HDRINST usr/include/linux/memfd.h
  HDRINST usr/include/linux/sunrpc/debug.h
  HDRINST usr/include/linux/mmtimer.h
  HDRINST usr/include/linux/dma-heap.h
  HDRINST usr/include/linux/if_fc.h
  HDRINST usr/include/linux/virtio_snd.h
  HOSTCC  scripts/selinux/genheaders/genheaders
  HDRINST usr/include/linux/dma-buf.h
  HDRINST usr/include/linux/pps.h
  HDRINST usr/include/linux/vm_sockets_diag.h
  HDRINST usr/include/linux/adfs_fs.h
  HDRINST usr/include/linux/ipmi_msgdefs.h
  HDRINST usr/include/linux/bpqether.h
  HDRINST usr/include/linux/mei.h
  HDRINST usr/include/linux/kfd_ioctl.h
  HDRINST usr/include/linux/switchtec_ioctl.h
  HDRINST usr/include/linux/if_tunnel.h
  HDRINST usr/include/linux/cdrom.h
  HDRINST usr/include/linux/videodev2_exynos_camera.h
  HDRINST usr/include/linux/times.h
  HDRINST usr/include/linux/if_phonet.h
  HDRINST usr/include/linux/auxvec.h
  HOSTCC  scripts/selinux/mdp/mdp
  HDRINST usr/include/linux/seg6_iptunnel.h
  HDRINST usr/include/linux/blktrace_api.h
  HDRINST usr/include/linux/quota.h
  HDRINST usr/include/linux/mpls.h
  HDRINST usr/include/linux/omapfb.h
  HDRINST usr/include/linux/virtio_pci.h
  HDRINST usr/include/linux/atmsap.h
  HDRINST usr/include/linux/input.h
  HDRINST usr/include/linux/ax25.h
  HDRINST usr/include/linux/vfio_ccw.h
  HDRINST usr/include/linux/fpga-dfl.h
  HDRINST usr/include/linux/if_ether.h
  HDRINST usr/include/linux/nbd.h
  HDRINST usr/include/linux/if_team.h
  HDRINST usr/include/linux/in6.h
  HOSTCC  scripts/kallsyms
  HDRINST usr/include/linux/netfilter_arp.h
  HDRINST usr/include/linux/xfrm.h
  HDRINST usr/include/linux/vfio.h
  HDRINST usr/include/linux/incrementalfs.h
  HOSTCC  scripts/sorttable
  HDRINST usr/include/linux/gpio.h
  HDRINST usr/include/linux/dlm_device.h
  HDRINST usr/include/linux/dns_resolver.h
  HDRINST usr/include/linux/hyperv.h
  HDRINST usr/include/linux/dlm_plock.h
  HDRINST usr/include/linux/mptcp.h
  HDRINST usr/include/linux/if_x25.h
  HDRINST usr/include/linux/firewire-cdev.h
  HDRINST usr/include/linux/scc.h
  HDRINST usr/include/linux/capi.h
  HDRINST usr/include/linux/media-bus-format.h
  HDRINST usr/include/linux/if_arp.h
  HDRINST usr/include/linux/netfilter_ipv6/ip6t_hl.h
  HDRINST usr/include/linux/netfilter_ipv6/ip6t_ah.h
  HDRINST usr/include/linux/netfilter_ipv6/ip6t_ipv6header.h
  HDRINST usr/include/linux/netfilter_ipv6/ip6t_rt.h
  HDRINST usr/include/linux/netfilter_ipv6/ip6t_HL.h
  HDRINST usr/include/linux/netfilter_ipv6/ip6t_srh.h
  HDRINST usr/include/linux/netfilter_ipv6/ip6_tables.h
  HDRINST usr/include/linux/netfilter_ipv6/ip6t_LOG.h
  HDRINST usr/include/linux/netfilter_ipv6/ip6t_opts.h
  HDRINST usr/include/linux/netfilter_ipv6/ip6t_mh.h
  HOSTCC  scripts/asn1_compiler
  HDRINST usr/include/linux/netfilter_ipv6/ip6t_NPT.h
  HDRINST usr/include/linux/netfilter_ipv6/ip6t_REJECT.h
  CC      /root/kernel_common/out/tools/bpf/resolve_btfids/libbpf/staticobjs/libbpf_errno.o
  HOSTCC  scripts/extract-cert
  HDRINST usr/include/linux/netfilter_ipv6/ip6t_frag.h
  HDRINST usr/include/linux/auto_dev-ioctl.h
  HDRINST usr/include/linux/tiocl.h
  HDRINST usr/include/linux/hsr_netlink.h
  HDRINST usr/include/linux/remoteproc_cdev.h
  HDRINST usr/include/linux/tty_flags.h
  HDRINST usr/include/linux/l2tp.h
  HDRINST usr/include/linux/if_vlan.h
  HDRINST usr/include/linux/cn_proc.h
  HDRINST usr/include/linux/qemu_fw_cfg.h
  CC      /root/kernel_common/out/tools/bpf/resolve_btfids/libbpf/staticobjs/str_error.o
  HDRINST usr/include/linux/radeonfb.h
  HDRINST usr/include/linux/virtio_crypto.h
  HDRINST usr/include/linux/v4l2-common.h
  HDRINST usr/include/linux/genetlink.h
  CC      /root/kernel_common/out/tools/bpf/resolve_btfids/libbpf/staticobjs/netlink.o
  HDRINST usr/include/linux/gsmmux.h
  HDRINST usr/include/linux/ppdev.h
  HDRINST usr/include/linux/if_addr.h
  HDRINST usr/include/linux/atm.h
  HDRINST usr/include/linux/audit.h
  HDRINST usr/include/linux/irqnr.h
  HDRINST usr/include/linux/virtio_ring.h
  HDRINST usr/include/linux/smc.h
  HDRINST usr/include/linux/fdreg.h
  HDRINST usr/include/linux/blkpg.h
  HDRINST usr/include/linux/tee.h
  HDRINST usr/include/linux/if_xdp.h
  CC      /root/kernel_common/out/tools/bpf/resolve_btfids/libbpf/staticobjs/bpf_prog_linfo.o
  HDRINST usr/include/linux/pktcdvd.h
  HDRINST usr/include/linux/ethtool_netlink.h
  HDRINST usr/include/linux/seg6_hmac.h
  CC      /root/kernel_common/out/tools/bpf/resolve_btfids/libbpf/staticobjs/libbpf_probes.o
  HDRINST usr/include/linux/ife.h
  HDRINST usr/include/linux/fd.h
  HDRINST usr/include/linux/ptp_clock.h
  HDRINST usr/include/linux/param.h
  HDRINST usr/include/linux/virtio_input.h
  HDRINST usr/include/linux/gen_stats.h
  HDRINST usr/include/linux/pkt_cls.h
  HDRINST usr/include/linux/omap3isp.h
  HDRINST usr/include/linux/dlmconstants.h
  GEN     arch/arm64/include/generated/asm/cpucaps.h
  HDRINST usr/include/linux/coda.h
  CC      /root/kernel_common/out/tools/bpf/resolve_btfids/libbpf/staticobjs/xsk.o
  HDRINST usr/include/linux/tcp_metrics.h
  HDRINST usr/include/linux/ndctl.h
  HDRINST usr/include/linux/atm_tcp.h
  HDRINST usr/include/linux/netconf.h
  HDRINST usr/include/linux/if_pppox.h
  CC      /root/kernel_common/out/tools/bpf/resolve_btfids/libbpf/staticobjs/hashmap.o
  HDRINST usr/include/linux/serial_core.h
  CC      scripts/mod/empty.o
  HDRINST usr/include/linux/fou.h
  HDRINST usr/include/linux/seccomp.h
  HDRINST usr/include/linux/atm_he.h
  HDRINST usr/include/linux/sctp.h
  HDRINST usr/include/linux/pkt_sched.h
  HDRINST usr/include/linux/utime.h
  HOSTCC  scripts/mod/mk_elfconfig
  HDRINST usr/include/linux/netlink.h
  HDRINST usr/include/linux/virtio_bt.h
  HDRINST usr/include/linux/pfkeyv2.h
  HDRINST usr/include/linux/netlink_diag.h
  HDRINST usr/include/linux/reiserfs_xattr.h
  CC      scripts/mod/devicetable-offsets.s
  HDRINST usr/include/linux/kernel-page-flags.h
  HDRINST usr/include/linux/openvswitch.h
  HDRINST usr/include/linux/bt-bmc.h
  HDRINST usr/include/linux/soundcard.h
  HDRINST usr/include/linux/coresight-stm.h
  HDRINST usr/include/linux/virtio_console.h
  CC      /root/kernel_common/out/tools/bpf/resolve_btfids/libbpf/staticobjs/btf_dump.o
  HDRINST usr/include/linux/cm4000_cs.h
  MKELF   scripts/mod/elfconfig.h
  HDRINST usr/include/linux/fscrypt.h
  UPD     scripts/mod/devicetable-offsets.h
  HOSTCC  scripts/mod/sumversion.o
  HDRINST usr/include/linux/nfsd/debug.h
  HDRINST usr/include/linux/nfsd/nfsfh.h
  HDRINST usr/include/linux/nfsd/export.h
  HDRINST usr/include/linux/nfsd/cld.h
  HDRINST usr/include/linux/nfsd/stats.h
  HDRINST usr/include/linux/dm-ioctl.h
  HDRINST usr/include/linux/ioctl.h
  HDRINST usr/include/linux/in.h
  HDRINST usr/include/linux/fcntl.h
  HDRINST usr/include/linux/i2c-dev.h
  HDRINST usr/include/linux/netfilter_bridge/ebt_nat.h
  HDRINST usr/include/linux/netfilter_bridge/ebt_log.h
  HDRINST usr/include/linux/netfilter_bridge/ebt_limit.h
  CC      /root/kernel_common/out/tools/bpf/resolve_btfids/libbpf/staticobjs/ringbuf.o
  HDRINST usr/include/linux/netfilter_bridge/ebtables.h
  HDRINST usr/include/linux/netfilter_bridge/ebt_nflog.h
  HDRINST usr/include/linux/netfilter_bridge/ebt_redirect.h
  HDRINST usr/include/linux/netfilter_bridge/ebt_stp.h
  HDRINST usr/include/linux/netfilter_bridge/ebt_among.h
  HDRINST usr/include/linux/netfilter_bridge/ebt_arp.h
  HDRINST usr/include/linux/netfilter_bridge/ebt_802_3.h
  HDRINST usr/include/linux/netfilter_bridge/ebt_vlan.h
  HDRINST usr/include/linux/netfilter_bridge/ebt_ip6.h
  HDRINST usr/include/linux/netfilter_bridge/ebt_arpreply.h
  HOSTCC  scripts/mod/modpost.o
  HDRINST usr/include/linux/netfilter_bridge/ebt_pkttype.h
  HDRINST usr/include/linux/netfilter_bridge/ebt_mark_m.h
  HDRINST usr/include/linux/netfilter_bridge/ebt_ip.h
  HDRINST usr/include/linux/netfilter_bridge/ebt_mark_t.h
  HDRINST usr/include/linux/wwan.h
  HDRINST usr/include/linux/btrfs_tree.h
  HDRINST usr/include/linux/limits.h
  HDRINST usr/include/linux/arm_sdei.h
  HDRINST usr/include/linux/v4l2-subdev.h
  HOSTCC  scripts/mod/file2alias.o
  HDRINST usr/include/linux/atmsvc.h
  HDRINST usr/include/linux/oom.h
  HDRINST usr/include/linux/fs.h
  HDRINST usr/include/linux/major.h
  HDRINST usr/include/linux/rpl_iptunnel.h
  HDRINST usr/include/linux/psci.h
  HDRINST usr/include/linux/ip.h
  HDRINST usr/include/linux/route.h
  HDRINST usr/include/linux/vboxguest.h
  HDRINST usr/include/linux/can.h
  HDRINST usr/include/linux/ipmi_bmc.h
  HDRINST usr/include/linux/dccp.h
  HDRINST usr/include/linux/veth.h
  HDRINST usr/include/linux/lwtunnel.h
  HDRINST usr/include/linux/iio/types.h
  HDRINST usr/include/linux/iio/buffer.h
  HDRINST usr/include/linux/iio/events.h
  HDRINST usr/include/linux/virtio_blk.h
  HDRINST usr/include/linux/fiemap.h
  HDRINST usr/include/linux/kcmp.h
  HDRINST usr/include/linux/netdevice.h
  HDRINST usr/include/linux/ipv6_route.h
  HDRINST usr/include/linux/if_link.h
  HDRINST usr/include/linux/bpfilter.h
  HDRINST usr/include/linux/udmabuf.h
  HDRINST usr/include/linux/btrfs.h
  HDRINST usr/include/linux/libc-compat.h
  HDRINST usr/include/linux/baycom.h
  HDRINST usr/include/linux/psample.h
  HDRINST usr/include/linux/nfs4_mount.h
  HDRINST usr/include/linux/atmbr2684.h
  HDRINST usr/include/linux/efs_fs_sb.h
  HDRINST usr/include/linux/stat.h
  CC      /root/kernel_common/out/tools/bpf/resolve_btfids/libbpf/staticobjs/strset.o
  HDRINST usr/include/linux/atmapi.h
  HDRINST usr/include/linux/kdev_t.h
  HDRINST usr/include/linux/fb.h
  HDRINST usr/include/linux/if_addrlabel.h
  HDRINST usr/include/linux/virtio_scsi.h
  HDRINST usr/include/linux/hw_breakpoint.h
  HDRINST usr/include/linux/rpmsg_types.h
  HDRINST usr/include/linux/neighbour.h
  HDRINST usr/include/linux/snmp.h
  HDRINST usr/include/linux/net.h
  CC      /root/kernel_common/out/tools/bpf/resolve_btfids/libbpf/staticobjs/linker.o
  HDRINST usr/include/linux/smiapp.h
  HDRINST usr/include/linux/hdlcdrv.h
  HDRINST usr/include/linux/icmpv6.h
  HDRINST usr/include/linux/uuid.h
  HDRINST usr/include/linux/pci_regs.h
  HDRINST usr/include/linux/videodev2_exynos_media.h
  CC      /root/kernel_common/out/tools/bpf/resolve_btfids/libbpf/staticobjs/gen_loader.o
  HDRINST usr/include/linux/msg.h
  HDRINST usr/include/linux/cfm_bridge.h
  HDRINST usr/include/linux/nexthop.h
  HDRINST usr/include/linux/kvm.h
  HOSTLD  scripts/mod/modpost
  HDRINST usr/include/linux/serial.h
  HDRINST usr/include/linux/cec.h
  HDRINST usr/include/linux/rds.h
  CC      kernel/bounds.s
  HDRINST usr/include/linux/ptrace.h
  HDRINST usr/include/linux/input-event-codes.h
  HDRINST usr/include/linux/mdio.h
  HDRINST usr/include/linux/f2fs.h
  HDRINST usr/include/linux/loop.h
  HDRINST usr/include/linux/bcm933xx_hcs.h
  HDRINST usr/include/linux/batadv_packet.h
  HDRINST usr/include/linux/virtio_fs.h
  HDRINST usr/include/linux/tipc_sockets_diag.h
  HDRINST usr/include/linux/apm_bios.h
  HDRINST usr/include/linux/media.h
  HDRINST usr/include/linux/cyclades.h
  HDRINST usr/include/linux/fib_rules.h
  HDRINST usr/include/linux/nitro_enclaves.h
  HDRINST usr/include/linux/vtpm_proxy.h
  HDRINST usr/include/linux/net_namespace.h
  HDRINST usr/include/linux/reiserfs_fs.h
  HDRINST usr/include/linux/dm-user.h
  HDRINST usr/include/linux/random.h
  HDRINST usr/include/linux/vhost.h
  HDRINST usr/include/linux/module.h
  HDRINST usr/include/linux/vmcore.h
  HDRINST usr/include/linux/ipmi.h
  HDRINST usr/include/linux/errno.h
  UPD     include/generated/timeconst.h
  HDRINST usr/include/linux/vsockmon.h
  UPD     include/generated/bounds.h
  CALL    ../scripts/atomic/check-atomics.sh
  HDRINST usr/include/linux/x25.h
  HDRINST usr/include/linux/i2c.h
  CC      arch/arm64/kernel/asm-offsets.s
  HDRINST usr/include/linux/romfs_fs.h
  HDRINST usr/include/linux/rseq.h
  HDRINST usr/include/linux/if_alg.h
  HDRINST usr/include/linux/sysinfo.h
  HDRINST usr/include/linux/fanotify.h
  HDRINST usr/include/linux/chio.h
  HDRINST usr/include/linux/raid/md_u.h
  HDRINST usr/include/linux/raid/md_p.h
  HDRINST usr/include/linux/hdreg.h
  HDRINST usr/include/linux/virtio_net.h
  HDRINST usr/include/linux/uleds.h
  HDRINST usr/include/linux/netrom.h
  CC      /root/kernel_common/out/tools/bpf/resolve_btfids/libbpf/staticobjs/relo_core.o
  HDRINST usr/include/linux/edd.h
  HDRINST usr/include/linux/if_slip.h
  HDRINST usr/include/linux/xdp_diag.h
  HDRINST usr/include/linux/un.h
  HDRINST usr/include/linux/elf-em.h
  HDRINST usr/include/linux/ncsi.h
  HDRINST usr/include/linux/timex.h
  HDRINST usr/include/linux/atmclip.h
  HDRINST usr/include/linux/nfs2.h
  HDRINST usr/include/linux/keyctl.h
  HDRINST usr/include/linux/falloc.h
  HDRINST usr/include/linux/minix_fs.h
  HDRINST usr/include/linux/kernelcapi.h
  HDRINST usr/include/linux/virtio_scmi.h
  HDRINST usr/include/linux/udp.h
  HDRINST usr/include/linux/android_fuse.h
  HDRINST usr/include/linux/tipc_netlink.h
  HDRINST usr/include/linux/virtio_iommu.h
  HDRINST usr/include/linux/genwqe/genwqe_card.h
  HDRINST usr/include/linux/iommu.h
  HDRINST usr/include/linux/ip_vs.h
  HDRINST usr/include/linux/if_eql.h
  HDRINST usr/include/linux/sonypi.h
  HDRINST usr/include/linux/nvme_ioctl.h
  HDRINST usr/include/linux/vt.h
  HDRINST usr/include/linux/matroxfb.h
  HDRINST usr/include/linux/llc.h
  HDRINST usr/include/linux/pg.h
  HDRINST usr/include/linux/ppp-ioctl.h
  HDRINST usr/include/linux/nl80211-vnd-intel.h
  HDRINST usr/include/linux/if.h
  HDRINST usr/include/linux/vdpa.h
  HDRINST usr/include/linux/usb/charger.h
  HDRINST usr/include/linux/usb/midi.h
  HDRINST usr/include/linux/usb/ch9.h
  HDRINST usr/include/linux/usb/video.h
  HDRINST usr/include/linux/usb/functionfs.h
  HDRINST usr/include/linux/usb/f_accessory.h
  LD      /root/kernel_common/out/tools/bpf/resolve_btfids/libbpf/staticobjs/libbpf-in.o
  HDRINST usr/include/linux/usb/ch11.h
  HDRINST usr/include/linux/usb/raw_gadget.h
  HDRINST usr/include/linux/usb/tmc.h
  HDRINST usr/include/linux/usb/audio.h
  HDRINST usr/include/linux/usb/gadgetfs.h
  LINK    /root/kernel_common/out/tools/bpf/resolve_btfids/libbpf/libbpf.a
  HDRINST usr/include/linux/usb/g_uvc.h
  HDRINST usr/include/linux/usb/cdc-wdm.h
  HDRINST usr/include/linux/usb/g_printer.h
  HDRINST usr/include/linux/usb/cdc.h
  LINK     resolve_btfids
  HDRINST usr/include/linux/elf.h
  HDRINST usr/include/linux/spi/spi.h
  HDRINST usr/include/linux/spi/spidev.h
  HDRINST usr/include/linux/virtio_gpu.h
  HDRINST usr/include/linux/devlink.h
  HDRINST usr/include/linux/firewire-constants.h
  HDRINST usr/include/linux/lirc.h
  HDRINST usr/include/linux/if_pppol2tp.h
  HDRINST usr/include/linux/watchdog.h
  HDRINST usr/include/linux/sock_diag.h
  HDRINST usr/include/linux/time_types.h
  HDRINST usr/include/linux/tipc_config.h
  HDRINST usr/include/linux/nl80211.h
  HDRINST usr/include/linux/affs_hardblocks.h
  HDRINST usr/include/linux/atm_zatm.h
  HDRINST usr/include/linux/nfc.h
  HDRINST usr/include/linux/virtio_mem.h
  HDRINST usr/include/linux/v4l2-dv-timings.h
  HDRINST usr/include/linux/sysctl.h
  HDRINST usr/include/linux/tc_act/tc_nat.h
  HDRINST usr/include/linux/tc_act/tc_ipt.h
  HDRINST usr/include/linux/tc_act/tc_gact.h
  HDRINST usr/include/linux/tc_act/tc_bpf.h
  HDRINST usr/include/linux/tc_act/tc_skbedit.h
  HDRINST usr/include/linux/tc_act/tc_ife.h
  HDRINST usr/include/linux/tc_act/tc_csum.h
  HDRINST usr/include/linux/tc_act/tc_pedit.h
  HDRINST usr/include/linux/tc_act/tc_ct.h
  HDRINST usr/include/linux/tc_act/tc_ctinfo.h
  HDRINST usr/include/linux/tc_act/tc_gate.h
  HDRINST usr/include/linux/tc_act/tc_defact.h
  HDRINST usr/include/linux/tc_act/tc_tunnel_key.h
  HDRINST usr/include/linux/tc_act/tc_connmark.h
  HDRINST usr/include/linux/tc_act/tc_vlan.h
  HDRINST usr/include/linux/tc_act/tc_mirred.h
  HDRINST usr/include/linux/tc_act/tc_skbmod.h
  HDRINST usr/include/linux/tc_act/tc_sample.h
  HDRINST usr/include/linux/tc_act/tc_mpls.h
  HDRINST usr/include/linux/zorro.h
  HDRINST usr/include/linux/suspend_ioctls.h
  HDRINST usr/include/linux/pci.h
  HDRINST usr/include/linux/atmmpc.h
  HDRINST usr/include/linux/i8k.h
  HDRINST usr/include/linux/bpf.h
  HDRINST usr/include/linux/erspan.h
  HDRINST usr/include/linux/fsl_mc.h
  HDRINST usr/include/linux/nfsacl.h
  HDRINST usr/include/linux/dlm.h
  HDRINST usr/include/linux/virtio_config.h
  HDRINST usr/include/linux/cuda.h
  HDRINST usr/include/linux/if_ppp.h
  HDRINST usr/include/linux/icmp.h
  HDRINST usr/include/linux/gfs2_ondisk.h
  HDRINST usr/include/linux/netfilter/xt_physdev.h
  HDRINST usr/include/linux/netfilter/xt_statistic.h
  HDRINST usr/include/linux/netfilter/xt_dccp.h
  HDRINST usr/include/linux/netfilter/xt_limit.h
  HDRINST usr/include/linux/netfilter/xt_bpf.h
  HDRINST usr/include/linux/netfilter/xt_AUDIT.h
  HDRINST usr/include/linux/netfilter/xt_CLASSIFY.h
  HDRINST usr/include/linux/netfilter/xt_esp.h
  HDRINST usr/include/linux/netfilter/xt_ecn.h
  HDRINST usr/include/linux/netfilter/xt_u32.h
  HDRINST usr/include/linux/netfilter/xt_recent.h
  HDRINST usr/include/linux/netfilter/xt_SYNPROXY.h
  HDRINST usr/include/linux/netfilter/xt_LED.h
  HDRINST usr/include/linux/netfilter/xt_NFQUEUE.h
  HDRINST usr/include/linux/netfilter/xt_addrtype.h
  HDRINST usr/include/linux/netfilter/xt_owner.h
  HDRINST usr/include/linux/netfilter/xt_domainfilter.h
  HDRINST usr/include/linux/netfilter/xt_cpu.h
  HDRINST usr/include/linux/netfilter/x_tables.h
  HDRINST usr/include/linux/netfilter/xt_multiport.h
  HDRINST usr/include/linux/netfilter/xt_cluster.h
  HDRINST usr/include/linux/netfilter/xt_RATEEST.h
  HDRINST usr/include/linux/netfilter/xt_conntrack.h
  HDRINST usr/include/linux/netfilter/xt_hashlimit.h
  HDRINST usr/include/linux/netfilter/nfnetlink_queue.h
  HDRINST usr/include/linux/netfilter/nf_conntrack_tuple_common.h
  HDRINST usr/include/linux/netfilter/xt_ipvs.h
  HDRINST usr/include/linux/netfilter/nfnetlink_conntrack.h
  HDRINST usr/include/linux/netfilter/xt_DSCP.h
  HDRINST usr/include/linux/netfilter/xt_cgroup.h
  HDRINST usr/include/linux/netfilter/nfnetlink_log.h
  HDRINST usr/include/linux/netfilter/nfnetlink_compat.h
  HDRINST usr/include/linux/netfilter/xt_TCPMSS.h
  HDRINST usr/include/linux/netfilter/nfnetlink.h
  HDRINST usr/include/linux/netfilter/nf_tables.h
  HDRINST usr/include/linux/netfilter/xt_sctp.h
  HDRINST usr/include/linux/netfilter/nf_tables_compat.h
  HDRINST usr/include/linux/netfilter/xt_CHECKSUM.h
  HDRINST usr/include/linux/netfilter/xt_connlimit.h
  HDRINST usr/include/linux/netfilter/xt_TEE.h
  HDRINST usr/include/linux/netfilter/xt_osf.h
  HDRINST usr/include/linux/netfilter/xt_NFLOG.h
  HDRINST usr/include/linux/netfilter/xt_SECMARK.h
  HDRINST usr/include/linux/netfilter/xt_length.h
  HDRINST usr/include/linux/netfilter/xt_mac.h
  HDRINST usr/include/linux/netfilter/xt_HMARK.h
  HDRINST usr/include/linux/netfilter/xt_rateest.h
  HDRINST usr/include/linux/netfilter/nfnetlink_hook.h
  HDRINST usr/include/linux/netfilter/xt_connlabel.h
  HDRINST usr/include/linux/netfilter/nfnetlink_cttimeout.h
  HDRINST usr/include/linux/netfilter/xt_CONNMARK.h
  HDRINST usr/include/linux/netfilter/xt_dscp.h
  HDRINST usr/include/linux/netfilter/xt_socket.h
  HDRINST usr/include/linux/netfilter/xt_MARK.h
  HDRINST usr/include/linux/netfilter/nf_nat.h
  HDRINST usr/include/linux/netfilter/nf_log.h
  HDRINST usr/include/linux/netfilter/xt_set.h
  HDRINST usr/include/linux/netfilter/nfnetlink_osf.h
  HDRINST usr/include/linux/netfilter/xt_comment.h
  HDRINST usr/include/linux/netfilter/xt_IDLETIMER.h
  HDRINST usr/include/linux/netfilter/nf_conntrack_common.h
  HDRINST usr/include/linux/netfilter/xt_CT.h
  HDRINST usr/include/linux/netfilter/xt_rpfilter.h
  HDRINST usr/include/linux/netfilter/xt_nfacct.h
  HDRINST usr/include/linux/netfilter/xt_CONNSECMARK.h
  HDRINST usr/include/linux/netfilter/nf_conntrack_ftp.h
  HDRINST usr/include/linux/netfilter/xt_string.h
  HDRINST usr/include/linux/netfilter/xt_LOG.h
  HDRINST usr/include/linux/netfilter/xt_connmark.h
  HDRINST usr/include/linux/netfilter/xt_time.h
  HDRINST usr/include/linux/netfilter/xt_iprange.h
  HDRINST usr/include/linux/netfilter/xt_policy.h
  HDRINST usr/include/linux/netfilter/nfnetlink_acct.h
  HDRINST usr/include/linux/netfilter/xt_realm.h
  HDRINST usr/include/linux/netfilter/nf_conntrack_tcp.h
  HDRINST usr/include/linux/netfilter/xt_ipcomp.h
  HDRINST usr/include/linux/netfilter/xt_devgroup.h
  HDRINST usr/include/linux/netfilter/xt_state.h
  HDRINST usr/include/linux/netfilter/xt_TCPOPTSTRIP.h
  HDRINST usr/include/linux/netfilter/xt_helper.h
  HDRINST usr/include/linux/netfilter/xt_tcpmss.h
  HDRINST usr/include/linux/netfilter/xt_mark.h
  HDRINST usr/include/linux/netfilter/xt_quota.h
  HDRINST usr/include/linux/netfilter/xt_pkttype.h
  HDRINST usr/include/linux/netfilter/ipset/ip_set_hash.h
  HDRINST usr/include/linux/netfilter/ipset/ip_set_bitmap.h
  HDRINST usr/include/linux/netfilter/ipset/ip_set_list.h
  HDRINST usr/include/linux/netfilter/ipset/ip_set.h
  HDRINST usr/include/linux/netfilter/xt_l2tp.h
  HDRINST usr/include/linux/netfilter/nf_conntrack_sctp.h
  HDRINST usr/include/linux/netfilter/xt_tcpudp.h
  HDRINST usr/include/linux/netfilter/xt_connbytes.h
  HDRINST usr/include/linux/netfilter/xt_TPROXY.h
  HDRINST usr/include/linux/netfilter/nf_synproxy.h
  HDRINST usr/include/linux/netfilter/nfnetlink_cthelper.h
  HDRINST usr/include/linux/termios.h
  HDRINST usr/include/linux/poll.h
  HDRINST usr/include/linux/fsi.h
  HDRINST usr/include/linux/openat2.h
  HDRINST usr/include/linux/adb.h
  HDRINST usr/include/linux/virtio_i2c.h
  HDRINST usr/include/linux/vfio_zdev.h
  HDRINST usr/include/linux/fsmap.h
  HDRINST usr/include/linux/tc_ematch/tc_em_cmp.h
  HDRINST usr/include/linux/tc_ematch/tc_em_meta.h
  HDRINST usr/include/linux/tc_ematch/tc_em_ipt.h
  HDRINST usr/include/linux/tc_ematch/tc_em_text.h
  HDRINST usr/include/linux/tc_ematch/tc_em_nbyte.h
  HDRINST usr/include/linux/dqblk_xfs.h
  HDRINST usr/include/linux/if_hippi.h
  HDRINST usr/include/linux/capability.h
  HDRINST usr/include/linux/shm.h
  HDRINST usr/include/linux/nvram.h
  HDRINST usr/include/linux/virtio_gpio.h
  HDRINST usr/include/linux/userfaultfd.h
  HDRINST usr/include/linux/prctl.h
  HDRINST usr/include/linux/ioam6.h
  HDRINST usr/include/linux/netfilter_bridge.h
  HDRINST usr/include/linux/cxl_mem.h
  HDRINST usr/include/linux/timerfd.h
  HDRINST usr/include/linux/nfs3.h
  HDRINST usr/include/linux/pidfd.h
  HDRINST usr/include/linux/serio.h
  HDRINST usr/include/linux/iso_fs.h
  HDRINST usr/include/linux/parport.h
  HDRINST usr/include/linux/fsverity.h
  HDRINST usr/include/linux/kexec.h
  HDRINST usr/include/linux/btf.h
  HDRINST usr/include/linux/bfs_fs.h
  HDRINST usr/include/linux/rkisp1-config.h
  HDRINST usr/include/linux/auto_fs.h
  HDRINST usr/include/linux/virtio_9p.h
  HDRINST usr/include/linux/sed-opal.h
  HDRINST usr/include/linux/ivtvfb.h
  HDRINST usr/include/linux/gtp.h
  HDRINST usr/include/linux/utsname.h
  HDRINST usr/include/linux/atmdev.h
  HDRINST usr/include/linux/vbox_err.h
  HDRINST usr/include/linux/time.h
  HDRINST usr/include/linux/netfilter_ipv6.h
  HDRINST usr/include/linux/cgroupstats.h
  HDRINST usr/include/linux/isst_if.h
  HDRINST usr/include/linux/virtio_mmio.h
  HDRINST usr/include/linux/thermal.h
  HDRINST usr/include/linux/cec-funcs.h
  HDRINST usr/include/linux/sem.h
  HDRINST usr/include/linux/keyboard.h
  HDRINST usr/include/linux/nubus.h
  HDRINST usr/include/linux/uhid.h
  HDRINST usr/include/linux/can/isotp.h
  HDRINST usr/include/linux/can/error.h
  HDRINST usr/include/linux/can/vxcan.h
  HDRINST usr/include/linux/can/raw.h
  HDRINST usr/include/linux/can/netlink.h
  HDRINST usr/include/linux/can/gw.h
  HDRINST usr/include/linux/can/j1939.h
  HDRINST usr/include/linux/can/bcm.h
  HDRINST usr/include/linux/hiddev.h
  HDRINST usr/include/linux/filter.h
  HDRINST usr/include/linux/if_packet.h
  HDRINST usr/include/linux/dm-log-userspace.h
  HDRINST usr/include/linux/magic.h
  HDRINST usr/include/linux/posix_acl.h
  HDRINST usr/include/linux/ioam6_genl.h
  HDRINST usr/include/linux/mqueue.h
  HDRINST usr/include/linux/v4l2-controls.h
  HDRINST usr/include/linux/agpgart.h
  HDRINST usr/include/linux/sched.h
  HDRINST usr/include/linux/map_to_7segment.h
  HDRINST usr/include/linux/if_tun.h
  HDRINST usr/include/linux/inotify.h
  HDRINST usr/include/linux/bpf_common.h
  HDRINST usr/include/linux/vbox_vmmdev_types.h
  HDRINST usr/include/linux/if_fddi.h
  HDRINST usr/include/linux/wmi.h
  HDRINST usr/include/linux/udf_fs_i.h
  HDRINST usr/include/linux/ppp-comp.h
  HDRINST usr/include/linux/unix_diag.h
  HDRINST usr/include/linux/nilfs2_ondisk.h
  HDRINST usr/include/linux/signalfd.h
  HDRINST usr/include/linux/mii.h
  HDRINST usr/include/linux/errqueue.h
  HDRINST usr/include/linux/pr.h
  HDRINST usr/include/linux/stddef.h
  HDRINST usr/include/linux/cryptouser.h
  HDRINST usr/include/linux/ip6_tunnel.h
  HDRINST usr/include/linux/mtio.h
  HDRINST usr/include/linux/eventpoll.h
  HDRINST usr/include/linux/in_route.h
  HDRINST usr/include/linux/uinput.h
  HDRINST usr/include/linux/resource.h
  HDRINST usr/include/linux/vhost_types.h
  HDRINST usr/include/linux/mman.h
  HDRINST usr/include/linux/dcbnl.h
  HDRINST usr/include/linux/const.h
  HDRINST usr/include/linux/if_arcnet.h
  HDRINST usr/include/linux/fsl_hypervisor.h
  HDRINST usr/include/linux/surface_aggregator/cdev.h
  UPD     include/generated/asm-offsets.h
  HDRINST usr/include/linux/surface_aggregator/dtx.h
  CALL    ../scripts/checksyscalls.sh
  HDRINST usr/include/linux/ila.h
  HDRINST usr/include/linux/synclink.h
  HDRINST usr/include/linux/sched/types.h
  HDRINST usr/include/linux/rose.h
  HDRINST usr/include/linux/sync_file.h
  HDRINST usr/include/linux/igmp.h
  HDRINST usr/include/linux/pcitest.h
  HDRINST usr/include/linux/wireless.h
  HDRINST usr/include/linux/wireguard.h
  HDRINST usr/include/linux/if_macsec.h
  HDRINST usr/include/linux/cycx_cfm.h
  HDRINST usr/include/linux/screen_info.h
  HDRINST usr/include/linux/nfs_mount.h
  HDRINST usr/include/linux/binfmts.h
  HDRINST usr/include/linux/virtio_types.h
  HDRINST usr/include/linux/if_ltalk.h
  HDRINST usr/include/linux/ivtv.h
  LDS     arch/arm64/kernel/vdso/vdso.lds
  HDRINST usr/include/linux/fadvise.h
  CC      arch/arm64/kernel/vdso/vgettimeofday.o
  AS      arch/arm64/kernel/vdso/note.o
  HDRINST usr/include/linux/virtio_rng.h
  HDRINST usr/include/linux/uio.h
  HDRINST usr/include/linux/videodev2.h
  AS      arch/arm64/kernel/vdso/sigreturn.o
  HDRINST usr/include/linux/usbdevice_fs.h
  HDRINST usr/include/linux/tls.h
  HDRINST usr/include/linux/aspeed-lpc-ctrl.h
  HDRINST usr/include/linux/atmarp.h
  HDRINST usr/include/linux/bsg.h
  HDRINST usr/include/linux/lp.h
  HDRINST usr/include/linux/mempolicy.h
  HDRINST usr/include/linux/ccs.h
  HDRINST usr/include/linux/sound.h
  HDRINST usr/include/linux/qrtr.h
  HDRINST usr/include/linux/posix_types.h
  HDRINST usr/include/linux/virtio_balloon.h
  HDRINST usr/include/linux/posix_acl_xattr.h
  HDRINST usr/include/linux/atm_idt77105.h
  HDRINST usr/include/linux/xilinx-v4l2-controls.h
  HDRINST usr/include/linux/joystick.h
  HDRINST usr/include/linux/auto_fs4.h
  HDRINST usr/include/linux/tipc.h
  HDRINST usr/include/linux/netfilter_ipv4/ip_tables.h
  HDRINST usr/include/linux/netfilter_ipv4/ipt_CLUSTERIP.h
  LD      arch/arm64/kernel/vdso/vdso.so.dbg
  HDRINST usr/include/linux/netfilter_ipv4/ipt_TTL.h
  HDRINST usr/include/linux/netfilter_ipv4/ipt_LOG.h
  HDRINST usr/include/linux/netfilter_ipv4/ipt_ttl.h
  HDRINST usr/include/linux/netfilter_ipv4/ipt_ecn.h
  HDRINST usr/include/linux/netfilter_ipv4/ipt_ah.h
  HDRINST usr/include/linux/netfilter_ipv4/ipt_REJECT.h
  HDRINST usr/include/linux/netfilter_ipv4/ipt_ECN.h
  HDRINST usr/include/linux/hdlc.h
  HDRINST usr/include/linux/atm_eni.h
  HDRINST usr/include/linux/atmlec.h
  HDRINST usr/include/linux/msdos_fs.h
  HDRINST usr/include/linux/virtio_pcidev.h
  HDRINST usr/include/linux/batman_adv.h
  HDRINST usr/include/linux/bpf_perf_event.h
  HDRINST usr/include/linux/scif_ioctl.h
  HDRINST usr/include/linux/userio.h
  HDRINST usr/include/linux/ppp_defs.h
  HDRINST usr/include/linux/io_uring.h
  VDSOSYM include/generated/vdso-offsets.h
  HDRINST usr/include/linux/aio_abi.h
  HDRINST usr/include/linux/toshiba.h
  OBJCOPY arch/arm64/kernel/vdso/vdso.so
  HDRINST usr/include/linux/acrn.h
  HDRINST usr/include/linux/rtc.h
  HDRINST usr/include/linux/tty.h
  HDRINST usr/include/linux/misc/bcm_vk.h
  HDRINST usr/include/linux/net_tstamp.h
  HDRINST usr/include/linux/seg6_genl.h
  HDRINST usr/include/linux/netfilter_arp/arpt_mangle.h
  HDRINST usr/include/linux/netfilter_arp/arp_tables.h
  HDRINST usr/include/linux/hpet.h
  HDRINST usr/include/linux/tcp.h
  HDRINST usr/include/linux/hid.h
  HDRINST usr/include/linux/stm.h
  HDRINST usr/include/linux/hidraw.h
  HDRINST usr/include/linux/futex.h
  HDRINST usr/include/linux/ipsec.h
  HDRINST usr/include/linux/qnx4_fs.h
  HDRINST usr/include/linux/blkzoned.h
  HDRINST usr/include/linux/nfs_idmap.h
  HDRINST usr/include/linux/dvb/ca.h
  HDRINST usr/include/linux/dvb/net.h
  HDRINST usr/include/linux/dvb/video.h
  HDRINST usr/include/linux/dvb/osd.h
  HDRINST usr/include/linux/dvb/version.h
  HDRINST usr/include/linux/dvb/audio.h
  HDRINST usr/include/linux/dvb/dmx.h
  HDRINST usr/include/linux/dvb/frontend.h
  HDRINST usr/include/linux/personality.h
  HDRINST usr/include/linux/mount.h
  HDRINST usr/include/linux/vm_sockets.h
  HDRINST usr/include/linux/rtnetlink.h
  HDRINST usr/include/linux/v4l2-mediabus.h
  HDRINST usr/include/linux/hdlc/ioctl.h
  HDRINST usr/include/linux/dlm_netlink.h
  HDRINST usr/include/linux/fuse.h
  HDRINST usr/include/linux/close_range.h
  HDRINST usr/include/linux/taskstats.h
  HDRINST usr/include/linux/pmu.h
  HDRINST usr/include/linux/cifs/cifs_netlink.h
  HDRINST usr/include/linux/cifs/cifs_mount.h
  HDRINST usr/include/linux/swab.h
  HDRINST usr/include/linux/string.h
  HDRINST usr/include/linux/sockios.h
  HDRINST usr/include/linux/cciss_defs.h
  HDRINST usr/include/linux/ipv6.h
  HDRINST usr/include/linux/mroute.h
  HDRINST usr/include/linux/ethtool.h
  HDRINST usr/include/linux/psp-sev.h
  HDRINST usr/include/linux/uvcvideo.h
  HDRINST usr/include/linux/seg6_local.h
  HDRINST usr/include/linux/nfs.h
  HDRINST usr/include/linux/caif/if_caif.h
  HDRINST usr/include/linux/caif/caif_socket.h
  HDRINST usr/include/linux/rfkill.h
  HDRINST usr/include/linux/phonet.h
  HDRINST usr/include/linux/usbip.h
  HDRINST usr/include/linux/netfilter_ipv4.h
  HDRINST usr/include/linux/max2175.h
  HDRINST usr/include/linux/rpl.h
  HDRINST usr/include/linux/rxrpc.h
  HDRINST usr/include/linux/atm_nicstar.h
  HDRINST usr/include/linux/zorro_ids.h
  HDRINST usr/include/linux/patchkey.h
  HDRINST usr/include/linux/kcm.h
  HDRINST usr/include/linux/target_core_user.h
  HDRINST usr/include/linux/kernel.h
  HDRINST usr/include/linux/reboot.h
  HDRINST usr/include/linux/nsfs.h
  HDRINST usr/include/linux/sonet.h
  HDRINST usr/include/linux/arcfb.h
  HDRINST usr/include/linux/idxd.h
  HDRINST usr/include/sound/usb_stream.h
  HDRINST usr/include/sound/sof/header.h
  HDRINST usr/include/sound/sof/abi.h
  HDRINST usr/include/sound/sof/fw.h
  HDRINST usr/include/sound/sof/tokens.h
  HDRINST usr/include/sound/exynos/sounddev_abox.h
  HDRINST usr/include/sound/exynos/sounddev_vts.h
  HDRINST usr/include/sound/emu10k1.h
  HDRINST usr/include/sound/asound.h
  HDRINST usr/include/sound/firewire.h
  HDRINST usr/include/sound/hdspm.h
  HDRINST usr/include/sound/sfnt_info.h
  HDRINST usr/include/sound/snd_sst_tokens.h
  HDRINST usr/include/sound/tlv.h
  HDRINST usr/include/sound/compress_offload.h
  HDRINST usr/include/sound/asequencer.h
  HDRINST usr/include/sound/asoc.h
  HDRINST usr/include/sound/compress_params.h
  HDRINST usr/include/sound/hdsp.h
  HDRINST usr/include/sound/skl-tplg-interface.h
  HDRINST usr/include/sound/asound_fm.h
  HDRINST usr/include/sound/sb16_csp.h
  HDRINST usr/include/scsi/scsi_netlink_fc.h
  HDRINST usr/include/scsi/scsi_bsg_fc.h
  HDRINST usr/include/scsi/fc/fc_ns.h
  HDRINST usr/include/scsi/fc/fc_fs.h
  HDRINST usr/include/scsi/fc/fc_gs.h
  HDRINST usr/include/scsi/fc/fc_els.h
  HDRINST usr/include/scsi/cxlflash_ioctl.h
  HDRINST usr/include/scsi/scsi_bsg_ufs.h
  HDRINST usr/include/scsi/scsi_netlink.h
  HDRINST usr/include/linux/version.h
  HDRINST usr/include/asm/sigcontext.h
  HDRINST usr/include/asm/perf_regs.h
  HDRINST usr/include/asm/signal.h
  HDRINST usr/include/asm/unistd.h
  HDRINST usr/include/asm/sve_context.h
  HDRINST usr/include/asm/auxvec.h
  HDRINST usr/include/asm/byteorder.h
  HDRINST usr/include/asm/hwcap.h
  HDRINST usr/include/asm/param.h
  LDS     arch/arm64/kernel/vdso32/vdso.lds
  CC32    arch/arm64/kernel/vdso32/note.o
  CC32    arch/arm64/kernel/vdso32/vgettimeofday.o
  HDRINST usr/include/asm/fcntl.h
  HDRINST usr/include/asm/kvm.h
  HDRINST usr/include/asm/ptrace.h
  HDRINST usr/include/asm/ucontext.h
  HDRINST usr/include/asm/setup.h
  HOSTCC  arch/arm64/kernel/vdso32/../../../arm/vdso/vdsomunge
  HDRINST usr/include/asm/mman.h
  HDRINST usr/include/asm/posix_types.h
  HDRINST usr/include/asm/bpf_perf_event.h
  HDRINST usr/include/asm/statfs.h
  HDRINST usr/include/asm/bitsperlong.h
  HDRINST usr/include/asm/socket.h
  HDRINST usr/include/asm/kvm_para.h
  HDRINST usr/include/asm/types.h
  HDRINST usr/include/asm/msgbuf.h
  HDRINST usr/include/asm/shmbuf.h
  HDRINST usr/include/asm/ioctl.h
  HDRINST usr/include/asm/stat.h
  HDRINST usr/include/asm/errno.h
  HDRINST usr/include/asm/termbits.h
  HDRINST usr/include/asm/termios.h
  HDRINST usr/include/asm/poll.h
  HDRINST usr/include/asm/siginfo.h
  HDRINST usr/include/asm/resource.h
  HDRINST usr/include/asm/ipcbuf.h
  HDRINST usr/include/asm/sembuf.h
  HDRINST usr/include/asm/swab.h
  HDRINST usr/include/asm/sockios.h
  HDRINST usr/include/asm/ioctls.h
  LD32    arch/arm64/kernel/vdso32/vdso.so.raw
  MUNGE   arch/arm64/kernel/vdso32/vdso.so.dbg
  VDSOSYM include/generated/vdso32-offsets.h
  OBJCOPY arch/arm64/kernel/vdso32/vdso.so
make[1]: Leaving directory '/root/kernel_common/out'
make[1]: Entering directory '/root/kernel_common/out'
  GEN     Makefile
  DESCEND bpf/resolve_btfids
  DTC     arch/arm64/boot/dts/exynos/s5e8535.dtb
  DTC     arch/arm64/boot/dts/samsung/a14x/a14x_eur_open_w00_r04.dtbo
  CALL    ../scripts/atomic/check-atomics.sh
  CALL    ../scripts/checksyscalls.sh
  DTC     arch/arm64/boot/dts/samsung/a14x/a14x_eur_open_w00_r05.dtbo
  DTC     arch/arm64/boot/dts/samsung/a14x/a14x_eur_open_w00_r00.dtbo
  DTC     arch/arm64/boot/dts/samsung/a14x/a14x_eur_open_w00_r06.dtbo
  DTC     arch/arm64/boot/dts/samsung/a14x/a14x_eur_open_w00_r02.dtbo
  DTC     arch/arm64/boot/dts/samsung/a14x/a14x_eur_open_w00_r03.dtbo
  DTC     arch/arm64/boot/dts/samsung/a14x/a14x_eur_open_w00_r01.dtbo
  CC      init/main.o
  CHK     include/generated/compile.h
  UPD     include/generated/compile.h
  DTC     arch/arm64/boot/dts/samsung/m14x/m14x_eur_open_w00_r03.dtbo
  CC      init/do_mounts.o
  HOSTCC  usr/gen_init_cpio
  GEN     usr/initramfs_data.cpio
  SHIPPED usr/initramfs_inc_data
  AS      usr/initramfs_data.o
  AR      usr/built-in.a
  DTC     arch/arm64/boot/dts/samsung/m14x/m14x_eur_open_w00_r00.dtbo
  CC      init/do_mounts_rd.o
  DTC     arch/arm64/boot/dts/samsung/m14x/m14x_eur_open_w00_r01.dtbo
  DTC     arch/arm64/boot/dts/exynos/board/erd/s5e8535-erd8535_r1f.dtbo
  DTC     arch/arm64/boot/dts/exynos/board/erd/s5e8535-erd8535.dtbo
  DTC     arch/arm64/boot/dts/exynos/board/erd/s5e8835-erd8835.dtbo
  CC      arch/arm64/kernel/probes/kprobes.o
  CC      arch/arm64/mm/dma-mapping.o
  CC      arch/arm64/kernel/probes/decode-insn.o
  CC      init/do_mounts_initrd.o
  AS      arch/arm64/kernel/head.o
  CC      arch/arm64/mm/extable.o
  CC      arch/arm64/net/bpf_jit_comp.o
  AS      arch/arm64/kernel/probes/kprobes_trampoline.o
  CC      arch/arm64/mm/fault.o
  CC      arch/arm64/kernel/probes/simulate-insn.o
  CC      init/initramfs.o
  CC      arch/arm64/kernel/probes/uprobes.o
  AR      arch/arm64/net/built-in.a
  CC [M]  kernel/sched/ems/main.o
  CC      arch/arm64/mm/init.o
  AR      arch/arm64/kernel/probes/built-in.a
  LDS     arch/arm64/kernel/vmlinux.lds
  CC      init/calibrate.o
  CC      arch/arm64/kernel/debug-monitors.o
  CC      init/init_task.o
  AS      arch/arm64/kernel/entry.o
  AS      arch/arm64/mm/cache.o
  CC      arch/arm64/kernel/irq.o
  CC      arch/arm64/mm/copypage.o
  CC      init/version.o
  CC      arch/arm64/kernel/fpsimd.o
  AR      init/built-in.a
  CC      kernel/locking/mutex.o
  CC [M]  kernel/sched/ems/core.o
  CC      arch/arm64/mm/flush.o
  CC      arch/arm64/kernel/entry-common.o
  CC      kernel/locking/semaphore.o
  CC      arch/arm64/mm/ioremap.o
  CC [M]  kernel/sched/ems/energy_table.o
  AS      arch/arm64/kernel/entry-fpsimd.o
  CC      arch/arm64/kernel/process.o
  CC      arch/arm64/mm/mem_encrypt.o
  CC      kernel/locking/rwsem.o
  CC      arch/arm64/mm/mmap.o
  CC      kernel/locking/percpu-rwsem.o
  CC      arch/arm64/kernel/ptrace.o
  CC      arch/arm64/mm/pgd.o
  CC [M]  kernel/sched/ems/multi_load.o
  CC      kernel/locking/spinlock.o
  CC      arch/arm64/mm/mmu.o
  CC      arch/arm64/kernel/setup.o
  CC      kernel/locking/osq_lock.o
  CC [M]  kernel/sched/ems/ontime.o
  CC      kernel/locking/qspinlock.o
  CC      arch/arm64/kernel/signal.o
  CC      arch/arm64/mm/context.o
  CC      kernel/locking/rtmutex_api.o
  CC [M]  kernel/sched/ems/sparing.o
  CC      arch/arm64/kernel/sys.o
  AS      arch/arm64/mm/proc.o
  CC      kernel/locking/qrwlock.o
  CC      arch/arm64/mm/pageattr.o
  CC      arch/arm64/kernel/stacktrace.o
  AR      kernel/locking/built-in.a
  CC      kernel/sched/core.o
  CC      arch/arm64/mm/trans_pgd.o
  CC [M]  kernel/sched/ems/ecs.o
  CC      arch/arm64/kernel/time.o
  CC      arch/arm64/mm/mteswap.o
  CC      arch/arm64/kernel/traps.o
  CC      arch/arm64/mm/kasan_init.o
  CC [M]  kernel/sched/ems/ecs_dynamic.o
  CC      arch/arm64/kernel/io.o
  AR      arch/arm64/mm/built-in.a
  CC      arch/arm64/kvm/hyp/vhe/timer-sr.o
  CC      arch/arm64/kernel/vdso.o
  CC      arch/arm64/kvm/iommu/s2mpu.o
  CC      arch/arm64/kvm/hyp/vhe/sysreg-sr.o
  CC [M]  kernel/sched/ems/freqboost.o
  AS      arch/arm64/kernel/hyp-stub.o
  CC      arch/arm64/kernel/psci.o
  CC      arch/arm64/kvm/hyp/vhe/debug-sr.o
  CC      arch/arm64/kernel/cpu_ops.o
  AR      arch/arm64/kvm/iommu/built-in.a
  CC      kernel/power/qos.o
  CC [M]  kernel/sched/ems/hook.o
  CC      arch/arm64/kernel/return_address.o
  CC      arch/arm64/kvm/hyp/vhe/switch.o
  CC      kernel/power/main.o
  CC      arch/arm64/kernel/cpuinfo.o
  CC      arch/arm64/kvm/hyp/vhe/tlb.o
  CC [M]  kernel/sched/ems/sysbusy.o
  CC      arch/arm64/kernel/cpu_errata.o
  CC      kernel/power/process.o
  CC      arch/arm64/kvm/hyp/vhe/../vgic-v3-sr.o
  CC      arch/arm64/kernel/cpufeature.o
  CC      kernel/power/suspend.o
  CC      arch/arm64/kvm/hyp/vhe/../aarch32.o
  CC [M]  kernel/sched/ems/frt.o
  CC      arch/arm64/kernel/alternative.o
  CC      arch/arm64/kvm/hyp/vhe/../vgic-v2-cpuif-proxy.o
  CC      arch/arm64/kernel/cacheinfo.o
  CC      kernel/power/hibernate.o
  CC [M]  kernel/sched/ems/profile.o
  AS      arch/arm64/kvm/hyp/vhe/../entry.o
  AS      arch/arm64/kvm/hyp/vhe/../fpsimd.o
  AS      arch/arm64/kvm/hyp/vhe/../hyp-entry.o
  CC      arch/arm64/kernel/smp.o
  CC      arch/arm64/kvm/hyp/vhe/../exception.o
  CC      kernel/power/snapshot.o
  AR      arch/arm64/kvm/hyp/vhe/built-in.a
  CC      arch/arm64/kvm/hyp/nvhe/timer-sr.nvhe.o
  CC [M]  kernel/sched/ems/freq_variant.o
  CC      arch/arm64/kernel/smp_spin_table.o
  CC      arch/arm64/kvm/hyp/nvhe/sysreg-sr.nvhe.o
  CC      arch/arm64/kernel/topology.o
  CC      kernel/power/swap.o
  CC      arch/arm64/kvm/hyp/nvhe/debug-sr.nvhe.o
  AS      arch/arm64/kernel/smccc-call.o
  CC [M]  kernel/sched/ems/ego.o
  CC      arch/arm64/kernel/syscall.o
  CC      arch/arm64/kvm/hyp/nvhe/switch.nvhe.o
  CC      kernel/power/user.o
  CC      arch/arm64/kernel/proton-pack.o
  CC [M]  kernel/sched/ems/cpufreq.o
  CC      arch/arm64/kvm/hyp/nvhe/tlb.nvhe.o
  CC      kernel/power/wakelock.o
  CC      arch/arm64/kernel/idreg-override.o
  AS      arch/arm64/kvm/hyp/nvhe/hyp-init.nvhe.o
  AS      arch/arm64/kvm/hyp/nvhe/host.nvhe.o
  CC      arch/arm64/kvm/hyp/nvhe/hyp-main.nvhe.o
  CC      kernel/power/poweroff.o
  CC      arch/arm64/kernel/idle.o
  CC [M]  kernel/sched/ems/balance.o
  CC      kernel/power/wakeup_reason.o
  CC      arch/arm64/kernel/patching.o
  CC      arch/arm64/kvm/hyp/nvhe/hyp-smp.nvhe.o
  CC      arch/arm64/kernel/sys32.o
  CC      kernel/power/energy_model.o
  CC [M]  kernel/sched/ems/gsc.o
  CC      arch/arm64/kvm/hyp/nvhe/psci-relay.nvhe.o
  CC      arch/arm64/kernel/signal32.o
  CC      arch/arm64/kvm/hyp/nvhe/early_alloc.nvhe.o
  AR      kernel/power/built-in.a
  CC      certs/system_keyring.o
  CC [M]  kernel/sched/ems/tune.o
  CC      arch/arm64/kernel/sys_compat.o
  EXTRACT_CERTS   
  CC      certs/common.o
  CC      arch/arm64/kvm/hyp/nvhe/stub.nvhe.o
  AS      certs/system_certificates.o
  CC      arch/arm64/kvm/hyp/nvhe/page_alloc.nvhe.o
  AR      certs/built-in.a
  CC      arch/arm64/crypto/sha1-ce-glue.o
  AS      arch/arm64/kernel/sigreturn32.o
  AS      arch/arm64/kernel/kuser32.o
  CC      arch/arm64/kernel/module.o
  AS      arch/arm64/crypto/sha1-ce-core.o
  CC      arch/arm64/crypto/sha2-ce-glue.o
  AS      arch/arm64/kvm/hyp/nvhe/cache.nvhe.o
  CC      arch/arm64/kvm/hyp/nvhe/ffa.nvhe.o
  CC      arch/arm64/kernel/module-plts.o
  AS      arch/arm64/crypto/sha2-ce-core.o
  CC      arch/arm64/crypto/sha512-ce-glue.o
  CC [M]  kernel/sched/ems/halo.o
  CC      arch/arm64/kvm/hyp/nvhe/setup.nvhe.o
  AS      arch/arm64/crypto/sha512-ce-core.o
  CC      arch/arm64/kernel/perf_regs.o
  CC      arch/arm64/crypto/ghash-ce-glue.o
  CC      arch/arm64/kvm/hyp/nvhe/mm.nvhe.o
  CC      arch/arm64/kernel/perf_callchain.o
  AS      arch/arm64/crypto/ghash-ce-core.o
  AS      arch/arm64/crypto/aes-ce-core.o
  CC      arch/arm64/crypto/aes-ce-glue.o
  AR [M]  kernel/sched/ems/ems.o
  LTO [M] kernel/sched/ems/ems.lto.o
  CC      arch/arm64/kvm/hyp/nvhe/mem_protect.nvhe.o
  CC      arch/arm64/kernel/perf_event.o
  CC      arch/arm64/crypto/aes-glue-ce.o
  CC      arch/arm64/kernel/hw_breakpoint.o
  AS      arch/arm64/crypto/aes-ce.o
  CC      arch/arm64/crypto/sha256-glue.o
  CC      arch/arm64/kvm/hyp/nvhe/sys_regs.nvhe.o
  CC      kernel/sched/loadavg.o
  AS      arch/arm64/kernel/sleep.o
  CC      arch/arm64/kernel/suspend.o
  PERLASM arch/arm64/crypto/sha256-core.S
  CC      arch/arm64/crypto/sha512-glue.o
  CC      arch/arm64/kvm/hyp/nvhe/pkvm.nvhe.o
  CC      arch/arm64/kernel/cpuidle.o
  PERLASM arch/arm64/crypto/sha512-core.S
  AS      arch/arm64/crypto/chacha-neon-core.o
  CC      kernel/sched/clock.o
  CC      arch/arm64/crypto/chacha-neon-glue.o
  CC      arch/arm64/kernel/jump_label.o
  CC      arch/arm64/kvm/hyp/nvhe/iommu.nvhe.o
  CC      arch/arm64/kernel/efi.o
  PERLASM arch/arm64/crypto/poly1305-core.S
  CC      arch/arm64/crypto/poly1305-glue.o
  CC      kernel/sched/cputime.o
  CC      arch/arm64/kvm/hyp/nvhe/../vgic-v3-sr.nvhe.o
  AS      arch/arm64/kernel/efi-entry.o
  AS      arch/arm64/crypto/sha256-core.o
  AS      arch/arm64/kernel/efi-rt-wrapper.o
  AS      arch/arm64/crypto/sha512-core.o
  CC      arch/arm64/kernel/pci.o
  AS      arch/arm64/crypto/poly1305-core.o
  AR      arch/arm64/crypto/built-in.a
  CC      arch/arm64/kvm/hyp/pgtable.o
  CC      arch/arm64/kernel/armv8_deprecated.o
  CC      arch/arm64/kvm/hyp/nvhe/../aarch32.nvhe.o
  CC      arch/arm64/kvm/hyp-constants.s
  CC      kernel/sched/idle.o
  CC      arch/arm64/kernel/paravirt.o
  CC      arch/arm64/kvm/hyp/nvhe/../vgic-v2-cpuif-proxy.nvhe.o
  CC      kernel/printk/printk.o
  CC      arch/arm64/kernel/kaslr.o
  AS      arch/arm64/kvm/hyp/nvhe/../entry.nvhe.o
  AS      arch/arm64/kvm/hyp/nvhe/../fpsimd.nvhe.o
  AS      arch/arm64/kvm/hyp/nvhe/../hyp-entry.nvhe.o
  CC      arch/arm64/kvm/hyp/nvhe/../exception.nvhe.o
  CC      arch/arm64/kernel/hibernate.o
  CC      kernel/sched/fair.o
  CC      kernel/printk/printk_safe.o
  CC      arch/arm64/kvm/hyp/nvhe/../pgtable.nvhe.o
  AS      arch/arm64/kernel/hibernate-asm.o
  CC      arch/arm64/kernel/elfcore.o
  CC      kernel/printk/printk_ringbuffer.o
  AS      arch/arm64/kvm/hyp/nvhe/../../../lib/clear_page.nvhe.o
  AS      arch/arm64/kvm/hyp/nvhe/../../../lib/copy_page.nvhe.o
  AS      arch/arm64/kvm/hyp/nvhe/../../../lib/memcpy.nvhe.o
  CC      arch/arm64/kernel/pointer_auth.o
  AS      arch/arm64/kvm/hyp/nvhe/../../../lib/memset.nvhe.o
  CC      arch/arm64/kvm/hyp/nvhe/iommu/s2mpu.nvhe.o
  AR      kernel/printk/built-in.a
  CC      mm/sec_mm/sec_mm_init.o
  CC      arch/arm64/kernel/mte.o
  CC      mm/sec_mm/lowfile_detect.o
  CC      kernel/sched/rt.o
  LDS     arch/arm64/kvm/hyp/nvhe/hyp.lds
  HOSTCC  arch/arm64/kvm/hyp/nvhe/gen-hyprel
  LD      arch/arm64/kvm/hyp/nvhe/kvm_nvhe.tmp.o
  CC      mm/sec_mm/panic_handler.o
  AS      arch/arm64/kernel/vdso-wrap.o
  CC      mm/sec_mm/dump_tasks.o
  AS      arch/arm64/kernel/vdso32-wrap.o
  OBJCOPY arch/arm64/kernel/efi-entry.stub.o
  HYPREL  arch/arm64/kvm/hyp/nvhe/hyp-reloc.S
  AS      arch/arm64/kvm/hyp/nvhe/hyp-reloc.o
  AR      arch/arm64/kernel/built-in.a
  LD      arch/arm64/kvm/hyp/nvhe/kvm_nvhe.rel.o
  HYPCOPY arch/arm64/kvm/hyp/nvhe/kvm_nvhe.o
  AR      fs/notify/dnotify/built-in.a
  AR      arch/arm64/kvm/hyp/nvhe/built-in.a
  CC      fs/notify/inotify/inotify_fsnotify.o
  AR      arch/arm64/kvm/hyp/built-in.a
  UPD     arch/arm64/kvm/hyp_constants.h
  CC      arch/arm64/kvm/../../../virt/kvm/kvm_main.o
  AR      mm/sec_mm/built-in.a
  CC      fs/notify/inotify/inotify_user.o
  CC      mm/kasan/common.o
  CC      kernel/sched/deadline.o
  AR      fs/notify/inotify/built-in.a
  AR      fs/notify/fanotify/built-in.a
  CC      fs/notify/fsnotify.o
  CC      mm/kasan/report.o
  CC      arch/arm64/kvm/../../../virt/kvm/coalesced_mmio.o
  CC      fs/notify/notification.o
  CC      kernel/sched/wait.o
  CC      mm/kasan/hw_tags.o
  CC      arch/arm64/kvm/../../../virt/kvm/eventfd.o
  CC      fs/notify/group.o
  CC      mm/kasan/report_hw_tags.o
  CC      kernel/sched/wait_bit.o
  CC      arch/arm64/kvm/../../../virt/kvm/vfio.o
  CC      fs/notify/mark.o
  CC      mm/kasan/tags.o
  CC      arch/arm64/kvm/../../../virt/kvm/irqchip.o
  CC      fs/notify/fdinfo.o
  CC      mm/kasan/report_tags.o
  CC      kernel/sched/swait.o
  CC      arch/arm64/kvm/../../../virt/kvm/binary_stats.o
  AR      fs/notify/built-in.a
  CC      fs/crypto/crypto.o
  AR      mm/kasan/built-in.a
  CC      mm/kfence/core.o
  CC      arch/arm64/kvm/iommu.o
  CC      kernel/sched/completion.o
  CC      fs/crypto/fname.o
  CC      mm/kfence/report.o
  CC      arch/arm64/kvm/arm.o
  AR      mm/kfence/built-in.a
  CC      mm/damon/core.o
  CC      fs/crypto/hkdf.o
  CC      kernel/sched/cpupri.o
  CC      fs/crypto/hooks.o
  CC      mm/damon/prmtv-common.o
  CC      arch/arm64/kvm/mmu.o
  CC      mm/damon/paddr.o
  CC      kernel/sched/cpudeadline.o
  CC      fs/crypto/keyring.o
  CC      arch/arm64/kvm/mmio.o
  CC      mm/damon/reclaim.o
  CC      kernel/sched/topology.o
  CC      fs/crypto/keysetup.o
  CC      arch/arm64/kvm/psci.o
  AR      mm/damon/built-in.a
  CC      mm/filemap.o
  CC      fs/crypto/keysetup_v1.o
  CC      arch/arm64/kvm/perf.o
  CC      kernel/sched/stop_task.o
  CC      fs/crypto/policy.o
  CC      arch/arm64/kvm/hypercalls.o
  CC      mm/mempool.o
  CC      kernel/sched/pelt.o
  CC      arch/arm64/kvm/pvtime.o
  CC      fs/crypto/bio.o
  CC      mm/oom_kill.o
  CC      arch/arm64/kvm/inject_fault.o
  CC      fs/crypto/inline_crypt.o
  CC      kernel/sched/stats.o
  CC      arch/arm64/kvm/va_layout.o
  AR      fs/crypto/built-in.a
  CC      fs/verity/enable.o
  CC      mm/fadvise.o
  CC      kernel/sched/debug.o
  CC      arch/arm64/kvm/handle_exit.o
  CC      arch/arm64/kvm/guest.o
  CC      mm/maccess.o
  CC      fs/verity/hash_algs.o
  CC      fs/verity/init.o
  CC      kernel/sched/cpuacct.o
  CC      mm/page-writeback.o
  CC      arch/arm64/kvm/debug.o
  CC      fs/verity/measure.o
  CC      arch/arm64/kvm/reset.o
  CC      kernel/sched/cpufreq.o
  CC      fs/verity/open.o
  CC      fs/verity/read_metadata.o
  CC      mm/readahead.o
  CC      arch/arm64/kvm/sys_regs.o
  CC      kernel/sched/cpufreq_schedutil.o
  CC      fs/verity/verify.o
  CC      arch/arm64/kvm/vgic-sys-reg-v3.o
  CC      mm/swap.o
  CC      arch/arm64/kvm/fpsimd.o
  CC      fs/verity/signature.o
  CC      kernel/sched/membarrier.o
  AR      fs/verity/built-in.a
  CC      arch/arm64/kvm/pmu.o
  CC      fs/iomap/trace.o
  CC      mm/truncate.o
  CC      kernel/sched/isolation.o
  CC      arch/arm64/kvm/pkvm.o
  CC      fs/iomap/buffered-io.o
  CC      arch/arm64/kvm/arch_timer.o
  CC      mm/vmscan.o
  CC      kernel/sched/psi.o
  CC      fs/iomap/direct-io.o
  CC      arch/arm64/kvm/trng.o
  CC      arch/arm64/kvm/vgic/vgic.o
  CC      fs/iomap/fiemap.o
  CC      kernel/sched/vendor_hooks.o
  CC      arch/arm64/kvm/vgic/vgic-init.o
  CC      fs/iomap/iter.o
  CC      mm/shmem.o
  CC      fs/iomap/seek.o
  CC      arch/arm64/kvm/vgic/vgic-irqfd.o
  AR      kernel/sched/built-in.a
  CC      kernel/irq/irqdesc.o
  CC      fs/iomap/swapfile.o
  CC      arch/arm64/kvm/vgic/vgic-v2.o
  CC      mm/util.o
  CC      kernel/irq/handle.o
  CC      arch/arm64/kvm/vgic/vgic-v3.o
  AR      fs/iomap/built-in.a
  CC      fs/quota/dquot.o
  CC      kernel/irq/manage.o
  CC      arch/arm64/kvm/vgic/vgic-v4.o
  CC      mm/mmzone.o
  CC      kernel/irq/spurious.o
  CC      fs/quota/quota_v2.o
  CC      mm/vmstat.o
  CC      arch/arm64/kvm/vgic/vgic-mmio.o
  CC      fs/quota/quota_tree.o
  CC      kernel/irq/resend.o
  CC      arch/arm64/kvm/vgic/vgic-mmio-v2.o
  CC      kernel/irq/chip.o
  CC      fs/quota/quota.o
  CC      mm/backing-dev.o
  CC      arch/arm64/kvm/vgic/vgic-mmio-v3.o
  CC      fs/quota/kqid.o
  CC      kernel/irq/dummychip.o
  CC      arch/arm64/kvm/vgic/vgic-kvm-device.o
  AR      fs/quota/built-in.a
  CC      kernel/irq/devres.o
  CC      fs/proc/task_mmu.o
  CC      mm/mm_init.o
  CC      arch/arm64/kvm/vgic/vgic-its.o
  CC      kernel/irq/generic-chip.o
  CC      fs/proc/inode.o
  CC      mm/percpu.o
  CC      kernel/irq/autoprobe.o
  CC      arch/arm64/kvm/vgic/vgic-debug.o
  CC      fs/proc/root.o
  CC      kernel/irq/irqdomain.o
  CC      fs/proc/base.o
  CC      arch/arm64/kvm/pmu-emul.o
  CC      mm/slab_common.o
  CC      kernel/irq/proc.o
  CC      fs/proc/generic.o
  AR      arch/arm64/kvm/built-in.a
  AR      arch/arm64/built-in.a
  CC      ipc/compat.o
  CC      kernel/irq/cpuhotplug.o
  CC      fs/proc/array.o
  CC      ipc/util.o
  CC      kernel/irq/pm.o
  CC      mm/compaction.o
  CC      fs/proc/fd.o
  CC      ipc/msgutil.o
  CC      kernel/irq/msi.o
  CC      fs/proc/proc_tty.o
  CC      ipc/msg.o
  CC      fs/proc/cmdline.o
  CC      mm/vmacache.o
  CC      kernel/irq/ipi.o
  CC      ipc/sem.o
  CC      fs/proc/consoles.o
  CC      mm/interval_tree.o
  CC      kernel/irq/affinity.o
  CC      fs/proc/cpuinfo.o
  CC      ipc/shm.o
  AR      kernel/irq/built-in.a
  CC      kernel/rcu/update.o
  CC      fs/proc/devices.o
  CC      mm/list_lru.o
  CC      fs/proc/interrupts.o
  CC      ipc/syscall.o
  CC      fs/proc/loadavg.o
  CC      mm/workingset.o
  CC      ipc/ipc_sysctl.o
  CC      kernel/rcu/sync.o
  CC      fs/proc/meminfo.o
  CC      kernel/rcu/srcutree.o
  CC      ipc/mqueue.o
  CC      mm/debug.o
  CC      fs/proc/stat.o
  CC      kernel/rcu/tree.o
  CC      ipc/namespace.o
  CC      fs/proc/uptime.o
  CC      mm/gup.o
  CC      ipc/mq_sysctl.o
  CC      fs/proc/util.o
  AR      ipc/built-in.a
  CC      security/keys/gc.o
  CC      fs/proc/version.o
  CC      security/keys/key.o
  CC      fs/proc/softirqs.o
  CC      mm/mmap_lock.o
  CC      fs/proc/namespaces.o
  CC      kernel/rcu/rcu_segcblist.o
  CC      security/keys/keyring.o
  AR      kernel/rcu/built-in.a
  AR      kernel/livepatch/built-in.a
  CC      kernel/dma/mapping.o
  CC      fs/proc/self.o
  CC      mm/pgsize_migration.o
  CC      fs/proc/thread_self.o
  CC      security/keys/keyctl.o
  CC      kernel/dma/direct.o
  CC      mm/highmem.o
  CC      fs/proc/fslog.o
  CC      security/keys/permission.o
  CC      kernel/dma/ops_helpers.o
  CC      mm/memory.o
  CC      fs/proc/proc_sysctl.o
  CC      security/keys/process_keys.o
  CC      kernel/dma/dummy.o
  CC      kernel/dma/contiguous.o
  CC      fs/proc/proc_net.o
  CC      security/keys/request_key.o
  CC      kernel/dma/coherent.o
  CC      mm/mincore.o
  CC      fs/proc/kmsg.o
  CC      kernel/dma/swiotlb.o
  CC      security/keys/request_key_auth.o
  CC      fs/proc/page.o
  CC      mm/mlock.o
  CC      security/keys/user_defined.o
  CC      kernel/dma/pool.o
  CC      fs/proc/bootconfig.o
  CC      security/keys/compat.o
  CC      kernel/dma/remap.o
  CC      mm/mmap.o
  AR      fs/proc/built-in.a
  CC      fs/kernfs/mount.o
  AR      kernel/dma/built-in.a
  CC      security/keys/proc.o
  CC      kernel/entry/kvm.o
  CC      fs/kernfs/inode.o
  CC      security/keys/sysctl.o
  CC      fs/kernfs/dir.o
  CC      mm/mmu_gather.o
  CC      security/keys/keyctl_pkey.o
  AR      kernel/entry/built-in.a
  CC      kernel/time/time.o
  AR      security/keys/built-in.a
  GEN     security/selinux/flask.h security/selinux/av_permissions.h
  CC      security/selinux/avc.o
  CC      mm/mprotect.o
  CC      fs/kernfs/file.o
  CC      kernel/time/timer.o
  CC      security/selinux/hooks.o
  CC      fs/kernfs/symlink.o
  CC      mm/mremap.o
  AR      fs/kernfs/built-in.a
  CC      fs/sysfs/file.o
  CC      kernel/time/hrtimer.o
  CC      mm/msync.o
  CC      fs/sysfs/dir.o
  CC      security/selinux/selinuxfs.o
  CC      mm/page_vma_mapped.o
  CC      kernel/time/timekeeping.o
  CC      fs/sysfs/symlink.o
  CC      mm/pagewalk.o
  CC      security/selinux/netlink.o
  CC      fs/sysfs/mount.o
  CC      kernel/time/ntp.o
  CC      security/selinux/nlmsgtab.o
  CC      fs/sysfs/group.o
  CC      mm/pgtable-generic.o
  CC      kernel/time/clocksource.o
  AR      fs/sysfs/built-in.a
  CC      fs/configfs/inode.o
  CC      kernel/time/jiffies.o
  CC      security/selinux/netif.o
  CC      mm/rmap.o
  CC      fs/configfs/file.o
  CC      kernel/time/timer_list.o
  CC      security/selinux/netnode.o
  CC      fs/configfs/dir.o
  CC      kernel/time/timeconv.o
  CC      mm/vmalloc.o
  CC      kernel/time/timecounter.o
  CC      fs/configfs/symlink.o
  CC      kernel/time/alarmtimer.o
  CC      security/selinux/netport.o
  CC      fs/configfs/mount.o
  CC      mm/process_vm_access.o
  CC      kernel/time/posix-timers.o
  CC      fs/configfs/item.o
  CC      security/selinux/status.o
  CC      mm/page_alloc.o
  AR      fs/configfs/built-in.a
  CC      fs/devpts/inode.o
  CC      kernel/time/posix-cpu-timers.o
  CC      security/selinux/ss/ebitmap.o
  AR      fs/devpts/built-in.a
  CC      fs/ext4/balloc.o
  CC      kernel/time/posix-clock.o
  CC      security/selinux/ss/hashtab.o
  CC      kernel/time/itimer.o
  CC      fs/ext4/bitmap.o
  CC      mm/shuffle.o
  CC      security/selinux/ss/symtab.o
  CC      security/selinux/ss/sidtab.o
  CC      mm/init-mm.o
  CC      kernel/time/clockevents.o
  CC      fs/ext4/block_validity.o
  CC      mm/memblock.o
  CC      security/selinux/ss/avtab.o
  CC      kernel/time/tick-common.o
  CC      fs/ext4/dir.o
  CC      mm/memory_hotplug.o
  CC      fs/ext4/ext4_jbd2.o
  CC      security/selinux/ss/policydb.o
  CC      kernel/time/tick-broadcast.o
  CC      fs/ext4/extents.o
  CC      kernel/time/tick-broadcast-hrtimer.o
  CC      security/selinux/ss/services.o
  CC      mm/madvise.o
  CC      kernel/time/sched_clock.o
  CC      kernel/time/tick-oneshot.o
  CC      fs/ext4/extents_status.o
  CC      security/selinux/ss/conditional.o
  CC      mm/page_io.o
  CC      kernel/time/tick-sched.o
  CC      mm/swap_state.o
  CC      security/selinux/ss/mls.o
  CC      fs/ext4/file.o
  CC      kernel/time/vsyscall.o
  CC      mm/swapfile.o
  CC      kernel/time/timekeeping_debug.o
  CC      security/selinux/ss/context.o
  CC      fs/ext4/fsmap.o
  CC      kernel/time/namespace.o
  CC      security/selinux/vendor_hooks.o
  CC      fs/ext4/fsync.o
  AR      kernel/time/built-in.a
  CC      kernel/futex/core.o
  CC      mm/swap_slots.o
  AR      security/selinux/built-in.a
  CC      security/integrity/iint.o
  CC      fs/ext4/hash.o
  CC      mm/dmapool.o
  AR      kernel/futex/built-in.a
  CC      kernel/cgroup/cgroup.o
  CC      security/integrity/integrity_audit.o
  CC      fs/ext4/ialloc.o
  CC      mm/sparse.o
  CC      security/integrity/digsig.o
  CC      security/integrity/digsig_asymmetric.o
  CC      mm/sparse-vmemmap.o
  AR      security/integrity/built-in.a
  CC      fs/ext4/indirect.o
  CC      security/kzt/kzt_main.o
  CC      security/kzt/kzt_ioctl.o
  CC      kernel/cgroup/rstat.o
  CC      mm/mmu_notifier.o
  CC      security/kzt/kzt_offset.o
  CC      fs/ext4/inline.o
  CC      kernel/cgroup/namespace.o
  CC      mm/slub.o
  AR      security/kzt/built-in.a
../security/samsung/defex_lsm/Makefile:29: [DEFEX] INTEGRITY_ENABLE
../security/samsung/defex_lsm/Makefile:155: [DEFEX] DEBUG_ENABLE
  AR      security/samsung/defex_lsm/built-in.a
  AR      security/samsung/proca/built-in.a
  CC      security/samsung/proca/gaf/gaf_v6.o
  CC      kernel/cgroup/cgroup-v1.o
  CC      fs/ext4/inode.o
  AR      security/samsung/proca/gaf/built-in.a
MZ kernel makefile lego $CONFIG_MEMORY_ZEROISATION is []
  AR      security/samsung/mz/built-in.a
  AR      security/samsung/five/built-in.a
  AR      security/samsung/mz_tee_driver/built-in.a
  CC      security/commoncap.o
  CC      kernel/cgroup/freezer.o
  CC      security/min_addr.o
  CC      mm/migrate.o
  CC      fs/ext4/ioctl.o
  CC      kernel/cgroup/legacy_freezer.o
  CC      security/security.o
  CC      kernel/cgroup/pids.o
  CC      fs/ext4/mballoc.o
  CC      mm/huge_memory.o
  CC      kernel/cgroup/cpuset.o
  CC      security/inode.o
  CC      security/lsm_audit.o
  CC      fs/ext4/migrate.o
  AR      kernel/cgroup/built-in.a
  CC      kernel/trace/trace_clock.o
  CC      mm/khugepaged.o
  CC      security/device_cgroup.o
  CC      fs/ext4/mmp.o
  CC      kernel/trace/ring_buffer.o
  CC      mm/page_counter.o
  CC      fs/ext4/move_extent.o
  AR      security/built-in.a
  CC      fs/jbd2/transaction.o
  CC      mm/memcontrol.o
  CC      kernel/trace/trace.o
  CC      fs/ext4/namei.o
  CC      fs/jbd2/commit.o
  CC      fs/ext4/page-io.o
  CC      kernel/trace/trace_output.o
  CC      fs/jbd2/recovery.o
  CC      mm/vmpressure.o
  CC      fs/ext4/readpage.o
  CC      fs/jbd2/checkpoint.o
  CC      kernel/trace/trace_seq.o
  CC      mm/swap_cgroup.o
  CC      kernel/trace/trace_stat.o
  CC      fs/ext4/resize.o
  CC      fs/jbd2/revoke.o
  CC      kernel/trace/trace_printk.o
  CC      mm/page_pinner.o
  CC      fs/jbd2/journal.o
  CC      fs/ext4/super.o
  CC      kernel/trace/pid_list.o
  CC      mm/cleancache.o
  CC      kernel/trace/tracing_map.o
  CC      mm/page_isolation.o
  AR      fs/jbd2/built-in.a
  CC      fs/ramfs/inode.o
  CC      kernel/trace/trace_sched_switch.o
  CC      mm/early_ioremap.o
  CC      fs/ramfs/file-mmu.o
  CC      mm/cma.o
  CC      fs/ext4/symlink.o
  CC      kernel/trace/trace_nop.o
  AR      fs/ramfs/built-in.a
  CC      fs/fat/cache.o
  CC      kernel/trace/blktrace.o
  CC      fs/ext4/sysfs.o
  CC      fs/fat/dir.o
  CC      mm/hpa.o
  CC      fs/ext4/xattr.o
  CC      kernel/trace/trace_events.o
  CC      fs/fat/fatent.o
  CC      mm/balloon_compaction.o
  CC      fs/ext4/xattr_hurd.o
  CC      fs/fat/file.o
  CC      mm/page_ext.o
  CC      kernel/trace/trace_export.o
  CC      fs/ext4/xattr_trusted.o
  CC      kernel/trace/trace_event_perf.o
  CC      mm/cma_debug.o
  CC      fs/fat/inode.o
  CC      fs/ext4/xattr_user.o
  CC      mm/userfaultfd.o
  CC      kernel/trace/trace_events_filter.o
  CC      fs/ext4/fast_commit.o
  CC      fs/fat/misc.o
  CC      mm/usercopy.o
  CC      kernel/trace/trace_events_trigger.o
  CC      fs/fat/nfs.o
  CC      fs/ext4/orphan.o
  CC      mm/memfd.o
  CC      fs/fat/namei_vfat.o
  CC      fs/ext4/acl.o
  CC      kernel/trace/trace_eprobe.o
  CC      mm/page_reporting.o
  CC      fs/fat/namei_msdos.o
  CC      fs/ext4/xattr_security.o
  CC      kernel/trace/trace_events_synth.o
  AR      fs/fat/built-in.a
  CC      kernel/bpf/core.o
  CC      mm/io_record.o
  CC      fs/ext4/verity.o
  CC      kernel/trace/trace_events_hist.o
  CC [M]  mm/zsmalloc.o
  AR      fs/ext4/built-in.a
  CC      fs/sdfat/sdfat.o
  CC      kernel/bpf/syscall.o
  CC      kernel/trace/bpf_trace.o
  CC      fs/sdfat/core.o
  LTO [M] mm/zsmalloc.lto.o
  AR      mm/built-in.a
  CC      kernel/events/core.o
  CC      fs/sdfat/core_fat.o
  CC      kernel/bpf/verifier.o
  CC      kernel/trace/trace_kprobe.o
  CC      fs/sdfat/core_exfat.o
  CC      fs/sdfat/api.o
  CC      kernel/trace/error_report-traces.o
  CC      kernel/events/ring_buffer.o
  CC      fs/sdfat/blkdev.o
  CC      kernel/trace/power-traces.o
  CC      kernel/bpf/inode.o
  CC      fs/sdfat/fatent.o
  CC      kernel/events/callchain.o
  CC      kernel/trace/rpm-traces.o
  CC      fs/sdfat/amap_smart.o
  CC      kernel/events/hw_breakpoint.o
  CC      kernel/bpf/helpers.o
  CC      fs/sdfat/cache.o
  CC      kernel/trace/trace_dynevent.o
  CC      kernel/events/uprobes.o
  CC      kernel/bpf/tnum.o
  CC      fs/sdfat/dfr.o
  CC      kernel/bpf/bpf_iter.o
  CC      kernel/trace/trace_probe.o
  CC      fs/sdfat/nls.o
  CC      kernel/bpf/map_iter.o
  AR      kernel/events/built-in.a
  CC      fs/exfat/inode.o
  CC      kernel/trace/trace_uprobe.o
  CC      fs/sdfat/misc.o
  CC      fs/exfat/namei.o
  CC      kernel/bpf/task_iter.o
  CC      fs/sdfat/mpage.o
  AR      kernel/trace/built-in.a
  CC      kernel/fork.o
  CC      fs/exfat/dir.o
  CC      kernel/bpf/prog_iter.o
  CC      fs/sdfat/extent.o
  CC      fs/exfat/super.o
  CC      fs/sdfat/statistics.o
  CC      kernel/bpf/hashtab.o
  CC      fs/exfat/fatent.o
  AR      fs/sdfat/built-in.a
  CC      fs/exportfs/expfs.o
  CC      fs/exfat/cache.o
  CC      crypto/asymmetric_keys/asymmetric_type.o
  AR      fs/exportfs/built-in.a
  CC      kernel/bpf/arraymap.o
  CC      fs/exfat/nls.o
  CC      kernel/exec_domain.o
  CC      crypto/asymmetric_keys/restrict.o
  CC      block/partitions/core.o
  CC      fs/exfat/misc.o
  CC      kernel/bpf/percpu_freelist.o
  CC      crypto/asymmetric_keys/signature.o
  CC      kernel/bpf/bpf_lru_list.o
  CC      fs/exfat/file.o
  CC      kernel/bpf/lpm_trie.o
  CC      crypto/asymmetric_keys/public_key.o
  CC      block/partitions/msdos.o
  CC      fs/exfat/balloc.o
  CC      block/partitions/efi.o
  ASN.1   crypto/asymmetric_keys/x509.asn1.[ch]
  ASN.1   crypto/asymmetric_keys/x509_akid.asn1.[ch]
  CC      crypto/asymmetric_keys/x509_public_key.o
  CC      kernel/bpf/map_in_map.o
  AR      fs/exfat/built-in.a
  CC      fs/nls/nls_base.o
  ASN.1   crypto/asymmetric_keys/pkcs7.asn1.[ch]
  CC      crypto/asymmetric_keys/pkcs7_trust.o
  CC      kernel/bpf/local_storage.o
  AR      block/partitions/built-in.a
  CC      block/bdev.o
  CC      crypto/asymmetric_keys/pkcs7_verify.o
  CC      fs/nls/nls_cp437.o
  CC      kernel/bpf/queue_stack_maps.o
  CC      crypto/asymmetric_keys/x509.asn1.o
  CC      fs/nls/nls_cp737.o
  CC      crypto/asymmetric_keys/x509_akid.asn1.o
  CC      crypto/asymmetric_keys/x509_cert_parser.o
  CC      block/fops.o
  CC      kernel/bpf/ringbuf.o
  CC      fs/nls/nls_cp775.o
  CC      crypto/asymmetric_keys/pkcs7.asn1.o
  CC      crypto/asymmetric_keys/pkcs7_parser.o
  CC      block/bio.o
  CC      fs/nls/nls_cp850.o
  CC      kernel/bpf/bpf_local_storage.o
  AR      crypto/asymmetric_keys/built-in.a
  CC      crypto/api.o
  CC      fs/nls/nls_cp852.o
  CC      fs/nls/nls_cp855.o
  CC      crypto/cipher.o
  CC      block/elevator.o
  CC      kernel/bpf/bpf_task_storage.o
  CC      fs/nls/nls_cp857.o
  CC      crypto/compress.o
  CC      fs/nls/nls_cp860.o
  CC      kernel/bpf/disasm.o
  CC      block/blk-core.o
  CC      fs/nls/nls_cp861.o
  CC      crypto/crypto_engine.o
  CC      kernel/bpf/trampoline.o
  CC      fs/nls/nls_cp862.o
  CC      crypto/algapi.o
  CC      fs/nls/nls_cp863.o
  CC      kernel/bpf/btf.o
  CC      fs/nls/nls_cp864.o
  CC      block/blk-sysfs.o
  CC      fs/nls/nls_cp865.o
  CC      crypto/scatterwalk.o
  CC      fs/nls/nls_cp866.o
  CC      block/blk-flush.o
  CC      fs/nls/nls_cp869.o
  CC      kernel/bpf/dispatcher.o
  CC      crypto/proc.o
  CC      fs/nls/nls_cp874.o
  CC      block/blk-settings.o
  CC      crypto/aead.o
  CC      fs/nls/nls_cp932.o
  CC      kernel/bpf/devmap.o
  CC      fs/nls/nls_euc-jp.o
  CC      block/blk-ioc.o
  CC      crypto/geniv.o
  CC      fs/nls/nls_cp936.o
  CC      kernel/bpf/cpumap.o
  CC      fs/nls/nls_cp949.o
  CC      block/blk-map.o
  CC      crypto/skcipher.o
  CC      kernel/bpf/offload.o
  CC      fs/nls/nls_cp950.o
  CC      block/blk-exec.o
  CC      fs/nls/nls_cp1250.o
  CC      crypto/seqiv.o
  CC      fs/nls/nls_cp1251.o
  CC      kernel/bpf/net_namespace.o
  CC      block/blk-merge.o
  CC      fs/nls/nls_ascii.o
  CC      crypto/echainiv.o
  CC      fs/nls/nls_iso8859-1.o
  CC      crypto/ahash.o
  CC      kernel/bpf/stackmap.o
  CC      fs/nls/nls_iso8859-2.o
  CC      block/blk-timeout.o
  CC      fs/nls/nls_iso8859-3.o
  CC      kernel/bpf/cgroup.o
  CC      crypto/shash.o
  CC      block/blk-lib.o
  CC      fs/nls/nls_iso8859-4.o
  CC      fs/nls/nls_iso8859-5.o
  CC      crypto/akcipher.o
  CC      block/blk-mq.o
  CC      fs/nls/nls_iso8859-6.o
  CC      kernel/bpf/reuseport_array.o
  CC      fs/nls/nls_iso8859-7.o
  CC      crypto/kpp.o
  CC      fs/nls/nls_cp1255.o
  CC      kernel/bpf/sysfs_btf.o
  CC      block/blk-mq-tag.o
  CC      fs/nls/nls_iso8859-9.o
  ASN.1   crypto/rsapubkey.asn1.[ch]
  ASN.1   crypto/rsaprivkey.asn1.[ch]
  CC      crypto/rsa.o
  CC      kernel/bpf/bpf_struct_ops.o
  CC      fs/nls/nls_iso8859-13.o
  CC      crypto/rsa_helper.o
  CC      fs/nls/nls_iso8859-14.o
  CC      block/blk-stat.o
  CC      crypto/rsa-pkcs1pad.o
  CC      fs/nls/nls_iso8859-15.o
  CC      kernel/bpf/bpf_fuse.o
  CC      crypto/acompress.o
  CC      fs/nls/nls_koi8-r.o
  CC      block/blk-mq-sysfs.o
  CC      fs/nls/nls_koi8-u.o
  CC      kernel/bpf/dmabuf_iter.o
  CC      crypto/scompress.o
  CC      block/blk-mq-cpumap.o
  CC      fs/nls/nls_koi8-ru.o
  CC      fs/nls/nls_utf8.o
  AR      kernel/bpf/built-in.a
  CC      kernel/panic.o
  CC      fs/nls/mac-celtic.o
  CC      block/blk-mq-sched.o
  CC      crypto/algboss.o
  CC      fs/nls/mac-centeuro.o
  CC      kernel/cpu.o
  CC      crypto/testmgr.o
  CC      fs/nls/mac-croatian.o
  CC      block/ioctl.o
  CC      fs/nls/mac-cyrillic.o
  CC      crypto/cmac.o
  CC      fs/nls/mac-gaelic.o
  CC      kernel/exit.o
  CC      block/genhd.o
  CC      crypto/hmac.o
  CC      fs/nls/mac-greek.o
  CC      fs/nls/mac-iceland.o
  CC      crypto/xcbc.o
  CC      fs/nls/mac-inuit.o
  CC      crypto/crypto_null.o
  CC      block/ioprio.o
  CC      fs/nls/mac-romanian.o
  CC      kernel/softirq.o
  CC      crypto/md5.o
  CC      fs/nls/mac-roman.o
  CC      block/badblocks.o
  CC      crypto/sha1_generic.o
  CC      fs/nls/mac-turkish.o
  CC      kernel/resource.o
  CC      block/blk-rq-qos.o
  AR      fs/nls/built-in.a
  SHIPPED fs/unicode/utf8data.h
  CC      fs/unicode/utf8-core.o
  CC      crypto/sha256_generic.o
  CC      block/disk-events.o
  CC      fs/unicode/utf8-norm.o
  CC      kernel/sysctl.o
  CC      crypto/sha512_generic.o
  AR      fs/unicode/built-in.a
  CC      fs/ntfs/aops.o
  CC      block/bsg.o
  CC      crypto/blake2b_generic.o
  CC      fs/ntfs/attrib.o
  CC      kernel/capability.o
  CC      block/bsg-lib.o
  CC      crypto/gf128mul.o
  CC      fs/ntfs/collate.o
  CC      crypto/ecb.o
  CC      kernel/ptrace.o
  CC      block/blk-cgroup.o
  CC      fs/ntfs/compress.o
  CC      crypto/cbc.o
  CC      crypto/cts.o
  CC      fs/ntfs/debug.o
  CC      kernel/user.o
  CC      block/blk-cgroup-rwstat.o
  CC      fs/ntfs/dir.o
  CC      crypto/xts.o
  CC      kernel/signal.o
  CC      crypto/ctr.o
  CC      fs/ntfs/file.o
  CC      block/blk-ioprio.o
  CC      crypto/adiantum.o
  CC      fs/ntfs/index.o
  CC      block/blk-iocost.o
  CC      crypto/nhpoly1305.o
  CC      kernel/sys.o
  CC      fs/ntfs/inode.o
  CC      crypto/gcm.o
  CC      block/mq-deadline.o
  CC      fs/ntfs/mft.o
  CC      crypto/ccm.o
  CC      kernel/umh.o
  CC      block/kyber-iosched.o
  CC      fs/ntfs/mst.o
  CC      crypto/chacha20poly1305.o
  CC      fs/ntfs/namei.o
  CC      crypto/des_generic.o
  CC      kernel/workqueue.o
  CC      block/bfq-iosched.o
  CC      crypto/twofish_generic.o
  CC      fs/ntfs/runlist.o
  CC      crypto/twofish_common.o
  CC      fs/ntfs/super.o
  CC      block/bfq-wf2q.o
  CC      kernel/pid.o
  CC      crypto/aes_generic.o
  CC      block/bfq-cgroup.o
  CC      fs/ntfs/sysctl.o
  CC      crypto/chacha_generic.o
  CC      fs/ntfs/unistr.o
  CC      block/blk-mq-pci.o
  CC      crypto/poly1305_generic.o
  CC      kernel/task_work.o
  CC      fs/ntfs/upcase.o
  CC      crypto/deflate.o
  CC      block/blk-mq-virtio.o
  AR      fs/ntfs/built-in.a
  CC      fs/fuse/dev.o
  CC      kernel/extable.o
  CC      crypto/crc32c_generic.o
  CC      crypto/crc32_generic.o
  CC      block/blk-mq-debugfs.o
  CC      kernel/params.o
  CC      crypto/authenc.o
  CC      fs/fuse/dir.o
  CC      block/blk-pm.o
  CC      kernel/kthread.o
  CC      crypto/authencesn.o
  CC      block/keyslot-manager.o
  CC      kernel/sys_ni.o
  CC      crypto/lzo.o
  CC      fs/fuse/file.o
  CC      kernel/nsproxy.o
  CC      crypto/lzo-rle.o
  CC      block/blk-crypto.o
  CC      kernel/notifier.o
  CC      crypto/lz4.o
  CC      block/blk-crypto-fallback.o
  CC      crypto/xxhash_generic.o
  CC      kernel/ksysfs.o
  CC      fs/fuse/inode.o
  CC      crypto/rng.o
  CC      block/holder.o
  CC      kernel/cred.o
  CC      fs/fuse/control.o
  CC      crypto/ansi_cprng.o
  CC      block/vendor_hooks.o
  CC      kernel/reboot.o
  CC      crypto/drbg.o
  CC      fs/fuse/xattr.o
  CC      crypto/jitterentropy.o
  CC [M]  block/ssg-iosched.o
  CC      crypto/jitterentropy-kcapi.o
  CC      kernel/async.o
  CC      crypto/ghash-generic.o
  CC      fs/fuse/acl.o
  CC      kernel/range.o
  CC [M]  block/ssg-stat.o
  CC      kernel/smpboot.o
  CC      crypto/zstd.o
  CC      kernel/ucount.o
  CC      crypto/ecc.o
  CC      fs/fuse/readdir.o
  CC [M]  block/ssg-cgroup.o
  CC      kernel/regset.o
  CC [M]  block/ssg-wb.o
  CC      crypto/essiv.o
  CC      kernel/delayacct.o
  CC      fs/fuse/ioctl.o
  CC      crypto/ecdh.o
  CC [M]  block/blk-sec-common.o
  CC      kernel/kmod.o
  CC      crypto/ecdh_helper.o
  CC      fs/fuse/passthrough.o
  CC [M]  block/blk-sec-stat.o
  CC      crypto/xor.o
  CC      kernel/groups.o
  CC      fs/fuse/backing.o
  CC      crypto/hash_info.o
  CC      crypto/rsapubkey.asn1.o
  CC [M]  block/blk-sec-stat-pio.o
  CC      crypto/rsaprivkey.asn1.o
  AR      crypto/built-in.a
  CC      fs/overlayfs/super.o
  CC      kernel/kcmp.o
  CC [M]  block/blk-sec-stat-traffic.o
  CC      fs/fuse/virtio_fs.o
  CC      fs/overlayfs/namei.o
  CC      kernel/freezer.o
  CC [M]  block/blk-sec-wb.o
  CC      fs/overlayfs/util.o
  AR      fs/fuse/built-in.a
  CC      fs/incfs/data_mgmt.o
  CC      fs/overlayfs/inode.o
  CC      kernel/profile.o
  AR [M]  block/ssg.o
  LTO [M] block/blk-sec-common.lto.o
  CC      fs/incfs/format.o
  AR [M]  block/blk-sec-stats.o
  CC      fs/overlayfs/file.o
  LTO [M] block/blk-sec-wb.lto.o
  AR      block/built-in.a
  LTO [M] block/ssg.lto.o
  LTO [M] block/blk-sec-stats.lto.o
  CC      io_uring/io_uring.o
  CC      kernel/stacktrace.o
  CC      fs/incfs/integrity.o
  CC      fs/overlayfs/dir.o
  CC      kernel/smp.o
  CC      fs/incfs/main.o
  CC      fs/overlayfs/readdir.o
  CC      fs/incfs/pseudo_files.o
  CC      kernel/uid16.o
  CC      fs/overlayfs/copy_up.o
  CC      fs/incfs/sysfs.o
  CC      fs/overlayfs/export.o
  CC      kernel/module.o
  CC      io_uring/io-wq.o
  CC      fs/incfs/vfs.o
  AR      fs/overlayfs/built-in.a
  AR      drivers/irqchip/exynos/built-in.a
  CC [M]  drivers/irqchip/exynos/irq-gic-vh.o
  AR      io_uring/built-in.a
  CC      drivers/irqchip/irqchip.o
  LTO [M] drivers/irqchip/exynos/irq-gic-vh.lto.o
  AR      drivers/bus/mhi/host/built-in.a
  AR      drivers/bus/mhi/built-in.a
  CC      drivers/bus/qcom-ebi2.o
  CC      fs/incfs/verity.o
  CC      kernel/kallsyms.o
  CC      drivers/bus/simple-pm-bus.o
  CC      drivers/irqchip/irq-sun4i.o
  AR      fs/incfs/built-in.a
  CC      fs/debugfs/inode.o
  AR      drivers/bus/built-in.a
  CC      drivers/irqchip/irq-sun6i-r.o
  CC      fs/tracefs/inode.o
  CC      kernel/compat.o
  CC      fs/debugfs/file.o
  CC      drivers/irqchip/irq-sunxi-nmi.o
  AR      fs/tracefs/built-in.a
  CC      sound/core/sound.o
  CC      drivers/irqchip/irq-gic.o
  AR      fs/debugfs/built-in.a
  CC      kernel/utsname.o
  CC      sound/core/init.o
  CC      fs/btrfs/super.o
  CC      kernel/user_namespace.o
  CC      drivers/irqchip/irq-gic-common.o
  CC      sound/core/memory.o
  CC      kernel/pid_namespace.o
  CC      drivers/irqchip/irq-gic-v2m.o
  CC      sound/core/control.o
  CC      drivers/irqchip/irq-gic-v3.o
  CC      fs/btrfs/ctree.o
  GZIP    kernel/config_data.gz
  CHK     kernel/kheaders_data.tar.xz
  GEN     kernel/kheaders_data.tar.xz
  CC      sound/core/misc.o
  CC      drivers/irqchip/irq-gic-v3-mbi.o
  CC      sound/core/device.o
  CC      fs/btrfs/extent-tree.o
  CC      drivers/irqchip/irq-gic-v3-its.o
  CC      sound/core/info.o
  CC      sound/core/vmaster.o
  CC      drivers/irqchip/irq-gic-v3-its-platform-msi.o
  CC      fs/btrfs/print-tree.o
  CC      drivers/irqchip/irq-gic-v4.o
  CC      sound/core/ctljack.o
  CC      drivers/irqchip/irq-gic-v3-its-pci-msi.o
  CC      sound/core/jack.o
  CC      fs/btrfs/root-tree.o
  CC      drivers/irqchip/irq-partition-percpu.o
  CC      sound/core/hwdep.o
  CC      drivers/irqchip/irq-mbigen.o
  CC      fs/btrfs/dir-item.o
  CC      sound/core/timer.o
  AR      drivers/irqchip/built-in.a
  AR      drivers/phy/allwinner/built-in.a
  AR      drivers/phy/amlogic/built-in.a
  AR      drivers/phy/broadcom/built-in.a
  AR      drivers/phy/cadence/built-in.a
  AR      drivers/phy/freescale/built-in.a
  AR      drivers/phy/hisilicon/built-in.a
  AR      drivers/phy/ingenic/built-in.a
  AR      drivers/phy/intel/built-in.a
  AR      drivers/phy/lantiq/built-in.a
  AR      drivers/phy/marvell/built-in.a
  AR      drivers/phy/mediatek/built-in.a
  AR      drivers/phy/microchip/built-in.a
  AR      drivers/phy/motorola/built-in.a
  AR      drivers/phy/mscc/built-in.a
  AR      drivers/phy/qualcomm/built-in.a
  AR      drivers/phy/ralink/built-in.a
  AR      drivers/phy/renesas/built-in.a
  AR      drivers/phy/rockchip/built-in.a
  CC      drivers/phy/samsung/phy-exynos-dp-video.o
  CC      fs/btrfs/file-item.o
  CC      sound/core/hrtimer.o
  CC      drivers/phy/samsung/phy-exynos-mipi-video.o
  CC      sound/core/pcm.o
  CC      fs/btrfs/inode-item.o
  CC      drivers/phy/samsung/phy-exynos5-usbdrd.o
  CC      sound/core/pcm_native.o
  CC      fs/btrfs/disk-io.o
  CC [M]  drivers/phy/samsung/phy-exynos-mipi-dsim.o
  CC [M]  drivers/phy/samsung/phy-exynos-mipi.o
  CC      sound/core/pcm_lib.o
  CC      fs/btrfs/transaction.o
  CC [M]  drivers/phy/samsung/phy-exynos-usbdrd.o
  CC      sound/core/pcm_misc.o
  CC      fs/btrfs/inode.o
  CC [M]  drivers/phy/samsung/phy-exynos-usb3p1.o
  CC      sound/core/pcm_memory.o
  CC [M]  drivers/phy/samsung/phy-exynos-usbdrd-common.o
  CC      sound/core/memalloc.o
  LTO [M] drivers/phy/samsung/phy-exynos-mipi-dsim.lto.o
  CC      fs/btrfs/file.o
  LTO [M] drivers/phy/samsung/phy-exynos-mipi.lto.o
  CC      sound/core/pcm_timer.o
  AR [M]  drivers/phy/samsung/phy-exynos-usbdrd-super.o
  AR      drivers/phy/samsung/built-in.a
  LTO [M] drivers/phy/samsung/phy-exynos-usbdrd-super.lto.o
  AR      drivers/phy/socionext/built-in.a
  AR      drivers/phy/st/built-in.a
  AR      drivers/phy/tegra/built-in.a
  AR      drivers/phy/ti/built-in.a
  AR      drivers/phy/xilinx/built-in.a
  CC      drivers/phy/phy-core.o
  CC      sound/core/pcm_drm_eld.o
  CC      fs/btrfs/tree-defrag.o
  CC      sound/core/pcm_iec958.o
  CC      drivers/phy/phy-core-mipi-dphy.o
  CC      sound/core/pcm_dmaengine.o
  CC      fs/btrfs/extent_map.o
  AR      drivers/phy/built-in.a
  AR      drivers/pinctrl/actions/built-in.a
  AR      drivers/pinctrl/bcm/built-in.a
  AR      drivers/pinctrl/freescale/built-in.a
  AR      drivers/pinctrl/mvebu/built-in.a
  AR      drivers/pinctrl/nomadik/built-in.a
  AR      drivers/pinctrl/qcom/built-in.a
  AR      drivers/pinctrl/sprd/built-in.a
  CC      drivers/pinctrl/sunxi/pinctrl-sunxi.o
  CC      sound/core/rawmidi.o
  CC      fs/btrfs/sysfs.o
  CC      drivers/pinctrl/sunxi/pinctrl-sun50i-a100.o
  CC      kernel/stop_machine.o
  CC      drivers/pinctrl/sunxi/pinctrl-sun50i-a100-r.o
  CC      sound/core/compress_offload.o
  CC      fs/btrfs/struct-funcs.o
  CC      kernel/audit.o
  CC      drivers/pinctrl/sunxi/pinctrl-sun50i-h616.o
  AR      sound/core/built-in.a
  AR      sound/i2c/other/built-in.a
  AR      sound/i2c/built-in.a
  AR      sound/drivers/opl3/built-in.a
  AR      sound/drivers/opl4/built-in.a
  CC      drivers/pinctrl/sunxi/pinctrl-sun50i-h616-r.o
  AR      sound/drivers/mpu401/built-in.a
  AR      sound/drivers/vx/built-in.a
  AR      sound/drivers/pcsp/built-in.a
  AR      sound/drivers/built-in.a
  AR      sound/isa/ad1816a/built-in.a
  AR      sound/isa/ad1848/built-in.a
  AR      sound/isa/cs423x/built-in.a
  AR      sound/isa/es1688/built-in.a
  AR      sound/isa/galaxy/built-in.a
  AR      sound/isa/gus/built-in.a
  AR      sound/isa/msnd/built-in.a
  AR      sound/isa/opti9xx/built-in.a
  AR      sound/isa/sb/built-in.a
  AR      sound/isa/wavefront/built-in.a
  AR      sound/isa/wss/built-in.a
  AR      sound/isa/built-in.a
  AR      sound/pci/ac97/built-in.a
  AR      sound/pci/ali5451/built-in.a
  AR      sound/pci/asihpi/built-in.a
  AR      sound/pci/au88x0/built-in.a
  AR      sound/pci/aw2/built-in.a
  AR      sound/pci/ctxfi/built-in.a
  AR      sound/pci/ca0106/built-in.a
  CC      fs/btrfs/xattr.o
  AR      sound/pci/cs46xx/built-in.a
  AR      sound/pci/cs5535audio/built-in.a
  AR      sound/pci/lola/built-in.a
  AR      sound/pci/lx6464es/built-in.a
  AR      sound/pci/echoaudio/built-in.a
  AR      sound/pci/emu10k1/built-in.a
  AR      sound/pci/hda/built-in.a
  AR      sound/pci/ice1712/built-in.a
  AR      sound/pci/korg1212/built-in.a
  AR      sound/pci/mixart/built-in.a
  AR      drivers/pinctrl/sunxi/built-in.a
  AR      drivers/pinctrl/ti/built-in.a
  AR      sound/pci/nm256/built-in.a
  AR      sound/pci/oxygen/built-in.a
  AR      drivers/pinctrl/mediatek/built-in.a
  AR      sound/pci/pcxhr/built-in.a
  AR      drivers/pinctrl/cirrus/built-in.a
  AR      sound/pci/riptide/built-in.a
  CC [M]  drivers/pinctrl/samsung/pinctrl-exynos.o
  AR      sound/pci/rme9652/built-in.a
  AR      sound/pci/trident/built-in.a
  AR      sound/pci/ymfpci/built-in.a
  AR      sound/pci/vx222/built-in.a
  AR      sound/pci/built-in.a
  AR      sound/ppc/built-in.a
  AR      sound/arm/built-in.a
  AR      sound/sh/built-in.a
  AR      sound/synth/built-in.a
  AR      sound/usb/misc/built-in.a
  AR      sound/usb/usx2y/built-in.a
  AR      sound/usb/caiaq/built-in.a
  AR      sound/usb/6fire/built-in.a
  AR      sound/usb/hiface/built-in.a
  AR      sound/usb/bcd2000/built-in.a
  CC      sound/usb/card.o
  CC      kernel/auditfilter.o
  CC [M]  drivers/pinctrl/samsung/pinctrl-exynos-arm64.o
  CC      fs/btrfs/ordered-data.o
  CC      sound/usb/clock.o
  CC [M]  drivers/pinctrl/samsung/pinctrl-samsung.o
  CC      kernel/auditsc.o
  CC      sound/usb/endpoint.o
  CC      fs/btrfs/extent_io.o
  AR [M]  drivers/pinctrl/samsung/pinctrl-samsung-core.o
  LTO [M] drivers/pinctrl/samsung/pinctrl-samsung-core.lto.o
  CC [M]  drivers/pinctrl/samsung/pmic/s2mpu15_pinctrl_8535.o
  CC      kernel/audit_watch.o
  CC      sound/usb/format.o
  LTO [M] drivers/pinctrl/samsung/pmic/s2mpu15_pinctrl_8535.lto.o
  CC      drivers/pinctrl/core.o
  CC      sound/usb/helper.o
  CC      kernel/audit_fsnotify.o
  CC      fs/btrfs/volumes.o
  CC      sound/usb/implicit.o
  CC      kernel/audit_tree.o
  CC      drivers/pinctrl/pinctrl-utils.o
  CC      sound/usb/mixer.o
  CC      drivers/pinctrl/pinmux.o
  CC      kernel/kprobes.o
  CC      fs/btrfs/async-thread.o
  CC      sound/usb/mixer_quirks.o
  CC      drivers/pinctrl/pinconf.o
  CC      kernel/hung_task.o
  CC      drivers/pinctrl/devicetree.o
  CC      fs/btrfs/ioctl.o
  CC      sound/usb/mixer_scarlett.o
  CC      drivers/pinctrl/pinconf-generic.o
  CC      sound/usb/mixer_scarlett_gen2.o
  CC      kernel/watchdog.o
  CC      drivers/pinctrl/pinctrl-single.o
  CC      fs/btrfs/locking.o
  CC      sound/usb/mixer_us16x08.o
  CC      kernel/seccomp.o
  AR      drivers/pinctrl/built-in.a
  CC      drivers/gpio/gpiolib.o
  CC      sound/usb/mixer_s1810c.o
  CC      fs/btrfs/orphan.o
  CC      sound/usb/pcm.o
  CC      kernel/relay.o
  CC      drivers/gpio/gpiolib-devres.o
  CC      fs/btrfs/export.o
  CC      sound/usb/power.o
  CC      kernel/utsname_sysctl.o
  CC      drivers/gpio/gpiolib-legacy.o
  CC      kernel/taskstats.o
  CC      sound/usb/proc.o
  CC      fs/btrfs/tree-log.o
  CC      drivers/gpio/gpiolib-of.o
  CC      sound/usb/quirks.o
  CC      kernel/tsacct.o
  CC      kernel/tracepoint.o
  CC      sound/usb/stream.o
  CC      drivers/gpio/gpiolib-cdev.o
  CC      fs/btrfs/free-space-cache.o
  CC      kernel/irq_work.o
  CC      sound/usb/validate.o
  CC      drivers/gpio/gpio-mmio.o
  CC      kernel/cpu_pm.o
  CC      sound/usb/media.o
  CC      fs/btrfs/zlib.o
  CC      drivers/gpio/gpio-pl061.o
  CC      kernel/scs.o
  CC      sound/usb/midi.o
  CC      fs/btrfs/lzo.o
  CC      kernel/cfi.o
  AR      drivers/gpio/built-in.a
  CC      drivers/pwm/core.o
  CC      sound/usb/exynos_usb_audio_gic.o
  CC      fs/btrfs/zstd.o
  CC      kernel/jump_label.o
  CC      drivers/pwm/sysfs.o
  AR      sound/usb/built-in.a
  CC      kernel/iomem.o
  AR      sound/firewire/built-in.a
  AR      sound/sparc/built-in.a
  AR      sound/spi/built-in.a
  AR      sound/parisc/built-in.a
  AR      sound/pcmcia/vx/built-in.a
  AR      sound/pcmcia/pdaudiocf/built-in.a
  AR      sound/pcmcia/built-in.a
  AR      sound/mips/built-in.a
  AR      sound/soc/codecs/built-in.a
  CC [M]  sound/soc/codecs/rt5691.o
  CC      fs/btrfs/compression.o
  CC [M]  drivers/pwm/pwm-samsung.o
  CC      kernel/configs.o
  LTO [M] drivers/pwm/pwm-samsung.lto.o
  AR      drivers/pwm/built-in.a
  CC      drivers/pci/pcie/portdrv_core.o
  CC      kernel/kheaders.o
  CC [M]  sound/soc/codecs/rt5691_sysfs_cb.o
  CC      fs/btrfs/delayed-ref.o
  AR      kernel/built-in.a
  CC      fs/f2fs/dir.o
  CC      drivers/pci/pcie/portdrv_pci.o
  CC [M]  sound/soc/codecs/sma1305.o
  CC      fs/btrfs/relocation.o
  CC      drivers/pci/pcie/err.o
  CC      fs/f2fs/file.o
  CC      drivers/pci/pcie/rcec.o
  CC      drivers/pci/pcie/aspm.o
  CC [M]  sound/soc/codecs/bigdata_sma_sysfs_cb.o
  CC      fs/btrfs/delayed-inode.o
  CC      fs/f2fs/inode.o
  CC [M]  sound/soc/codecs/sma-amp.o
  CC      drivers/pci/pcie/aer.o
  CC      fs/btrfs/scrub.o
  AR [M]  sound/soc/codecs/snd-soc-rt5691.o
  AR [M]  sound/soc/codecs/snd-soc-sma1305.o
  AR [M]  sound/soc/codecs/snd-soc-sma-amp.o
  LTO [M] sound/soc/codecs/snd-soc-rt5691.lto.o
  CC      drivers/pci/pcie/pme.o
  CC      fs/f2fs/namei.o
  LTO [M] sound/soc/codecs/snd-soc-sma1305.lto.o
  CC      fs/btrfs/reada.o
  AR      drivers/pci/pcie/built-in.a
  AR      drivers/pci/endpoint/functions/built-in.a
  CC      drivers/pci/endpoint/pci-epc-core.o
  LTO [M] sound/soc/codecs/snd-soc-sma-amp.lto.o
  AR      sound/soc/generic/built-in.a
  AR      sound/soc/adi/built-in.a
  AR      sound/soc/amd/built-in.a
  AR      sound/soc/atmel/built-in.a
  AR      sound/soc/au1x/built-in.a
  AR      sound/soc/bcm/built-in.a
  AR      sound/soc/cirrus/built-in.a
  AR      sound/soc/dwc/built-in.a
  AR      sound/soc/fsl/built-in.a
  AR      sound/soc/hisilicon/built-in.a
  AR      sound/soc/jz4740/built-in.a
  AR      sound/soc/img/built-in.a
  AR      sound/soc/intel/common/built-in.a
  CC      fs/f2fs/hash.o
  AR      sound/soc/intel/boards/built-in.a
  AR      sound/soc/intel/built-in.a
  AR      sound/soc/mediatek/built-in.a
  AR      sound/soc/meson/built-in.a
  AR      sound/soc/mxs/built-in.a
  AR      sound/soc/kirkwood/built-in.a
  AR      sound/soc/pxa/built-in.a
  AR      sound/soc/qcom/built-in.a
  AR      sound/soc/rockchip/built-in.a
  CC [M]  sound/soc/samsung/exynos/abox/abox_gic.o
  CC      drivers/pci/endpoint/pci-epf-core.o
  CC      fs/btrfs/backref.o
  CC      fs/f2fs/super.o
  CC [M]  sound/soc/samsung/exynos/abox/abox_util.o
  CC      drivers/pci/endpoint/pci-epc-mem.o
  CC      fs/btrfs/ulist.o
  CC [M]  sound/soc/samsung/exynos/abox/abox_udma.o
  AR      drivers/pci/endpoint/built-in.a
  CC      drivers/pci/controller/dwc/pcie-designware.o
  CC [M]  sound/soc/samsung/exynos/abox/abox_soc_43.o
  CC      fs/btrfs/qgroup.o
  CC      fs/f2fs/inline.o
  CC      drivers/pci/controller/dwc/pcie-designware-host.o
  CC [M]  sound/soc/samsung/exynos/abox/abox_soc.o
  CC [M]  sound/soc/samsung/exynos/abox/abox_cmpnt.o
  CC      fs/f2fs/checkpoint.o
  CC      drivers/pci/controller/dwc/pcie-designware-ep.o
  CC      fs/btrfs/send.o
  CC      drivers/pci/controller/dwc/pcie-designware-plat.o
  CC [M]  sound/soc/samsung/exynos/abox/abox_dbg.o
  CC      fs/f2fs/gc.o
  CC      drivers/pci/controller/dwc/pcie-qcom.o
  CC      fs/btrfs/dev-replace.o
  CC [M]  sound/soc/samsung/exynos/abox/abox_dump.o
  CC      drivers/pci/controller/dwc/pcie-kirin.o
  CC      fs/f2fs/data.o
  CC      fs/btrfs/raid56.o
  CC [M]  sound/soc/samsung/exynos/abox/abox_log.o
  AR      drivers/pci/controller/dwc/built-in.a
  AR      drivers/pci/controller/mobiveil/built-in.a
  CC      drivers/pci/controller/pci-host-common.o
  CC [M]  sound/soc/samsung/exynos/abox/abox.o
  CC      fs/btrfs/uuid-tree.o
  CC      drivers/pci/controller/pci-host-generic.o
  CC      fs/f2fs/node.o
  AR      drivers/pci/controller/built-in.a
  AR      drivers/pci/switch/built-in.a
  CC      drivers/pci/access.o
  CC      fs/btrfs/props.o
  CC      drivers/pci/bus.o
  CC [M]  sound/soc/samsung/exynos/abox/abox_core.o
  CC      fs/f2fs/segment.o
  CC      fs/btrfs/free-space-tree.o
  CC      drivers/pci/probe.o
  CC [M]  sound/soc/samsung/exynos/abox/abox_rdma.o
  CC      fs/btrfs/tree-checker.o
  CC [M]  sound/soc/samsung/exynos/abox/abox_wdma.o
  CC      drivers/pci/host-bridge.o
  CC      fs/f2fs/recovery.o
  CC [M]  sound/soc/samsung/exynos/abox/abox_if.o
  CC      fs/btrfs/space-info.o
  CC      drivers/pci/remove.o
  CC      fs/f2fs/shrinker.o
  CC [M]  sound/soc/samsung/exynos/abox/abox_effect.o
  CC      drivers/pci/pci.o
  CC      fs/btrfs/block-rsv.o
  CC      fs/f2fs/extent_cache.o
  CC [M]  sound/soc/samsung/exynos/abox/abox_vss.o
  CC      fs/btrfs/delalloc-space.o
  CC      fs/f2fs/sysfs.o
  CC      drivers/pci/pci-driver.o
  CC [M]  sound/soc/samsung/exynos/abox/abox_failsafe.o
  CC      fs/btrfs/block-group.o
  CC [M]  sound/soc/samsung/exynos/abox/abox_vdma.o
  CC      fs/f2fs/debug.o
  CC      drivers/pci/search.o
  CC [M]  sound/soc/samsung/exynos/abox/abox_msg.o
  CC [M]  sound/soc/samsung/exynos/abox/abox_ipc.o
  CC      fs/f2fs/xattr.o
  CC      drivers/pci/pci-sysfs.o
  CC      fs/btrfs/discard.o
  CC [M]  sound/soc/samsung/exynos/abox/abox_qos.o
  CC      drivers/pci/rom.o
  CC      fs/f2fs/acl.o
  CC      fs/btrfs/reflink.o
  CC [M]  sound/soc/samsung/exynos/abox/abox_ion.o
  CC      fs/f2fs/verity.o
  CC      drivers/pci/setup-res.o
  CC [M]  sound/soc/samsung/exynos/abox/abox_tplg.o
  CC      fs/f2fs/compress.o
  CC      fs/btrfs/subpage.o
  CC      drivers/pci/irq.o
  CC [M]  sound/soc/samsung/exynos/abox/abox_dma.o
  CC      drivers/pci/vpd.o
  CC      fs/f2fs/iostat.o
  CC      fs/btrfs/tree-mod-log.o
  CC [M]  sound/soc/samsung/exynos/abox/abox_shm.o
  CC      drivers/pci/setup-bus.o
  CC [M]  sound/soc/samsung/exynos/abox/abox_proc.o
  AR      fs/f2fs/built-in.a
  CC [M]  sound/soc/samsung/exynos/exynos8535_rt5691.o
  CC      fs/btrfs/acl.o
  CC [M]  sound/soc/samsung/exynos/abox/abox_oem.o
  CC      drivers/pci/vc.o
  AR      sound/atmel/built-in.a
  CC      drivers/video/backlight/backlight.o
  CC [M]  sound/soc/samsung/exynos/abox/abox_memlog.o
  CC      fs/btrfs/verity.o
  CC      drivers/pci/mmap.o
  CC [M]  sound/soc/samsung/exynos/abox/abox_synchronized_ipc.o
  CC      drivers/pci/setup-irq.o
  AR      drivers/video/backlight/built-in.a
  CC      drivers/video/fbdev/core/fb_cmdline.o
  AR      fs/btrfs/built-in.a
  CC      fs/pstore/inode.o
  CC      drivers/pci/msi.o
  AR [M]  sound/soc/samsung/exynos/abox/snd-soc-samsung-abox-gic.o
  AR [M]  sound/soc/samsung/exynos/abox/snd-soc-samsung-abox.o
  AR [M]  sound/soc/samsung/exynos/abox/snd-soc-samsung-abox-sync.o
  LTO [M] sound/soc/samsung/exynos/abox/snd-soc-samsung-abox-gic.lto.o
  LTO [M] sound/soc/samsung/exynos/abox/snd-soc-samsung-abox.lto.o
  AR      drivers/video/fbdev/core/built-in.a
  AR      drivers/video/fbdev/omap2/omapfb/dss/built-in.a
  AR      drivers/video/fbdev/omap2/omapfb/displays/built-in.a
  AR      drivers/video/fbdev/omap2/omapfb/built-in.a
  AR      drivers/video/fbdev/omap2/built-in.a
  AR      drivers/video/fbdev/built-in.a
  CC      drivers/video/hdmi.o
  CC      fs/pstore/platform.o
  CC      drivers/pci/proc.o
  CC      drivers/video/display_timing.o
  CC      fs/pstore/pmsg.o
  LTO [M] sound/soc/samsung/exynos/abox/snd-soc-samsung-abox-sync.lto.o
  CC [M]  sound/soc/samsung/exynos/sec_audio_sysfs.o
  CC      drivers/video/videomode.o
  CC      fs/pstore/ram.o
  CC      drivers/pci/slot.o
  CC      drivers/video/of_display_timing.o
  CC [M]  sound/soc/samsung/exynos/sec_audio_debug.o
  CC      fs/pstore/ram_core.o
  CC      drivers/video/of_videomode.o
  CC      drivers/pci/of.o
  AR      drivers/video/built-in.a
  AR      sound/soc/sh/built-in.a
  AR      fs/pstore/built-in.a
  CC      net/core/sock.o
  CC      fs/erofs/super.o
  LTO [M] sound/soc/samsung/exynos/exynos8535_rt5691.lto.o
  LTO [M] sound/soc/samsung/exynos/sec_audio_sysfs.lto.o
  LTO [M] sound/soc/samsung/exynos/sec_audio_debug.lto.o
  CC      drivers/pci/quirks.o
  AR      sound/soc/samsung/built-in.a
  CC [M]  sound/soc/samsung/dmaengine.o
  CC      fs/erofs/inode.o
  AR [M]  sound/soc/samsung/snd-soc-s3c-dma.o
  LTO [M] sound/soc/samsung/snd-soc-s3c-dma.lto.o
  AR      sound/soc/sof/built-in.a
  AR      sound/soc/spear/built-in.a
  AR      sound/soc/sprd/built-in.a
  AR      sound/soc/sti/built-in.a
  AR      sound/soc/stm/built-in.a
  AR      sound/soc/sunxi/built-in.a
  AR      sound/soc/tegra/built-in.a
  AR      sound/soc/ti/built-in.a
  AR      sound/soc/uniphier/built-in.a
  AR      sound/soc/ux500/built-in.a
  AR      sound/soc/xilinx/built-in.a
  AR      sound/soc/xtensa/built-in.a
  CC      sound/soc/soc-core.o
  CC      fs/erofs/data.o
  CC      drivers/pci/ats.o
  CC      net/core/request_sock.o
  CC      fs/erofs/namei.o
  CC      drivers/pci/iov.o
  CC      sound/soc/soc-dapm.o
  CC      fs/erofs/dir.o
  CC      net/core/skbuff.o
  CC      drivers/pci/syscall.o
  CC      fs/erofs/utils.o
  CC      drivers/pci/ecam.o
  CC      fs/erofs/pcpubuf.o
  CC      sound/soc/soc-jack.o
  CC      fs/erofs/sysfs.o
  AR      drivers/pci/built-in.a
  AR      drivers/idle/built-in.a
  AR      drivers/char/ipmi/built-in.a
  CC      drivers/amba/bus.o
  CC      net/core/datagram.o
  CC      sound/soc/soc-utils.o
  CC      fs/erofs/xattr.o
  AR      drivers/amba/built-in.a
  AR      drivers/clk/actions/built-in.a
  AR      drivers/clk/analogbits/built-in.a
  AR      drivers/clk/bcm/built-in.a
  CC      drivers/clk/hisilicon/clk.o
  CC      fs/erofs/decompressor.o
  CC      sound/soc/soc-dai.o
  CC      drivers/clk/hisilicon/clkgate-separated.o
  CC      fs/erofs/zmap.o
  CC      net/core/stream.o
  CC      drivers/clk/hisilicon/clkdivider-hi6220.o
  CC      sound/soc/soc-component.o
  CC      fs/erofs/zdata.o
  CC      drivers/clk/hisilicon/clk-hisi-phase.o
  CC      sound/soc/soc-pcm.o
  CC      drivers/clk/hisilicon/crg-hi3516cv300.o
  CC      net/core/scm.o
  AR      fs/erofs/built-in.a
  CC      fs/open.o
  CC      drivers/clk/hisilicon/clk-hi3519.o
  CC      sound/soc/soc-devres.o
  CC      drivers/clk/hisilicon/clk-hi3559a.o
  CC      fs/read_write.o
  CC      net/core/gen_stats.o
  CC      drivers/clk/hisilicon/clk-hi3660.o
  CC      sound/soc/soc-ops.o
  CC      drivers/clk/hisilicon/clk-hi3670.o
  CC      drivers/clk/hisilicon/crg-hi3798cv200.o
  CC      net/core/gen_estimator.o
  CC      fs/file_table.o
  CC      sound/soc/soc-link.o
  CC      drivers/clk/hisilicon/clk-hi6220.o
  CC      drivers/clk/hisilicon/reset.o
  CC      sound/soc/soc-card.o
  CC      fs/super.o
  CC      net/core/net_namespace.o
  CC      drivers/clk/hisilicon/clk-hi6220-stub.o
  CC      sound/soc/soc-topology.o
  CC      drivers/clk/hisilicon/clk-hi3660-stub.o
  CC      fs/char_dev.o
  AR      drivers/clk/hisilicon/built-in.a
  AR      drivers/clk/imgtec/built-in.a
  AR      drivers/clk/imx/built-in.a
  AR      drivers/clk/ingenic/built-in.a
  AR      drivers/clk/mediatek/built-in.a
  AR      drivers/clk/mstar/built-in.a
  AR      drivers/clk/mvebu/built-in.a
  AR      drivers/clk/ralink/built-in.a
  AR      drivers/clk/renesas/built-in.a
  CC      net/core/secure_seq.o
  CC      drivers/clk/samsung/clk.o
  CC      sound/soc/soc-generic-dmaengine-pcm.o
  CC      fs/stat.o
  CC      drivers/clk/samsung/clk-pll.o
  CC      drivers/clk/samsung/clk-cpu.o
  CC      sound/soc/soc-compress.o
  CC      drivers/clk/samsung/clk-exynos5433.o
  CC      fs/exec.o
  CC      net/core/flow_dissector.o
  CC      drivers/clk/samsung/clk-exynos-audss.o
  AR      sound/soc/built-in.a
  AR      sound/hda/built-in.a
  AR      sound/x86/built-in.a
  AR      sound/xen/built-in.a
  AR      sound/virtio/built-in.a
  CC      sound/sound_core.o
  CC      drivers/clk/samsung/clk-exynos-clkout.o
  CC      sound/last.o
  CC      fs/pipe.o
  CC      drivers/clk/samsung/clk-exynos7.o
  AR      sound/built-in.a
  CC      net/core/sysctl_net_core.o
  CC      net/llc/llc_core.o
  CC [M]  drivers/clk/samsung/clk-s5e8535.o
  CC      fs/namei.o
  CC [M]  drivers/clk/samsung/composite.o
  CC      net/llc/llc_input.o
  AR      drivers/clk/samsung/built-in.a
  AR [M]  drivers/clk/samsung/clk_exynos.o
  LTO [M] drivers/clk/samsung/clk_exynos.lto.o
  CC      net/core/dev.o
  AR      drivers/clk/socfpga/built-in.a
  AR      drivers/clk/sprd/built-in.a
  AR      drivers/clk/sunxi/built-in.a
  AR      drivers/clk/ti/built-in.a
  AR      drivers/clk/versatile/built-in.a
  AR      drivers/clk/xilinx/built-in.a
  CC      drivers/clk/clk-devres.o
  CC      fs/fcntl.o
  CC      drivers/clk/clk-bulk.o
  CC      net/llc/llc_output.o
  CC      drivers/clk/clkdev.o
  CC      fs/ioctl.o
  AR      net/llc/built-in.a
  AR      drivers/dma/idxd/built-in.a
  AR      drivers/dma/mediatek/built-in.a
  CC      drivers/clk/clk.o
  AR      drivers/dma/qcom/built-in.a
  AR      drivers/dma/ti/built-in.a
  AR      drivers/dma/xilinx/built-in.a
  CC      drivers/dma/dmaengine.o
  CC      fs/readdir.o
  CC      drivers/dma/virt-dma.o
  CC      net/core/dev_addr_lists.o
  CC      drivers/clk/clk-divider.o
  CC      fs/select.o
  CC      drivers/dma/of-dma.o
  CC      drivers/clk/clk-fixed-factor.o
  CC      net/core/dst.o
  CC [M]  drivers/dma/pl330.o
  CC      drivers/clk/clk-fixed-rate.o
  CC      fs/dcache.o
  CC      drivers/clk/clk-gate.o
  CC [M]  drivers/dma/samsung-dma.o
  CC      net/core/netevent.o
  CC      fs/inode.o
  CC      drivers/clk/clk-multiplier.o
  LTO [M] drivers/dma/pl330.lto.o
  CC      net/core/neighbour.o
  LTO [M] drivers/dma/samsung-dma.lto.o
  AR      drivers/dma/built-in.a
  CC      drivers/clk/clk-mux.o
  CC      virt/lib/irqbypass.o
  CC      fs/attr.o
  AR      virt/lib/built-in.a
  AR      virt/built-in.a
  CC      net/ethernet/eth.o
  CC      drivers/clk/clk-composite.o
  CC      drivers/clk/clk-fractional-divider.o
  CC      fs/bad_inode.o
  CC      fs/file.o
  CC      net/core/rtnetlink.o
  CC      drivers/clk/clk-gpio.o
  AR      net/ethernet/built-in.a
  AS      arch/arm64/lib/clear_page.o
  CC      drivers/clk/clk-conf.o
  AS      arch/arm64/lib/clear_user.o
  AS      arch/arm64/lib/copy_from_user.o
  CC      drivers/clk/clk-scpi.o
  AS      arch/arm64/lib/copy_page.o
  AS      arch/arm64/lib/copy_to_user.o
  CC      fs/filesystems.o
  AR      drivers/clk/built-in.a
  AR      drivers/soc/aspeed/built-in.a
  AR      drivers/soc/bcm/bcm63xx/built-in.a
  AR      drivers/soc/bcm/built-in.a
  AR      drivers/soc/fsl/built-in.a
  AR      drivers/soc/imx/built-in.a
  CC      arch/arm64/lib/csum.o
  AR      drivers/soc/ixp4xx/built-in.a
  AR      drivers/soc/mediatek/built-in.a
  AR      drivers/soc/amlogic/built-in.a
  CC      drivers/soc/qcom/qcom-geni-se.o
  CC      net/core/utils.o
  CC      arch/arm64/lib/delay.o
  CC      fs/namespace.o
  CC      drivers/soc/qcom/smem_state.o
  CC      arch/arm64/lib/insn.o
  AR      drivers/soc/qcom/built-in.a
  AS      arch/arm64/lib/memchr.o
  AR      drivers/soc/renesas/built-in.a
  AR      drivers/soc/samsung/exynos/debug/built-in.a
  CC [M]  drivers/soc/samsung/exynos/debug/debug-snapshot.o
  CC      net/core/link_watch.o
  AS      arch/arm64/lib/memcmp.o
  AS      arch/arm64/lib/memcpy.o
  CC      fs/seq_file.o
  AS      arch/arm64/lib/memset.o
  CC [M]  drivers/soc/samsung/exynos/debug/debug-snapshot-log.o
  AS      arch/arm64/lib/strchr.o
  AS      arch/arm64/lib/strcmp.o
  AS      arch/arm64/lib/strlen.o
  CC      fs/xattr.o
  AS      arch/arm64/lib/strncmp.o
  CC      net/core/filter.o
  AS      arch/arm64/lib/strnlen.o
  AS      arch/arm64/lib/strrchr.o
  AS      arch/arm64/lib/tishift.o
  CC      arch/arm64/lib/xor-neon.o
  CC [M]  drivers/soc/samsung/exynos/debug/debug-snapshot-utils.o
  CC      fs/libfs.o
  AS      arch/arm64/lib/crc32.o
  CC      arch/arm64/lib/error-inject.o
  CC [M]  drivers/soc/samsung/exynos/debug/debug-snapshot-dpm.o
  CC      fs/fs-writeback.o
  AS      arch/arm64/lib/mte.o
  AR      arch/arm64/lib/lib.a
  AR      arch/arm64/lib/built-in.a
  CC [M]  drivers/soc/samsung/exynos/memlogger.o
  CC [M]  drivers/soc/samsung/exynos/debug/debug-snapshot-pmsg.o
  CC      net/core/sock_diag.o
  CC [M]  drivers/soc/samsung/exynos/debug/printk_ringbuffer.o
  CC      drivers/soc/sunxi/sunxi_mbus.o
  AS [M]  drivers/soc/samsung/exynos/debug/cache.o
  CC [M]  drivers/soc/samsung/exynos/debug/debug-snapshot-debug-kinfo.o
  CC      fs/pnode.o
  CC      drivers/soc/sunxi/sunxi_sram.o
  CC      net/core/dev_ioctl.o
  CC [M]  drivers/soc/samsung/exynos/debug/exynos-coresight.o
  CC      fs/splice.o
  AR      drivers/soc/sunxi/built-in.a
  CC      fs/sync.o
  CC [M]  drivers/soc/samsung/exynos/debug/exynos-ecc-handler.o
  CC      net/core/tso.o
  CC      net/802/p8022.o
  CC      fs/utimes.o
  CC [M]  drivers/soc/samsung/exynos/debug/hardlockup-watchdog.o
  CC      fs/d_path.o
  CC [M]  drivers/soc/samsung/exynos/debug/exynos-itmon-v2.o
  CC      net/802/psnap.o
  CC      net/core/sock_reuseport.o
  CC      fs/stack.o
  CC [M]  drivers/soc/samsung/exynos/debug/exynos-adv-tracer.o
  CC      net/802/stp.o
  CC      fs/fs_struct.o
  CC      net/core/fib_notifier.o
  CC      fs/statfs.o
  CC [M]  drivers/soc/samsung/exynos/debug/exynos-adv-tracer-s2d.o
  AR      net/802/built-in.a
  CC      drivers/virtio/virtio.o
  CC [M]  drivers/soc/samsung/exynos/debug/exynos-ehld.o
  CC      net/core/xdp.o
  CC      fs/fs_pin.o
  CC      drivers/virtio/virtio_ring.o
  CC      fs/nsfs.o
  CC [M]  drivers/soc/samsung/exynos/debug/exynos-ehld-ipc.o
  AR      drivers/virtio/built-in.a
  CC      lib/math/div64.o
  CC      fs/fs_types.o
  CC      net/core/flow_offload.o
  CC      lib/math/gcd.o
  CC      lib/math/lcm.o
  CC      lib/math/int_pow.o
  CC [M]  drivers/soc/samsung/exynos/debug/exynos-ssld.o
  CC      lib/math/int_sqrt.o
  CC      lib/math/reciprocal_div.o
  CC      fs/fs_context.o
  CC      lib/math/rational.o
  CC      net/core/net-sysfs.o
  AR      lib/math/built-in.a
  CC      lib/crypto/chacha.o
  CC [M]  drivers/soc/samsung/exynos/debug/exynos-getcpustate.o
  CC      lib/crypto/libchacha.o
  CC      fs/fs_parser.o
  CC      lib/crypto/aes.o
  AR [M]  drivers/soc/samsung/exynos/debug/dss.o
  LTO [M] drivers/soc/samsung/exynos/debug/debug-snapshot-debug-kinfo.lto.o
  CC      fs/fsopen.o
  LTO [M] drivers/soc/samsung/exynos/debug/exynos-coresight.lto.o
  LTO [M] drivers/soc/samsung/exynos/debug/exynos-ecc-handler.lto.o
  LTO [M] drivers/soc/samsung/exynos/debug/hardlockup-watchdog.lto.o
  LTO [M] drivers/soc/samsung/exynos/debug/exynos-itmon-v2.lto.o
  CC      net/core/page_pool.o
  LTO [M] drivers/soc/samsung/exynos/debug/exynos-adv-tracer.lto.o
  CC      lib/crypto/arc4.o
  LTO [M] drivers/soc/samsung/exynos/debug/exynos-adv-tracer-s2d.lto.o
  AR [M]  drivers/soc/samsung/exynos/debug/ehld.o
  LTO [M] drivers/soc/samsung/exynos/debug/exynos-ssld.lto.o
  CC      fs/init.o
  LTO [M] drivers/soc/samsung/exynos/debug/exynos-getcpustate.lto.o
  LTO [M] drivers/soc/samsung/exynos/debug/dss.lto.o
  CC      lib/crypto/blake2s.o
  CC      fs/kernel_read_file.o
  CC      net/core/net-procfs.o
  LTO [M] drivers/soc/samsung/exynos/debug/ehld.lto.o
  CC [M]  drivers/soc/samsung/exynos/sysevent.o
  CC      lib/crypto/blake2s-generic.o
  CC      fs/remap_range.o
  CC      net/core/fib_rules.o
  CC      lib/crypto/chacha20poly1305.o
  CC [M]  drivers/soc/samsung/exynos/sysevent_notif.o
  CC      fs/susfs.o
  CC [M]  drivers/soc/samsung/exynos/imgloader.o
  CC      lib/crypto/curve25519-hacl64.o
  CC      net/core/net-traces.o
  CC      fs/buffer.o
  CC      lib/crypto/curve25519-generic.o
  CC [M]  drivers/soc/samsung/exynos/exynos-el2.o
  CC      lib/crypto/curve25519.o
  CC [M]  drivers/soc/samsung/exynos/exynos-s2mpu.o
  CC      lib/crypto/des.o
  CC      fs/direct-io.o
  CC [M]  drivers/soc/samsung/exynos/exynos-sdm.o
  CC      lib/crypto/poly1305-donna64.o
  CC [M]  drivers/soc/samsung/exynos/exynos-cm.o
  CC      net/core/selftests.o
  CC      fs/mpage.o
  CC      lib/crypto/poly1305.o
  CC [M]  drivers/soc/samsung/exynos/exynos-chipid_v2.o
  CC      lib/crypto/sha256.o
  CC [M]  drivers/soc/samsung/exynos/exynos-tzasc.o
  CC      fs/proc_namespace.o
  AR      lib/crypto/built-in.a
  CC      lib/zlib_inflate/inffast.o
  CC      net/core/ptp_classifier.o
  CC      lib/zlib_inflate/inflate.o
  CC [M]  drivers/soc/samsung/exynos/exynos-mcinfo.o
  CC      lib/zlib_inflate/infutil.o
  CC      fs/dlog_hook.o
  CC      lib/zlib_inflate/inftrees.o
  CC      fs/eventpoll.o
  CC      lib/zlib_inflate/inflate_syms.o
  CC      net/core/netprio_cgroup.o
  CC [M]  drivers/soc/samsung/exynos/secmem.o
  AR      lib/zlib_inflate/built-in.a
  CC      lib/zlib_deflate/deflate.o
  CC [M]  drivers/soc/samsung/exynos/exynos-usi_v2.o
  CC      lib/zlib_deflate/deftree.o
  CC      fs/anon_inodes.o
  CC      lib/zlib_deflate/deflate_syms.o
  CC      net/core/dst_cache.o
  LTO [M] drivers/soc/samsung/exynos/memlogger.lto.o
  LTO [M] drivers/soc/samsung/exynos/sysevent.lto.o
  AR      lib/zlib_deflate/built-in.a
  CC      lib/reed_solomon/reed_solomon.o
  CC      fs/signalfd.o
  LTO [M] drivers/soc/samsung/exynos/sysevent_notif.lto.o
  LTO [M] drivers/soc/samsung/exynos/imgloader.lto.o
  LTO [M] drivers/soc/samsung/exynos/exynos-el2.lto.o
  LTO [M] drivers/soc/samsung/exynos/exynos-s2mpu.lto.o
  LTO [M] drivers/soc/samsung/exynos/exynos-sdm.lto.o
  LTO [M] drivers/soc/samsung/exynos/exynos-cm.lto.o
  LTO [M] drivers/soc/samsung/exynos/exynos-chipid_v2.lto.o
  LTO [M] drivers/soc/samsung/exynos/exynos-tzasc.lto.o
  LTO [M] drivers/soc/samsung/exynos/exynos-mcinfo.lto.o
  AR      lib/reed_solomon/built-in.a
  LTO [M] drivers/soc/samsung/exynos/secmem.lto.o
  CC      lib/lzo/lzo1x_compress.o
  CC      fs/timerfd.o
  LTO [M] drivers/soc/samsung/exynos/exynos-usi_v2.lto.o
  AR      drivers/soc/samsung/exynos/built-in.a
  AR      drivers/soc/samsung/dm/built-in.a
  CC      net/core/devlink.o
  CC [M]  drivers/soc/samsung/dm/exynos-dm.o
  CC      lib/lzo/lzo1x_compress_safe.o
  CC      fs/eventfd.o
  LTO [M] drivers/soc/samsung/dm/exynos-dm.lto.o
  CC      lib/lzo/lzo1x_decompress_safe.o
  CC [M]  drivers/soc/samsung/exynos-pd/exynos-pd.o
  CC      fs/userfaultfd.o
  AR      lib/lzo/built-in.a
  CC      lib/lz4/lz4_compress.o
  CC [M]  drivers/soc/samsung/exynos-pd/exynos-pd_el3.o
  CC      lib/lz4/lz4hc_compress.o
  CC [M]  drivers/soc/samsung/exynos-pd/exynos-pd-dbg.o
  CC      fs/aio.o
  CC      net/core/gro_cells.o
  LTO [M] drivers/soc/samsung/exynos-pd/exynos-pd.lto.o
  CC      lib/lz4/lz4_decompress.o
  LTO [M] drivers/soc/samsung/exynos-pd/exynos-pd_el3.lto.o
  LTO [M] drivers/soc/samsung/exynos-pd/exynos-pd-dbg.lto.o
  CC [M]  drivers/soc/samsung/cal-if/cal-if.o
  CC      net/core/skmsg.o
  AR      lib/lz4/built-in.a
  CC      lib/zstd/fse_compress.o
  CC      fs/locks.o
  CC [M]  drivers/soc/samsung/cal-if/cmucal.o
  CC      lib/zstd/huf_compress.o
  CC      lib/zstd/compress.o
  CC [M]  drivers/soc/samsung/cal-if/ra.o
  CC      fs/binfmt_misc.o
  CC      net/core/sock_map.o
  CC [M]  drivers/soc/samsung/cal-if/vclk.o
  CC      fs/binfmt_script.o
  CC [M]  drivers/soc/samsung/cal-if/pll_spec.o
  CC      lib/zstd/entropy_common.o
  CC      lib/zstd/fse_decompress.o
  CC      fs/binfmt_elf.o
  CC      lib/zstd/zstd_common.o
  CC      lib/zstd/huf_decompress.o
  CC [M]  drivers/soc/samsung/cal-if/cmucal-debug.o
  CC      lib/zstd/decompress.o
  CC      net/core/bpf_sk_storage.o
  CC      fs/compat_binfmt_elf.o
  CC [M]  drivers/soc/samsung/cal-if/pmucal/pmucal_system.o
  AR      lib/zstd/built-in.a
  CC      lib/xz/xz_dec_syms.o
  CC [M]  drivers/soc/samsung/cal-if/pmucal/pmucal_local.o
  CC      fs/mbcache.o
  CC [M]  drivers/soc/samsung/cal-if/pmucal/pmucal_cpu.o
  CC      lib/xz/xz_dec_stream.o
  CC      net/core/of_net.o
  CC      fs/posix_acl.o
  CC      lib/xz/xz_dec_lzma2.o
  CC [M]  drivers/soc/samsung/cal-if/pmucal/pmucal_rae.o
  CC      lib/xz/xz_dec_bcj.o
  CC [M]  drivers/soc/samsung/cal-if/pmucal/pmucal_powermode.o
  CC      fs/coredump.o
  AR      lib/xz/built-in.a
  CC      lib/raid6/algos.o
  AR      net/core/built-in.a
  CC      net/sched/sch_generic.o
  CC [M]  drivers/soc/samsung/cal-if/s5e8535/cal_data.o
  CC      lib/raid6/recov.o
  CC      fs/drop_caches.o
  CC [M]  drivers/soc/samsung/cal-if/acpm_dvfs.o
  HOSTCC  lib/raid6/mktables
  UNROLL  lib/raid6/int1.c
  UNROLL  lib/raid6/int2.c
  UNROLL  lib/raid6/int4.c
  UNROLL  lib/raid6/int8.c
  UNROLL  lib/raid6/int16.c
  UNROLL  lib/raid6/int32.c
  CC      lib/raid6/neon.o
  CC      net/sched/sch_mq.o
  CC      fs/fhandle.o
  UNROLL  lib/raid6/neon1.c
  UNROLL  lib/raid6/neon2.c
  UNROLL  lib/raid6/neon4.c
  UNROLL  lib/raid6/neon8.c
  CC      lib/raid6/recov_neon.o
  CC [M]  drivers/soc/samsung/cal-if/fvmap.o
  CC      net/sched/sch_frag.o
  AR      fs/built-in.a
  CC [M]  drivers/soc/samsung/acpm/acpm_mfd_spmi.o
  CC      lib/raid6/recov_neon_inner.o
  TABLE   lib/raid6/tables.c
  CC      lib/raid6/int1.o
  CC [M]  drivers/soc/samsung/acpm/acpm.o
  CC [M]  drivers/soc/samsung/cal-if/pmucal/pmucal_cp.o
  CC      lib/raid6/int2.o
  CC      net/sched/sch_api.o
  CC [M]  drivers/soc/samsung/cal-if/pmucal/pmucal_gnss.o
  CC [M]  drivers/soc/samsung/acpm/acpm_ipc.o
  CC      lib/raid6/int4.o
  CC [M]  drivers/soc/samsung/cal-if/pmucal/pmucal_chub.o
  CC      lib/raid6/int8.o
  AR [M]  drivers/soc/samsung/cal-if/cmupmucal.o
  LTO [M] drivers/soc/samsung/cal-if/cmupmucal.lto.o
  CC [M]  drivers/soc/samsung/acpm/plugin_dbg.o
  CC      net/sched/sch_blackhole.o
  CC      lib/raid6/int16.o
  AR      drivers/soc/ti/built-in.a
  CC [M]  drivers/regulator/samsung/pmic/pmic_class.o
  CC [M]  drivers/soc/samsung/acpm/flexpmu_dbg.o
  CC      lib/raid6/int32.o
  CC      net/sched/cls_api.o
  CC [M]  drivers/regulator/samsung/pmic/s2mpu15_regulator_8535.o
  AR [M]  drivers/soc/samsung/acpm/exynos_acpm.o
  LTO [M] drivers/soc/samsung/acpm/plugin_dbg.lto.o
  LTO [M] drivers/soc/samsung/acpm/flexpmu_dbg.lto.o
  LTO [M] drivers/soc/samsung/acpm/exynos_acpm.lto.o
  CC      lib/raid6/neon1.o
  CC [M]  drivers/soc/samsung/ect_parser/ect_parser.o
  CC      lib/raid6/neon2.o
  CC      lib/raid6/neon4.o
  CC      lib/raid6/neon8.o
  CC [M]  drivers/regulator/samsung/pmic/s2mpa05_regulator_8535.o
  LTO [M] drivers/soc/samsung/ect_parser/ect_parser.lto.o
  CC      lib/raid6/tables.o
  CC [M]  drivers/soc/samsung/exynos-pm/exynos-pm.o
  CC      net/sched/act_api.o
  LTO [M] drivers/regulator/samsung/pmic/pmic_class.lto.o
  AR      lib/raid6/built-in.a
  CC      lib/mpi/generic_mpih-lshift.o
  LTO [M] drivers/regulator/samsung/pmic/s2mpu15_regulator_8535.lto.o
  LTO [M] drivers/soc/samsung/exynos-pm/exynos-pm.lto.o
  LTO [M] drivers/regulator/samsung/pmic/s2mpa05_regulator_8535.lto.o
  CC [M]  drivers/soc/samsung/cpif/dit/dit.o
  CC      drivers/regulator/core.o
  CC      lib/mpi/generic_mpih-mul1.o
  CC      net/sched/act_police.o
  CC      lib/mpi/generic_mpih-mul2.o
  CC      lib/mpi/generic_mpih-mul3.o
  CC      drivers/regulator/dummy.o
  CC [M]  drivers/soc/samsung/cpif/dit/dit_net.o
  CC      net/sched/act_gact.o
  CC      lib/mpi/generic_mpih-rshift.o
  CC      drivers/regulator/fixed-helper.o
  CC      net/sched/act_mirred.o
  CC      lib/mpi/generic_mpih-sub1.o
  CC [M]  drivers/soc/samsung/cpif/dit/dit_hal.o
  CC      drivers/regulator/helpers.o
  CC      lib/mpi/generic_mpih-add1.o
  CC      net/sched/act_skbedit.o
  CC      lib/mpi/ec.o
  CC [M]  drivers/soc/samsung/cpif/dit/dit_2_2_0.o
  CC      drivers/regulator/devres.o
  CC      net/sched/act_bpf.o
  CC      lib/mpi/mpicoder.o
  AR [M]  drivers/soc/samsung/cpif/dit/exynos_dit.o
  LTO [M] drivers/soc/samsung/cpif/dit/exynos_dit.lto.o
  CC      drivers/regulator/irq_helpers.o
  CC [M]  drivers/soc/samsung/cpif/mcu_ipc.o
  CC      lib/mpi/mpi-add.o
  CC      net/sched/sch_fifo.o
  CC      lib/mpi/mpi-bit.o
  CC      drivers/regulator/of_regulator.o
  CC [M]  drivers/soc/samsung/cpif/shm_ipc.o
  CC      net/sched/sch_htb.o
  CC      lib/mpi/mpi-cmp.o
  CC      drivers/regulator/fixed.o
  CC      net/sched/sch_ingress.o
  CC [M]  drivers/soc/samsung/cpif/cpif_memlogger.o
  CC      lib/mpi/mpi-sub-ui.o
  AR      drivers/regulator/built-in.a
  CC      lib/fonts/fonts.o
  CC      net/sched/sch_sfq.o
  CC      lib/mpi/mpi-div.o
  CC [M]  drivers/soc/samsung/cpif/cpif_page.o
  CC      lib/fonts/font_8x16.o
  CC      lib/mpi/mpi-inv.o
  AR      lib/fonts/built-in.a
  CC      net/netlink/af_netlink.o
  CC      net/sched/sch_tbf.o
  CC      lib/mpi/mpi-mod.o
  CC [M]  drivers/soc/samsung/cpif/direct_dm.o
  CC      lib/mpi/mpi-mul.o
  CC      net/sched/sch_prio.o
  CC      lib/mpi/mpih-cmp.o
  CC [M]  drivers/soc/samsung/cpif/hook.o
  CC      net/netlink/genetlink.o
  CC      net/sched/sch_multiq.o
  CC      lib/mpi/mpih-div.o
  CC      lib/mpi/mpih-mul.o
  CC      net/sched/sch_netem.o
  CC [M]  drivers/soc/samsung/cpif/modem_main.o
  CC      lib/mpi/mpi-pow.o
  CC      net/netlink/policy.o
  CC      lib/mpi/mpiutil.o
  AR      net/netlink/built-in.a
  LDS     scripts/module.lds
  CC      net/sched/sch_codel.o
  AR      drivers/soc/xilinx/built-in.a
  CC [M]  drivers/soc/samsung/gnssif/gnss_mbox.o
  CC [M]  drivers/soc/samsung/cpif/modem_variation.o
  AR      lib/mpi/built-in.a
  CC      lib/argv_split.o
  CC [M]  drivers/soc/samsung/gnssif/gnss_main.o
  CC [M]  drivers/soc/samsung/cpif/modem_io_device.o
  CC      net/sched/sch_fq_codel.o
  CC      lib/bug.o
  CC      lib/buildid.o
  CC [M]  drivers/soc/samsung/gnssif/gnss_io_device.o
  CC      net/sched/sch_fq.o
  CC [M]  drivers/soc/samsung/cpif/net_io_device.o
  CC      lib/clz_tab.o
  CC      lib/cmdline.o
  CC      lib/cpumask.o
  CC [M]  drivers/soc/samsung/gnssif/gnss_keplerctl_device.o
  CC      lib/ctype.o
  CC      lib/dec_and_lock.o
  CC [M]  drivers/soc/samsung/gnssif/gnss_link_device_shmem.o
  CC      net/sched/cls_u32.o
  CC [M]  drivers/soc/samsung/cpif/io_device.o
  CC      lib/decompress.o
  CC      lib/decompress_inflate.o
  CC      lib/decompress_unlz4.o
  CC [M]  drivers/soc/samsung/gnssif/gnss_link_device_memory.o
  CC [M]  drivers/soc/samsung/cpif/bootdump_io_device.o
  CC      net/sched/cls_fw.o
  CC      lib/decompress_unzstd.o
  CC [M]  drivers/soc/samsung/gnssif/pmu-gnss.o
  CC      lib/dump_stack.o
  CC [M]  drivers/soc/samsung/cpif/modem_toe_device.o
  CC      net/sched/cls_basic.o
  CC [M]  drivers/soc/samsung/gnssif/gnss_utils.o
  CC      lib/earlycpio.o
  CC      lib/extable.o
  CC [M]  drivers/soc/samsung/cpif/modem_utils.o
  CC      net/sched/cls_flow.o
  CC      lib/fdt.o
  CC      lib/fdt_addresses.o
  CC      lib/fdt_empty_tree.o
  CC      lib/fdt_ro.o
  CC      lib/fdt_rw.o
  LTO [M] drivers/soc/samsung/gnssif/gnss_mbox.lto.o
  CC      lib/fdt_strerror.o
  AR [M]  drivers/soc/samsung/gnssif/gnssif.o
  LTO [M] drivers/soc/samsung/gnssif/gnssif.lto.o
  CC      lib/fdt_sw.o
  CC      lib/fdt_wip.o
  CC      lib/flex_proportions.o
  CC [M]  drivers/soc/samsung/pm_qos/exynos_pm_qos.o
  CC      lib/idr.o
  CC      net/sched/cls_bpf.o
  LTO [M] drivers/soc/samsung/pm_qos/exynos_pm_qos.lto.o
  CC      lib/irq_regs.o
  CC      net/bpf/test_run.o
  CC [M]  drivers/soc/samsung/cpif/link_device.o
  CC      lib/is_single_threaded.o
  CC      net/sched/cls_matchall.o
  CC      lib/klist.o
  CC      lib/kobject.o
  AR      net/bpf/built-in.a
  CC      drivers/reset/hisilicon/hi6220_reset.o
  CC [M]  drivers/soc/samsung/cpif/link_device_memory_flow_control.o
  CC      net/sched/ematch.o
  CC      lib/kobject_uevent.o
  CC      drivers/reset/hisilicon/reset-hi3660.o
  CC [M]  drivers/soc/samsung/cpif/link_device_memory_debug.o
  AR      drivers/reset/hisilicon/built-in.a
  CC      drivers/reset/core.o
  CC      net/sched/em_cmp.o
  CC      drivers/reset/reset-scmi.o
  CC [M]  drivers/soc/samsung/cpif/modem_notifier.o
  CC      lib/logic_pio.o
  CC      net/sched/em_nbyte.o
  CC      drivers/reset/reset-simple.o
  CC      lib/memcat_p.o
  CC      drivers/reset/reset-sunxi.o
  CC      net/sched/em_u32.o
  CC      lib/memneq.o
  CC [M]  drivers/soc/samsung/cpif/link_device_memory_snapshot.o
  AR      drivers/reset/built-in.a
  AR      drivers/tty/vt/built-in.a
  CC      drivers/tty/hvc/hvc_dcc.o
  CC      lib/nmi_backtrace.o
  CC      net/sched/em_meta.o
  CC      drivers/tty/hvc/hvc_console.o
  CC [M]  drivers/soc/samsung/cpif/link_device_memory_legacy.o
  CC      lib/nodemask.o
  CC      lib/plist.o
  AR      drivers/tty/hvc/built-in.a
  CC      drivers/tty/serial/8250/8250_core.o
  CC      net/sched/em_text.o
  CC [M]  drivers/soc/samsung/cpif/link_device_memory_sbd.o
  CC      lib/radix-tree.o
  CC      lib/ratelimit.o
  AR      net/sched/built-in.a
  CC      net/ethtool/ioctl.o
  CC      drivers/tty/serial/8250/8250_port.o
  CC [M]  drivers/soc/samsung/cpif/modem_ctrl_s5000ap.o
  CC      lib/rbtree.o
  CC      lib/seq_buf.o
  CC [M]  drivers/soc/samsung/cpif/modem_ctrl.o
  CC      drivers/tty/serial/8250/8250_dma.o
  CC      lib/sha1.o
  CC      lib/show_mem.o
  CC      net/ethtool/common.o
  CC      drivers/tty/serial/8250/8250_dwlib.o
  CC [M]  drivers/soc/samsung/cpif/link_rx_pktproc.o
  CC      lib/siphash.o
  CC      net/ethtool/netlink.o
  CC      drivers/tty/serial/8250/8250_pci.o
  CC      lib/string.o
  CC [M]  drivers/soc/samsung/cpif/link_tx_pktproc.o
  CC      lib/timerqueue.o
  CC      drivers/tty/serial/8250/8250_early.o
  CC      net/ethtool/bitset.o
  CC      lib/vsprintf.o
  CC [M]  drivers/soc/samsung/cpif/cp_btl.o
  CC      drivers/tty/serial/8250/8250_fsl.o
  CC      net/ethtool/strset.o
  CC [M]  drivers/soc/samsung/cpif/cpif_tp_monitor.o
  CC      drivers/tty/serial/8250/8250_dw.o
  CC      lib/win_minmax.o
  CC      net/ethtool/linkinfo.o
  CC      drivers/tty/serial/8250/8250_of.o
  CC      lib/xarray.o
  LTO [M] drivers/soc/samsung/cpif/mcu_ipc.lto.o
  AR      drivers/tty/serial/8250/built-in.a
  CC      drivers/tty/serial/serial_core.o
  LTO [M] drivers/soc/samsung/cpif/shm_ipc.lto.o
  CC      net/ethtool/linkmodes.o
  LTO [M] drivers/soc/samsung/cpif/cpif_memlogger.lto.o
  LTO [M] drivers/soc/samsung/cpif/cpif_page.lto.o
  LTO [M] drivers/soc/samsung/cpif/direct_dm.lto.o
  CC      lib/lockref.o
  LTO [M] drivers/soc/samsung/cpif/hook.lto.o
  AR [M]  drivers/soc/samsung/cpif/cpif.o
  LTO [M] drivers/soc/samsung/cpif/cpif.lto.o
  CC      lib/bcd.o
  CC      lib/sort.o
  CC      lib/parser.o
  CC      drivers/tty/serial/earlycon.o
  CC      net/ethtool/linkstate.o
  CC [M]  drivers/soc/samsung/xperf/main.o
  CC      lib/debug_locks.o
  CC      drivers/tty/serial/amba-pl011.o
  CC      lib/random32.o
  CC [M]  drivers/soc/samsung/xperf/core.o
  CC      lib/bust_spinlocks.o
  CC      net/ethtool/debug.o
  CC [M]  drivers/soc/samsung/xperf/prof.o
  CC      drivers/tty/serial/samsung_tty.o
  CC      lib/kasprintf.o
  CC      net/ethtool/wol.o
  CC      lib/bitmap.o
  CC [M]  drivers/soc/samsung/xperf/memcpy.o
  CC      drivers/tty/serial/qcom_geni_serial.o
  CC      drivers/tty/serial/sprd_serial.o
  CC      net/ethtool/features.o
  CC [M]  drivers/soc/samsung/xperf/pago.o
  CC      lib/scatterlist.o
  CC      drivers/tty/serial/serial_mctrl_gpio.o
  CC      net/ethtool/privflags.o
  CC [M]  drivers/soc/samsung/xperf/gmc.o
  CC      lib/list_sort.o
  CC      lib/uuid.o
  CC      lib/iov_iter.o
  CC [M]  drivers/tty/serial/exynos_tty.o
  CC      net/ethtool/rings.o
  AR [M]  drivers/soc/samsung/xperf/xperf.o
  LTO [M] drivers/soc/samsung/xperf/xperf.lto.o
  CC [M]  drivers/soc/samsung/profiler/v3/exynos-main-profiler.o
  CC      lib/clz_ctz.o
  CC      net/ethtool/channels.o
  CC      lib/bsearch.o
  LTO [M] drivers/tty/serial/exynos_tty.lto.o
  AR      drivers/tty/serial/built-in.a
  CC      drivers/tty/serdev/core.o
  CC      lib/find_bit.o
  CC      net/ethtool/coalesce.o
  CC      lib/llist.o
  CC      drivers/tty/serdev/serdev-ttyport.o
  CC [M]  drivers/soc/samsung/profiler/v3/exynos-cpu-profiler.o
  CC      lib/memweight.o
  CC      lib/kfifo.o
  AR      drivers/tty/serdev/built-in.a
  AR      drivers/tty/ipwireless/built-in.a
  CC      drivers/tty/tty_io.o
  CC [M]  drivers/soc/samsung/profiler/v3/exynos-gpu-profiler.o
  CC      net/ethtool/pause.o
  CC      lib/percpu-refcount.o
  CC [M]  drivers/soc/samsung/profiler/v3/exynos-mif-profiler.o
  CC      drivers/tty/n_tty.o
  CC      net/ethtool/eee.o
  CC      lib/rhashtable.o
  LTO [M] drivers/soc/samsung/profiler/v3/exynos-main-profiler.lto.o
  LTO [M] drivers/soc/samsung/profiler/v3/exynos-cpu-profiler.lto.o
  LTO [M] drivers/soc/samsung/profiler/v3/exynos-gpu-profiler.lto.o
  CC      drivers/tty/tty_ioctl.o
  CC      net/ethtool/tsinfo.o
  LTO [M] drivers/soc/samsung/profiler/v3/exynos-mif-profiler.lto.o
  CC      lib/once.o
  AR      drivers/soc/samsung/built-in.a
  CC [M]  drivers/soc/samsung/exynos-pmu-if.o
  CC      lib/refcount.o
  CC      drivers/tty/tty_ldisc.o
  CC      net/ethtool/cabletest.o
  CC [M]  drivers/soc/samsung/exynos-seh.o
  CC      lib/usercopy.o
  CC      lib/errseq.o
  CC      lib/bucket_locks.o
  CC      drivers/tty/tty_buffer.o
  CC [M]  drivers/soc/samsung/exynos-seclog.o
  CC      net/ethtool/tunnels.o
  CC      lib/generic-radix-tree.o
  CC [M]  drivers/soc/samsung/exynos-bcm_dbg.o
  CC      drivers/tty/tty_port.o
  CC      lib/string_helpers.o
  CC      drivers/tty/tty_mutex.o
  CC      net/ethtool/fec.o
  CC      lib/hexdump.o
  CC [M]  drivers/soc/samsung/exynos-bcm_dbg-dt.o
  CC      lib/kstrtox.o
  CC      drivers/tty/tty_ldsem.o
  CC      net/ethtool/eeprom.o
  CC      lib/pci_iomap.o
  CC      drivers/tty/tty_baudrate.o
  CC [M]  drivers/soc/samsung/exynos-bcm_dbg-8535.o
  CC      lib/iomap_copy.o
  CC      drivers/tty/tty_jobctrl.o
  CC      net/ethtool/stats.o
  CC [M]  drivers/soc/samsung/exynos-wow.o
  CC      lib/devres.o
  CC      drivers/tty/n_null.o
  CC      net/ethtool/phc_vclocks.o
  CC      drivers/tty/pty.o
  CC      lib/trace_readwrite.o
  CC [M]  drivers/soc/samsung/exynos-cpuhp.o
  CC      drivers/tty/tty_audit.o
  AR      net/ethtool/built-in.a
  CC      net/netfilter/ipvs/ip_vs_conn.o
  CC      lib/hweight.o
  CC      drivers/tty/sysrq.o
  CC [M]  drivers/soc/samsung/exynos-cpupm.o
  CC      lib/interval_tree.o
  CC      lib/assoc_array.o
  CC      lib/list_debug.o
  CC [M]  drivers/soc/samsung/exynos-ufcc.o
  CC      drivers/tty/ttynull.o
  CC      lib/bitrev.o
  CC      net/netfilter/ipvs/ip_vs_core.o
  CC      lib/linear_ranges.o
  AR      drivers/tty/built-in.a
  CC      drivers/char/hw_random/core.o
  CC [M]  drivers/soc/samsung/exynos-afm.o
  CC      lib/crc-ccitt.o
  CC      drivers/char/hw_random/hisi-rng.o
  CC      lib/crc16.o
  LTO [M] drivers/soc/samsung/exynos-pmu-if.lto.o
  LTO [M] drivers/soc/samsung/exynos-seh.lto.o
  CC      drivers/char/hw_random/arm_smccc_trng.o
  LTO [M] drivers/soc/samsung/exynos-seclog.lto.o
  AR [M]  drivers/soc/samsung/exynos-bcm.o
  LTO [M] drivers/soc/samsung/exynos-wow.lto.o
  LTO [M] drivers/soc/samsung/exynos-cpuhp.lto.o
  CC      net/netfilter/ipvs/ip_vs_ctl.o
  LTO [M] drivers/soc/samsung/exynos-cpupm.lto.o
  HOSTCC  lib/gen_crc32table
  CC      lib/libcrc32c.o
  LTO [M] drivers/soc/samsung/exynos-ufcc.lto.o
  CC [M]  drivers/char/hw_random/exyswd-rng.o
  LTO [M] drivers/soc/samsung/exynos-afm.lto.o
  LTO [M] drivers/soc/samsung/exynos-bcm.lto.o
  LTO [M] drivers/char/hw_random/exyswd-rng.lto.o
  AR      drivers/char/hw_random/built-in.a
  AR      drivers/char/agp/built-in.a
  CC      lib/crc8.o
  CC      drivers/char/mem.o
  AR      drivers/soc/built-in.a
  CC      net/ipv4/netfilter/nf_defrag_ipv4.o
  CC      net/netfilter/ipvs/ip_vs_sched.o
  CC      lib/xxhash.o
  CC      drivers/char/random.o
  CC      lib/genalloc.o
  CC      net/ipv4/netfilter/nf_socket_ipv4.o
  CC      drivers/char/misc.o
  CC      lib/textsearch.o
  CC      net/netfilter/ipvs/ip_vs_xmit.o
  AR      drivers/char/built-in.a
  AR      drivers/iommu/amd/built-in.a
  AR      drivers/iommu/intel/built-in.a
  AR      drivers/iommu/arm/arm-smmu/built-in.a
  CC      lib/ts_kmp.o
  AR      drivers/iommu/arm/arm-smmu-v3/built-in.a
  AR      drivers/iommu/arm/built-in.a
  AR      drivers/iommu/samsung/built-in.a
  CC [M]  drivers/iommu/samsung/samsung-iommu.o
  CC      lib/ts_bm.o
  CC      net/ipv4/netfilter/nf_tproxy_ipv4.o
  CC      net/netfilter/ipvs/ip_vs_app.o
  CC [M]  drivers/iommu/samsung/samsung-iommu-fault.o
  CC      lib/ts_fsm.o
  CC [M]  drivers/iommu/samsung/samsung-iommu-group.o
  CC      lib/percpu_counter.o
  CC [M]  drivers/iommu/samsung/samsung-secure-iova.o
  CC      lib/audit.o
  CC      net/netfilter/ipvs/ip_vs_sync.o
  CC      net/ipv4/netfilter/nf_reject_ipv4.o
  AR [M]  drivers/iommu/samsung/samsung_iommu.o
  LTO [M] drivers/iommu/samsung/samsung-iommu-group.lto.o
  LTO [M] drivers/iommu/samsung/samsung-secure-iova.lto.o
  LTO [M] drivers/iommu/samsung/samsung_iommu.lto.o
  CC      lib/compat_audit.o
  CC      lib/error-inject.o
  CC      drivers/iommu/iommu.o
  CC      lib/syscall.o
  CC      net/netfilter/ipvs/ip_vs_est.o
  CC      net/ipv4/netfilter/nf_nat_h323.o
  CC      lib/dynamic_debug.o
  CC      drivers/iommu/iommu-traces.o
  CC      net/netfilter/ipvs/ip_vs_proto.o
  CC      drivers/iommu/iommu-sysfs.o
  CC      net/ipv4/netfilter/nf_nat_pptp.o
  CC      lib/errname.o
  CC      lib/nlattr.o
  CC      drivers/iommu/dma-iommu.o
  CC      net/netfilter/ipvs/ip_vs_pe.o
  CC      net/ipv4/netfilter/ip_tables.o
  CC      lib/checksum.o
  CC      lib/cpu_rmap.o
  CC      drivers/iommu/io-pgtable.o
  CC      lib/dynamic_queue_limits.o
  AR      net/netfilter/ipvs/built-in.a
  CC      net/netfilter/core.o
  CC      drivers/iommu/io-pgtable-arm-v7s.o
  CC      lib/glob.o
  CC      net/ipv4/netfilter/iptable_filter.o
  CC      lib/digsig.o
  CC      drivers/iommu/io-pgtable-arm.o
  CC      net/ipv4/netfilter/iptable_mangle.o
  CC      drivers/iommu/iova.o
  CC      lib/strncpy_from_user.o
  CC      net/netfilter/nf_log.o
  CC      net/ipv4/netfilter/iptable_nat.o
  CC      lib/strnlen_user.o
  CC      drivers/iommu/of_iommu.o
  CC      lib/net_utils.o
  AR      drivers/iommu/built-in.a
  AR      drivers/gpu/drm/arm/built-in.a
  CC      drivers/gpu/drm/ttm/ttm_tt.o
  CC      net/netfilter/nf_queue.o
  CC      net/ipv4/netfilter/iptable_raw.o
  CC      lib/sg_pool.o
  CC      drivers/gpu/drm/ttm/ttm_bo.o
  CC      net/ipv4/netfilter/iptable_security.o
  CC      lib/memregion.o
  CC      net/netfilter/nf_sockopt.o
  CC      drivers/gpu/drm/ttm/ttm_bo_util.o
  CC      lib/stackdepot.o
  CC      net/ipv4/netfilter/ipt_REJECT.o
  CC      drivers/gpu/drm/ttm/ttm_bo_vm.o
  CC      lib/bootconfig.o
  CC      net/netfilter/utils.o
  CC      net/ipv4/netfilter/arp_tables.o
  CC      lib/asn1_decoder.o
  CC      drivers/gpu/drm/ttm/ttm_module.o
  GEN     lib/oid_registry_data.c
  CC      lib/ucs2_string.o
  CC      drivers/gpu/drm/ttm/ttm_execbuf_util.o
  CC      net/netfilter/nfnetlink.o
  CC      lib/sbitmap.o
  CC      net/ipv4/netfilter/arpt_mangle.o
  CC      drivers/gpu/drm/ttm/ttm_range_manager.o
  CC      lib/devmem_is_allowed.o
  CC      net/ipv4/netfilter/arptable_filter.o
  CC      net/netfilter/nfnetlink_queue.o
  CC      drivers/gpu/drm/ttm/ttm_resource.o
  AR      lib/lib.a
  GEN     lib/crc32table.h
  CC      lib/oid_registry.o
  CC      net/ipv4/netfilter/nf_dup_ipv4.o
  CC      drivers/gpu/drm/ttm/ttm_pool.o
  CC      lib/crc32.o
  CC      net/netfilter/nfnetlink_log.o
  CC      drivers/gpu/drm/ttm/ttm_device.o
  AR      lib/built-in.a
  CC      drivers/base/power/sysfs.o
  AR      net/ipv4/netfilter/built-in.a
  CC      net/ipv4/route.o
  CC      drivers/base/power/generic_ops.o
  CC      drivers/gpu/drm/ttm/ttm_sys_manager.o
  CC      net/netfilter/nf_conntrack_core.o
  CC      drivers/base/power/common.o
  AR      drivers/gpu/drm/ttm/built-in.a
  AR      drivers/gpu/drm/rcar-du/built-in.a
  AR      drivers/gpu/drm/omapdrm/built-in.a
  AR      drivers/gpu/drm/tilcdc/built-in.a
  AR      drivers/gpu/drm/imx/built-in.a
  AR      drivers/gpu/drm/i2c/built-in.a
  AR      drivers/gpu/drm/panel/built-in.a
  AR      drivers/gpu/drm/bridge/analogix/built-in.a
  AR      drivers/gpu/drm/bridge/cadence/built-in.a
  AR      drivers/gpu/drm/bridge/synopsys/built-in.a
  AR      drivers/gpu/drm/bridge/built-in.a
  AR      drivers/gpu/drm/hisilicon/built-in.a
  AR      drivers/gpu/drm/tiny/built-in.a
  AR      drivers/gpu/drm/xlnx/built-in.a
  AR      drivers/gpu/drm/gud/built-in.a
  CC [M]  drivers/gpu/drm/samsung/dpu/panel/mcd-panel-samsung-drv.o
  CC      drivers/base/power/qos.o
  CC      net/ipv4/inetpeer.o
  CC      net/netfilter/nf_conntrack_standalone.o
  CC      drivers/base/power/runtime.o
  CC [M]  drivers/gpu/drm/samsung/dpu/panel/mcd-panel-samsung-helper.o
  CC      drivers/base/power/wakeirq.o
  CC      net/ipv4/protocol.o
  CC      drivers/base/power/main.o
  CC      net/netfilter/nf_conntrack_expect.o
  LTO [M] drivers/gpu/drm/samsung/dpu/panel/mcd-panel-samsung-drv.lto.o
  LTO [M] drivers/gpu/drm/samsung/dpu/panel/mcd-panel-samsung-helper.lto.o
  CC [M]  drivers/gpu/drm/samsung/dpu/exynos_drm_drv.o
  CC      net/ipv4/ip_input.o
  CC      drivers/base/power/wakeup.o
  CC      net/netfilter/nf_conntrack_helper.o
  CC [M]  drivers/gpu/drm/samsung/dpu/exynos_drm_fb.o
  CC      drivers/base/power/wakeup_stats.o
  CC      net/ipv4/ip_fragment.o
  CC      drivers/base/power/domain.o
  CC [M]  drivers/gpu/drm/samsung/dpu/exynos_drm_format.o
  CC      net/netfilter/nf_conntrack_proto.o
  CC [M]  drivers/gpu/drm/samsung/dpu/exynos_drm_crtc.o
  CC      drivers/base/power/domain_governor.o
  CC      net/ipv4/ip_forward.o
  CC      drivers/base/power/clock_ops.o
  CC [M]  drivers/gpu/drm/samsung/dpu/exynos_drm_plane.o
  CC      net/netfilter/nf_conntrack_proto_generic.o
  AR      drivers/base/power/built-in.a
  UPD     drivers/base/firmware_loader/builtin/tsp_ovt/td4160_a13x_boe.bin.gen.S
  UPD     drivers/base/firmware_loader/builtin/tsp_novatek/nt36672_a14x_2ndbr_tianma.bin.gen.S
  UPD     drivers/base/firmware_loader/builtin/tsp_novatek/nt36672_a14x_2ndbr_tianma_mp.bin.gen.S
  UPD     drivers/base/firmware_loader/builtin/tsp_novatek/nt36672_a14x_tianma.bin.gen.S
  UPD     drivers/base/firmware_loader/builtin/tsp_novatek/nt36672_a14x_tianma_mp.bin.gen.S
  AS      drivers/base/firmware_loader/builtin/tsp_ovt/td4160_a13x_boe.bin.gen.o
  AS      drivers/base/firmware_loader/builtin/tsp_novatek/nt36672_a14x_2ndbr_tianma.bin.gen.o
  AS      drivers/base/firmware_loader/builtin/tsp_novatek/nt36672_a14x_2ndbr_tianma_mp.bin.gen.o
  CC      net/ipv4/ip_options.o
  AS      drivers/base/firmware_loader/builtin/tsp_novatek/nt36672_a14x_tianma.bin.gen.o
  AS      drivers/base/firmware_loader/builtin/tsp_novatek/nt36672_a14x_tianma_mp.bin.gen.o
  AR      drivers/base/firmware_loader/builtin/built-in.a
  CC      drivers/base/firmware_loader/fallback_table.o
  CC [M]  drivers/gpu/drm/samsung/dpu/exynos_drm_encoder.o
  CC      net/netfilter/nf_conntrack_proto_tcp.o
  CC      drivers/base/firmware_loader/main.o
  CC      net/ipv4/ip_output.o
  CC [M]  drivers/gpu/drm/samsung/dpu/exynos_drm_connector.o
  CC      net/netfilter/nf_conntrack_proto_udp.o
  CC      drivers/base/firmware_loader/fallback.o
  CC [M]  drivers/gpu/drm/samsung/dpu/exynos_drm_debug.o
  AR      drivers/base/firmware_loader/built-in.a
  CC      drivers/base/regmap/regmap.o
  CC      net/ipv4/ip_sockglue.o
  CC      net/netfilter/nf_conntrack_proto_icmp.o
  CC [M]  drivers/gpu/drm/samsung/dpu/exynos_drm_gem.o
  CC      drivers/base/regmap/regcache.o
  CC      net/netfilter/nf_conntrack_extend.o
  CC [M]  drivers/gpu/drm/samsung/dpu/exynos_drm_migov.o
  CC      net/ipv4/inet_hashtables.o
  CC      drivers/base/regmap/regcache-rbtree.o
  CC [M]  drivers/gpu/drm/samsung/dpu/exynos_drm_tui.o
  CC      drivers/base/regmap/regcache-flat.o
  CC      net/netfilter/nf_conntrack_acct.o
  CC      drivers/base/regmap/regmap-debugfs.o
  CC      net/ipv4/inet_timewait_sock.o
  CC      drivers/base/regmap/regmap-i2c.o
  CC [M]  drivers/gpu/drm/samsung/dpu/exynos_drm_partial.o
  CC      net/netfilter/nf_conntrack_seqadj.o
  CC [M]  drivers/gpu/drm/samsung/dpu/exynos_drm_recovery.o
  CC      drivers/base/regmap/regmap-spi.o
  CC      net/ipv4/inet_connection_sock.o
  CC      net/netfilter/nf_conntrack_proto_icmpv6.o
  CC      drivers/base/regmap/regmap-mmio.o
  CC [M]  drivers/gpu/drm/samsung/dpu/exynos_drm_freq_hop.o
  CC      drivers/base/regmap/regmap-irq.o
  CC      net/ipv4/tcp.o
  CC      net/netfilter/nf_conntrack_ecache.o
  CC [M]  drivers/gpu/drm/samsung/dpu/exynos_drm_dsc.o
  AR      drivers/base/regmap/built-in.a
  AR      drivers/base/test/built-in.a
  CC      drivers/base/component.o
  CC [M]  drivers/gpu/drm/samsung/dpu/exynos_drm_hibernation.o
  CC      drivers/base/core.o
  CC      net/netfilter/nf_conntrack_proto_dccp.o
  CC      net/ipv4/tcp_input.o
  CC [M]  drivers/gpu/drm/samsung/dpu/exynos_drm_dqe.o
  CC      net/netfilter/nf_conntrack_proto_sctp.o
  CC      drivers/base/bus.o
  CC      drivers/base/dd.o
  CC      net/netfilter/nf_conntrack_proto_gre.o
  CC [M]  drivers/gpu/drm/samsung/dpu/exynos_drm_hdr.o
  CC      net/ipv4/tcp_output.o
  CC      drivers/base/syscore.o
  CC [M]  drivers/gpu/drm/samsung/dpu/exynos_drm_sfr_dma.o
  CC      net/netfilter/nf_conntrack_netlink.o
  CC      drivers/base/driver.o
  CC [M]  drivers/gpu/drm/samsung/dpu/mcd_cal/mcd_drm_dsim.o
  CC      drivers/base/class.o
  CC      net/ipv4/tcp_timer.o
  CC      net/netfilter/nf_conntrack_amanda.o
  CC [M]  drivers/gpu/drm/samsung/dpu/mcd_cal/mcd_drm_helper.o
  CC      drivers/base/platform.o
  CC [M]  drivers/gpu/drm/samsung/dpu/exynos_drm_decon.o
  CC      net/ipv4/tcp_ipv4.o
  CC      drivers/base/cpu.o
  CC      net/netfilter/nf_conntrack_ftp.o
  CC      drivers/base/firmware.o
  CC [M]  drivers/gpu/drm/samsung/dpu/exynos_drm_dpp.o
  CC      drivers/base/init.o
  CC      net/netfilter/nf_conntrack_h323_main.o
  CC      net/ipv4/tcp_minisocks.o
  CC      drivers/base/map.o
  CC      drivers/base/devres.o
  CC [M]  drivers/gpu/drm/samsung/dpu/exynos_drm_dsim.o
  CC      drivers/base/attribute_container.o
  CC      net/ipv4/tcp_cong.o
  CC      net/netfilter/nf_conntrack_h323_asn1.o
  CC      net/netfilter/nf_conntrack_irc.o
  CC      drivers/base/transport_class.o
  CC [M]  drivers/gpu/drm/samsung/dpu/exynos_drm_writeback.o
  CC      drivers/base/topology.o
  CC      net/ipv4/tcp_metrics.o
  CC      drivers/base/container.o
  CC      net/netfilter/nf_conntrack_broadcast.o
  CC [M]  drivers/gpu/drm/samsung/dpu/exynos_drm_dsimfc.o
  CC      drivers/base/property.o
  CC      net/ipv4/tcp_fastopen.o
  CC [M]  drivers/gpu/drm/samsung/dpu/cal_rc/dsimfc_reg.o
  CC      drivers/base/cacheinfo.o
  CC      net/netfilter/nf_conntrack_netbios_ns.o
  CC      drivers/base/swnode.o
  CC [M]  drivers/gpu/drm/samsung/dpu/cal_rc/decon_reg.o
  CC      net/ipv4/tcp_rate.o
  CC      drivers/base/devtmpfs.o
  CC      net/netfilter/nf_conntrack_pptp.o
  CC [M]  drivers/gpu/drm/samsung/dpu/cal_rc/dsim_reg.o
  CC      drivers/base/memory.o
  CC [M]  drivers/gpu/drm/samsung/dpu/cal_rc/dpp_reg.o
  CC      net/ipv4/tcp_recovery.o
  CC      drivers/base/module.o
  CC      net/netfilter/nf_conntrack_sane.o
  CC [M]  drivers/gpu/drm/samsung/dpu/cal_rc/dqe_reg.o
  CC      drivers/base/hypervisor.o
  CC      net/ipv4/tcp_ulp.o
  CC      drivers/base/soc.o
  CC [M]  drivers/gpu/drm/samsung/dpu/cal_rc/hdr_reg.o
  CC      net/netfilter/nf_conntrack_tftp.o
  CC      drivers/base/pinctrl.o
  CC      drivers/base/devcoredump.o
  CC [M]  drivers/gpu/drm/samsung/dpu/exynos_drm_bts.o
  CC      net/ipv4/tcp_offload.o
  CC      drivers/base/platform-msi.o
  CC      net/netfilter/nf_nat_core.o
  AR [M]  drivers/gpu/drm/samsung/dpu/exynos-drm.o
  LTO [M] drivers/gpu/drm/samsung/dpu/exynos-drm.lto.o
  CC      drivers/base/arch_topology.o
  CC      net/ipv4/datagram.o
  CC      drivers/base/trace.o
  CC      net/netfilter/nf_nat_proto.o
  CC      drivers/gpu/drm/drm_bridge_connector.o
  AR      drivers/base/built-in.a
  CC      net/ipv4/raw.o
  CC [M]  drivers/block/zram/zcomp.o
  CC [M]  drivers/block/zram/zram_drv.o
  CC      drivers/gpu/drm/drm_crtc_helper.o
  CC      net/netfilter/nf_nat_helper.o
  CC      net/ipv4/udp.o
  AR [M]  drivers/block/zram/zram.o
  LTO [M] drivers/block/zram/zram.lto.o
  CC      drivers/gpu/drm/drm_dp_helper.o
  CC      drivers/block/brd.o
  CC      drivers/block/loop.o
  CC      net/netfilter/nf_nat_redirect.o
  CC      drivers/gpu/drm/drm_dsc.o
  CC      net/ipv4/udplite.o
  CC      drivers/gpu/drm/drm_probe_helper.o
  AR      drivers/block/built-in.a
  AR      drivers/misc/eeprom/built-in.a
  AR      drivers/misc/cb710/built-in.a
  AR      drivers/misc/ti-st/built-in.a
  AR      drivers/misc/lis3lv02d/built-in.a
  AR      drivers/misc/cardreader/built-in.a
PLATFORM_VERSION is 15
ANDROID_PLATFORM_VERSION is 15
  CC [M]  drivers/misc/samsung/scsc/scsc_log_collector.o
  CC      net/netfilter/nf_nat_masquerade.o
  CC      net/ipv4/udp_offload.o
  CC [M]  drivers/misc/samsung/scsc/scsc_log_collector_proc.o
  CC      drivers/gpu/drm/drm_plane_helper.o
  CC [M]  drivers/misc/samsung/scsc/scsc_log_collector_mmap.o
  CC [M]  drivers/misc/samsung/scsc/scsc_logring_main.o
  CC      net/netfilter/nf_nat_amanda.o
  CC      drivers/gpu/drm/drm_dp_mst_topology.o
  CC      net/ipv4/arp.o
  CC [M]  drivers/misc/samsung/scsc/scsc_logring_ring.o
  CC      net/netfilter/nf_nat_ftp.o
  CC [M]  drivers/misc/samsung/scsc/scsc_logring_debugfs.o
  CC      drivers/gpu/drm/drm_atomic_helper.o
  CC [M]  drivers/misc/samsung/scsc/pmu_cal.o
  CC      net/ipv4/icmp.o
  CC      net/netfilter/nf_nat_irc.o
  CC [M]  drivers/misc/samsung/scsc/pmu_cal_data_8535.o
  CC      drivers/gpu/drm/drm_kms_helper_common.o
  CC [M]  drivers/misc/samsung/scsc/platform_mif_module.o
  CC      net/netfilter/nf_nat_tftp.o
  CC      net/ipv4/devinet.o
  CC      drivers/gpu/drm/drm_dp_dual_mode_helper.o
  CC [M]  drivers/misc/samsung/scsc/platform_mif_s5e8535.o
  CC      net/netfilter/nf_conncount.o
  CC [M]  drivers/misc/samsung/scsc/mxlog_transport.o
  CC      drivers/gpu/drm/drm_simple_kms_helper.o
  CC [M]  drivers/misc/samsung/scsc/fw_panic_record.o
  CC      net/ipv4/af_inet.o
  CC [M]  drivers/misc/samsung/scsc/panicmon.o
  CC      drivers/gpu/drm/drm_modeset_helper.o
  CC      net/netfilter/nf_tables_core.o
  CC [M]  drivers/misc/samsung/scsc/suspendmon.o
  CC [M]  drivers/misc/samsung/scsc/mxlog.o
  CC      drivers/gpu/drm/drm_scdc_helper.o
  CC      net/ipv4/igmp.o
  CC [M]  drivers/misc/samsung/scsc/mxproc.o
  CC      net/netfilter/nf_tables_api.o
  CC [M]  drivers/misc/samsung/scsc/scsc_service.o
  CC      drivers/gpu/drm/drm_gem_atomic_helper.o
  CC [M]  drivers/misc/samsung/scsc/scsc_mx_module.o
  CC      net/ipv4/fib_frontend.o
  CC      drivers/gpu/drm/drm_gem_framebuffer_helper.o
  CC [M]  drivers/misc/samsung/scsc/scsc_mx_impl.o
  CC      net/netfilter/nft_chain_filter.o
  CC      drivers/gpu/drm/drm_atomic_state_helper.o
  CC      net/ipv4/fib_semantics.o
  CC [M]  drivers/misc/samsung/scsc/miframman.o
  CC [M]  drivers/misc/samsung/scsc/mifmboxman.o
  CC      drivers/gpu/drm/drm_damage_helper.o
  CC      net/netfilter/nf_tables_trace.o
  CC [M]  drivers/misc/samsung/scsc/mifproc.o
  CC [M]  drivers/misc/samsung/scsc/mifintrbit.o
  CC      net/ipv4/fib_trie.o
  CC      drivers/gpu/drm/drm_format_helper.o
  CC [M]  drivers/misc/samsung/scsc/fwimage.o
  CC      net/netfilter/nft_immediate.o
  CC [M]  drivers/misc/samsung/scsc/cpacket_buffer.o
  CC      drivers/gpu/drm/drm_self_refresh_helper.o
  CC [M]  drivers/misc/samsung/scsc/mifstream.o
  CC      net/netfilter/nft_cmp.o
  CC [M]  drivers/misc/samsung/scsc/mxmgmt_transport.o
  CC      drivers/gpu/drm/bridge/panel.o
  CC      net/ipv4/fib_notifier.o
  CC [M]  drivers/misc/samsung/scsc/gdb_transport.o
  CC      net/netfilter/nft_range.o
  CC      drivers/gpu/drm/drm_fb_cma_helper.o
  CC [M]  drivers/misc/samsung/scsc/scsc_lerna.o
  CC      net/ipv4/inet_fragment.o
  CC [M]  drivers/misc/samsung/scsc/mxsyserr.o
  CC      net/netfilter/nft_bitwise.o
  CC [M]  drivers/misc/samsung/scsc/mxfwconfig.o
  CC      drivers/gpu/drm/drm_aperture.o
  CC [M]  drivers/misc/samsung/scsc/mx140_file.o
  CC      net/ipv4/ping.o
  CC      net/netfilter/nft_byteorder.o
  CC      drivers/gpu/drm/drm_auth.o
  CC [M]  drivers/misc/samsung/scsc/scsc_wlbtd.o
  CC      net/netfilter/nft_payload.o
  CC      drivers/gpu/drm/drm_cache.o
  CC      net/ipv4/ip_tunnel_core.o
  CC [M]  drivers/misc/samsung/scsc/mifqos.o
  CC [M]  drivers/misc/samsung/scsc/scsc_log_in_dram.o
  CC      drivers/gpu/drm/drm_file.o
  CC      net/netfilter/nft_lookup.o
  CC [M]  drivers/misc/samsung/scsc/mxman_split.o
  CC      net/ipv4/gre_offload.o
  CC      drivers/gpu/drm/drm_gem.o
  CC      net/netfilter/nft_dynset.o
  CC [M]  drivers/misc/samsung/scsc/mxman_res.o
  CC      net/ipv4/metrics.o
  CC [M]  drivers/misc/samsung/scsc/mxman_if.o
  CC      drivers/gpu/drm/drm_ioctl.o
  CC      net/netfilter/nft_meta.o
  CC [M]  drivers/misc/samsung/scsc/whdr.o
  CC      drivers/gpu/drm/drm_irq.o
  CC      net/ipv4/netlink.o
  CC [M]  drivers/misc/samsung/scsc/fhdr.o
  CC      net/netfilter/nft_rt.o
  CC      drivers/gpu/drm/drm_drv.o
  CC [M]  drivers/misc/samsung/scsc/bhdr.o
  CC [M]  drivers/misc/samsung/scsc/mifpmuman.o
  CC [M]  drivers/misc/samsung/scsc/fw_obj_index.o
  CC      net/ipv4/nexthop.o
  CC      net/netfilter/nft_exthdr.o
  CC      drivers/gpu/drm/drm_sysfs.o
  CC [M]  drivers/misc/samsung/scsc/mxman_sysevent.o
  CC [M]  drivers/misc/samsung/scsc/mxlogger_split.o
  CC      drivers/gpu/drm/drm_hashtab.o
  CC [M]  drivers/misc/samsung/scsc/client_test.o
  CC      net/netfilter/nft_last.o
  CC [M]  drivers/misc/samsung/scsc/mx_mmap.o
  CC      net/ipv4/udp_tunnel_stub.o
  CC      drivers/gpu/drm/drm_mm.o
  CC [M]  drivers/misc/samsung/scsc/mx250_fm.o
  CC      net/netfilter/nft_chain_route.o
  CC      drivers/gpu/drm/drm_crtc.o
  CC [M]  drivers/misc/samsung/scsc/mx250_fm_test.o
  CC      net/ipv4/ip_tunnel.o
  CC      net/netfilter/nf_tables_offload.o
  AR [M]  drivers/misc/samsung/scsc/scsc_log_collection.o
  AR [M]  drivers/misc/samsung/scsc/scsc_logring.o
  AR [M]  drivers/misc/samsung/scsc/scsc_platform_mif.o
  AR [M]  drivers/misc/samsung/scsc/scsc_mx.o
  AR [M]  drivers/misc/samsung/scsc/mx_client_test.o
  AR [M]  drivers/misc/samsung/scsc/scsc_mmap.o
  AR [M]  drivers/misc/samsung/scsc/scsc_mx250_fm.o
  LTO [M] drivers/misc/samsung/scsc/scsc_log_collection.lto.o
  LTO [M] drivers/misc/samsung/scsc/scsc_logring.lto.o
  CC      drivers/gpu/drm/drm_fourcc.o
  LTO [M] drivers/misc/samsung/scsc/scsc_platform_mif.lto.o
  LTO [M] drivers/misc/samsung/scsc/scsc_mx.lto.o
  CC      drivers/gpu/drm/drm_modes.o
  CC      net/netfilter/nft_set_hash.o
  CC      net/ipv4/sysctl_net_ipv4.o
  LTO [M] drivers/misc/samsung/scsc/mx_client_test.lto.o
  LTO [M] drivers/misc/samsung/scsc/scsc_mmap.lto.o
  LTO [M] drivers/misc/samsung/scsc/scsc_mx250_fm.lto.o
PLATFORM_VERSION is 15
  CC [M]  drivers/misc/samsung/scsc_bt/scsc_bt_module.o
  CC      drivers/gpu/drm/drm_edid.o
  CC      net/ipv4/proc.o
  CC      net/netfilter/nft_set_bitmap.o
  CC [M]  drivers/misc/samsung/scsc_bt/scsc_shm.o
  CC [M]  drivers/misc/samsung/scsc_bt/scsc_avdtp_detect.o
  CC      drivers/gpu/drm/drm_displayid.o
  CC      net/netfilter/nft_set_rbtree.o
  CC      net/ipv4/fib_rules.o
  CC [M]  drivers/misc/samsung/scsc_bt/scsc_bt_qos.o
  CC      drivers/gpu/drm/drm_encoder_slave.o
  AR [M]  drivers/misc/samsung/scsc_bt/scsc_bt.o
  LTO [M] drivers/misc/samsung/scsc_bt/scsc_bt.lto.o
  AR      drivers/misc/samsung/built-in.a
  CC [M]  drivers/misc/tzdev/core/subsystem.o
  CC      net/netfilter/nft_set_pipapo.o
  CC      net/ipv4/ipip.o
  CC      drivers/gpu/drm/drm_trace_points.o
  CC [M]  drivers/misc/tzdev/core/cdev.o
  CC [M]  drivers/misc/tzdev/core/cred.o
  CC      drivers/gpu/drm/drm_prime.o
  CC      net/netfilter/x_tables.o
  CC [M]  drivers/misc/tzdev/core/event.o
  CC      net/ipv4/gre_demux.o
  CC [M]  drivers/misc/tzdev/core/iwio.o
  CC      drivers/gpu/drm/drm_rect.o
  CC [M]  drivers/misc/tzdev/core/iwservice.o
  CC      drivers/gpu/drm/drm_vma_manager.o
  CC      net/ipv4/ip_gre.o
  CC [M]  drivers/misc/tzdev/core/iwsock.o
  CC      net/netfilter/xt_tcpudp.o
  CC      drivers/gpu/drm/drm_flip_work.o
  CC [M]  drivers/misc/tzdev/core/kthread_pool.o
  CC      net/netfilter/xt_mark.o
  CC      drivers/gpu/drm/drm_modeset_lock.o
  CC      net/ipv4/udp_tunnel_core.o
  CC [M]  drivers/misc/tzdev/core/log.o
  CC [M]  drivers/misc/tzdev/core/notifier.o
  CC      net/netfilter/xt_connmark.o
  CC      drivers/gpu/drm/drm_atomic.o
  CC [M]  drivers/misc/tzdev/core/ree_time.o
  CC      net/ipv4/udp_tunnel_nic.o
  CC      net/netfilter/xt_nat.o
  CC [M]  drivers/misc/tzdev/core/sysdep.o
  CC      drivers/gpu/drm/drm_bridge.o
  CC [M]  drivers/misc/tzdev/core/tzdev.o
  CC      net/netfilter/xt_CHECKSUM.o
  CC      net/ipv4/ip_vti.o
  CC      drivers/gpu/drm/drm_framebuffer.o
  CC [M]  drivers/misc/tzdev/core/uiwsock.o
  CC [M]  drivers/misc/tzdev/core/smc_channel.o
  CC      net/ipv4/syncookies.o
  CC      net/netfilter/xt_CLASSIFY.o
  CC      drivers/gpu/drm/drm_connector.o
  CC [M]  drivers/misc/tzdev/core/iw_mem.o
  CC      net/netfilter/xt_CONNSECMARK.o
  CC [M]  drivers/misc/tzdev/core/iw_events.o
  CC      net/ipv4/esp4.o
  CC      drivers/gpu/drm/drm_blend.o
  CC [M]  drivers/misc/tzdev/core/iw_shmem.o
  CC      net/netfilter/xt_CT.o
  CC [M]  drivers/misc/tzdev/core/uiwshmem.o
  CC      drivers/gpu/drm/drm_encoder.o
  CC      net/ipv4/tunnel4.o
  CC [M]  drivers/misc/tzdev/core/iwlog.o
  CC      net/netfilter/xt_DSCP.o
  CC [M]  drivers/misc/tzdev/core/iwio_impl_tz.o
  CC      drivers/gpu/drm/drm_mode_object.o
  CC [M]  drivers/misc/tzdev/core/iw_mem_impl_tz.o
  CC      net/netfilter/xt_HL.o
  CC      net/ipv4/netfilter.o
  CC [M]  drivers/misc/tzdev/core/smc_channel_impl_tz.o
  CC      drivers/gpu/drm/drm_property.o
  CC [M]  drivers/misc/tzdev/core/platform.o
  CC      net/netfilter/xt_NETMAP.o
  CC [M]  drivers/misc/tzdev/lib/circ_buf.o
  CC      drivers/gpu/drm/drm_plane.o
  CC      net/ipv4/inet_diag.o
  CC [M]  drivers/misc/tzdev/lib/circ_buf_packet.o
  CC [M]  drivers/misc/tzdev/extensions/irs.o
  CC      net/netfilter/xt_NFLOG.o
  CC [M]  drivers/misc/tzdev/teec/context.o
  CC      drivers/gpu/drm/drm_color_mgmt.o
  CC      net/netfilter/xt_NFQUEUE.o
  CC [M]  drivers/misc/tzdev/teec/misc.o
  CC      net/ipv4/tcp_diag.o
  CC [M]  drivers/misc/tzdev/teec/session.o
  CC      net/netfilter/xt_REDIRECT.o
  CC      drivers/gpu/drm/drm_print.o
  CC      net/ipv4/udp_diag.o
  CC      drivers/gpu/drm/drm_dumb_buffers.o
  CC [M]  drivers/misc/tzdev/teec/shared_memory.o
  CC      net/netfilter/xt_MASQUERADE.o
  CC      drivers/gpu/drm/drm_mode_config.o
  CC [M]  drivers/misc/tzdev/debug/iw_boot_log.o
  CC      net/ipv4/tcp_bbr.o
  CC      net/netfilter/xt_SECMARK.o
  AR [M]  drivers/misc/tzdev/tzdev.o
  LTO [M] drivers/misc/tzdev/tzdev.lto.o
  CC      drivers/gpu/drm/drm_vblank.o
  CC [M]  drivers/misc/tui/main.o
  CC      net/ipv4/tcp_cubic.o
  CC      net/netfilter/xt_TPROXY.o
  CC [M]  drivers/misc/tui/stui_core.o
  CC      drivers/gpu/drm/drm_syncobj.o
  CC [M]  drivers/misc/tui/platforms/exynos8535/stui_hal_display.o
  CC      net/ipv4/tcp_westwood.o
  CC      net/netfilter/xt_TCPMSS.o
  CC [M]  drivers/misc/tui/platforms/exynos8535/stui_hal_touch.o
  CC      drivers/gpu/drm/drm_lease.o
  CC [M]  drivers/misc/tui/stui_inf.o
  CC      net/ipv4/tcp_bpf.o
  CC      net/netfilter/xt_TEE.o
  CC      drivers/gpu/drm/drm_writeback.o
  AR [M]  drivers/misc/tui/tuihw.o
  AR [M]  drivers/misc/tui/tuihw-inf.o
  LTO [M] drivers/misc/tui/tuihw.lto.o
  LTO [M] drivers/misc/tui/tuihw-inf.lto.o
  CC      drivers/misc/sram.o
  CC      net/netfilter/xt_TRACE.o
  CC      drivers/gpu/drm/drm_client.o
  CC      drivers/misc/uid_sys_stats.o
  CC      net/ipv4/udp_bpf.o
  CC      net/netfilter/xt_IDLETIMER.o
  AR      drivers/misc/built-in.a
  CC      net/xfrm/xfrm_policy.o
  CC      drivers/gpu/drm/drm_client_modeset.o
  CC      net/netfilter/xt_addrtype.o
  CC      net/ipv4/xfrm4_policy.o
  CC      drivers/gpu/drm/drm_atomic_uapi.o
  CC      net/netfilter/xt_bpf.o
  CC      net/xfrm/xfrm_state.o
  CC      net/ipv4/xfrm4_state.o
  CC      net/netfilter/xt_comment.o
  CC      drivers/gpu/drm/drm_hdcp.o
  CC      net/ipv4/xfrm4_input.o
  CC      net/netfilter/xt_connlimit.o
  CC      drivers/gpu/drm/drm_managed.o
  CC      net/xfrm/xfrm_hash.o
  CC      net/xfrm/xfrm_input.o
  CC      drivers/gpu/drm/drm_vblank_work.o
  CC      net/netfilter/xt_conntrack.o
  CC      net/ipv4/xfrm4_output.o
  CC      drivers/gpu/drm/drm_ioc32.o
  CC      net/netfilter/xt_dscp.o
  CC      net/ipv4/xfrm4_protocol.o
  CC      net/xfrm/xfrm_output.o
  CC      drivers/gpu/drm/drm_gem_cma_helper.o
  CC      net/netfilter/xt_ecn.o
  CC      drivers/gpu/drm/drm_gem_shmem_helper.o
  CC      net/ipv4/bpf_tcp_ca.o
  CC      net/netfilter/xt_esp.o
  CC      net/xfrm/xfrm_sysctl.o
  CC      drivers/gpu/drm/drm_panel.o
  CC [M]  net/ipv4/tcp_bic.o
  CC      net/xfrm/xfrm_replay.o
  CC      net/netfilter/xt_hashlimit.o
  CC      drivers/gpu/drm/drm_of.o
  CC [M]  net/ipv4/tcp_htcp.o
  CC      net/netfilter/xt_helper.o
  CC      net/xfrm/xfrm_device.o
  CC      drivers/gpu/drm/drm_pci.o
  LTO [M] net/ipv4/tcp_bic.lto.o
  LTO [M] net/ipv4/tcp_htcp.lto.o
  CC      drivers/gpu/drm/drm_debugfs.o
  AR      net/ipv4/built-in.a
  AR      drivers/gpu/vga/built-in.a
  CC      net/netfilter/xt_hl.o
  CC      net/xfrm/xfrm_proc.o
  CC [M]  drivers/mfd/samsung/pmic/s2mpu15_core_8535.o
  CC      drivers/gpu/drm/drm_debugfs_crc.o
  CC      net/netfilter/xt_iprange.o
  CC      net/xfrm/xfrm_algo.o
  CC [M]  drivers/mfd/samsung/pmic/s2mpu15_irq_8535.o
  CC      net/netfilter/xt_ipvs.o
  CC      drivers/gpu/drm/drm_mipi_dsi.o
  CC [M]  drivers/mfd/samsung/pmic/s2mpa05_core_8535.o
  CC      net/xfrm/xfrm_user.o
  CC      net/netfilter/xt_l2tp.o
  CC      drivers/gpu/drm/drm_panel_orientation_quirks.o
  CC [M]  drivers/mfd/samsung/pmic/s2mpa05_notifier_8535.o
  CC      net/netfilter/xt_length.o
  AR      drivers/gpu/drm/built-in.a
  CC [M]  drivers/gpu/arm/v_r38p1/mali_kbase_cache_policy.o
  CC      net/xfrm/xfrm_ipcomp.o
  AR [M]  drivers/mfd/samsung/pmic/s2mpu15_mfd.o
  AR [M]  drivers/mfd/samsung/pmic/s2mpa05_mfd.o
  LTO [M] drivers/mfd/samsung/pmic/s2mpu15_mfd.lto.o
  LTO [M] drivers/mfd/samsung/pmic/s2mpa05_mfd.lto.o
  CC      drivers/mfd/act8945a.o
  CC      net/netfilter/xt_limit.o
  CC      drivers/mfd/mfd-core.o
  CC [M]  drivers/gpu/arm/v_r38p1/mali_kbase_ccswe.o
  CC      net/xfrm/xfrm_interface_core.o
  CC [M]  drivers/gpu/arm/v_r38p1/mali_kbase_mem.o
  CC      net/netfilter/xt_mac.o
  CC      drivers/mfd/syscon.o
  AR      drivers/mfd/built-in.a
  CC      net/unix/af_unix.o
  AR      net/xfrm/built-in.a
  CC      net/netfilter/xt_multiport.o
  AR      drivers/nfc/built-in.a
  CC [M]  drivers/gpu/arm/v_r38p1/mali_kbase_mem_pool_group.o
  CC [M]  drivers/nfc/cold_reset.o
  CC [M]  drivers/gpu/arm/v_r38p1/mali_kbase_native_mgm.o
  CC [M]  drivers/nfc/nfc_logger/nfc_logger.o
  CC      net/netfilter/xt_owner.o
  CC      net/unix/garbage.o
  CC [M]  drivers/gpu/arm/v_r38p1/mali_kbase_ctx_sched.o
  CC [M]  drivers/nfc/pn547.o
  CC      net/netfilter/xt_pkttype.o
  CC [M]  drivers/gpu/arm/v_r38p1/mali_kbase_gpuprops.o
  CC      net/unix/sysctl_net_unix.o
  AR [M]  drivers/nfc/nfc_sec.o
  LTO [M] drivers/nfc/nfc_sec.lto.o
  CC      drivers/nvdimm/core.o
  CC [M]  drivers/gpu/arm/v_r38p1/mali_kbase_pm.o
  CC      net/netfilter/xt_policy.o
  CC      net/unix/unix_bpf.o
  CC      drivers/nvdimm/bus.o
  CC [M]  drivers/gpu/arm/v_r38p1/mali_kbase_config.o
  CC      net/netfilter/xt_quota.o
  CC      net/unix/diag.o
  CC [M]  drivers/gpu/arm/v_r38p1/mali_kbase_kinstr_prfcnt.o
  CC      drivers/nvdimm/dimm_devs.o
  CC      net/netfilter/xt_quota2.o
  CC      net/unix/scm.o
  CC [M]  drivers/gpu/arm/v_r38p1/mali_kbase_vinstr.o
  CC      net/netfilter/xt_socket.o
  CC      drivers/nvdimm/dimm.o
  CC [M]  drivers/gpu/arm/v_r38p1/mali_kbase_hwcnt.o
  AR      net/unix/built-in.a
  CC      net/ipv6/netfilter/ip6_tables.o
  CC      drivers/nvdimm/region_devs.o
  CC [M]  drivers/gpu/arm/v_r38p1/mali_kbase_hwcnt_gpu.o
  CC [M]  drivers/gpu/arm/v_r38p1/mali_kbase_hwcnt_gpu_narrow.o
  CC      net/netfilter/xt_state.o
  CC [M]  drivers/gpu/arm/v_r38p1/mali_kbase_hwcnt_types.o
  CC      drivers/nvdimm/region.o
  CC [M]  drivers/gpu/arm/v_r38p1/mali_kbase_hwcnt_virtualizer.o
  CC      net/ipv6/netfilter/ip6table_filter.o
  CC      net/netfilter/xt_statistic.o
  CC [M]  drivers/gpu/arm/v_r38p1/mali_kbase_hwcnt_watchdog_if_timer.o
  CC      drivers/nvdimm/namespace_devs.o
  CC [M]  drivers/gpu/arm/v_r38p1/mali_kbase_softjobs.o
  CC      net/netfilter/xt_string.o
  CC      net/ipv6/netfilter/ip6table_mangle.o
  CC      drivers/nvdimm/label.o
  CC      net/netfilter/xt_time.o
  CC [M]  drivers/gpu/arm/v_r38p1/mali_kbase_hw.o
  CC      net/ipv6/netfilter/ip6table_raw.o
  CC      drivers/nvdimm/badrange.o
  CC [M]  drivers/gpu/arm/v_r38p1/mali_kbase_debug.o
  CC      net/netfilter/xt_u32.o
  CC      drivers/nvdimm/claim.o
  CC      net/ipv6/netfilter/nf_defrag_ipv6_hooks.o
  CC [M]  drivers/gpu/arm/v_r38p1/mali_kbase_gpu_memory_debugfs.o
  AR      net/netfilter/built-in.a
  CC      net/packet/af_packet.o
  CC      drivers/nvdimm/btt_devs.o
  CC [M]  drivers/gpu/arm/v_r38p1/mali_kbase_mem_linux.o
  CC      net/ipv6/netfilter/nf_conntrack_reasm.o
  CC      drivers/nvdimm/pmem.o
  CC      net/packet/diag.o
  CC [M]  drivers/gpu/arm/v_r38p1/mali_kbase_core_linux.o
  CC      drivers/nvdimm/btt.o
  CC      net/ipv6/netfilter/nf_socket_ipv6.o
  AR      net/packet/built-in.a
  AR      drivers/gpu/arm/built-in.a
  CC      drivers/gpu/trace/trace_gpu_mem.o
  CC      drivers/nvdimm/of_pmem.o
  CC [M]  drivers/gpu/arm/v_r38p1/mali_kbase_mem_profile_debugfs.o
  AR      drivers/gpu/trace/built-in.a
  AR      drivers/dax/pmem/built-in.a
  AR      drivers/nvdimm/built-in.a
  AR      drivers/dax/hmem/built-in.a
  CC [M]  drivers/gpu/arm/v_r38p1/mali_kbase_disjoint_events.o
  CC      drivers/dax/super.o
  CC      net/ipv6/netfilter/nf_tproxy_ipv6.o
  CC      net/ipv6/af_inet6.o
  CC      drivers/dax/bus.o
  CC [M]  drivers/gpu/arm/v_r38p1/mali_kbase_debug_mem_view.o
  CC      net/ipv6/netfilter/nf_reject_ipv6.o
  AR      drivers/dax/built-in.a
  CC      drivers/dma-buf/heaps/samsung/hpa_heap.o
  CC [M]  drivers/gpu/arm/v_r38p1/mali_kbase_debug_mem_zones.o
  CC      net/key/af_key.o
  CC [M]  drivers/gpu/arm/v_r38p1/mali_kbase_smc.o
  CC [M]  drivers/dma-buf/heaps/samsung/dma-buf-container.o
  CC      net/ipv6/netfilter/nf_dup_ipv6.o
  AR      net/key/built-in.a
  CC      drivers/dma-buf/heaps/deferred-free-helper.o
  CC [M]  drivers/gpu/arm/v_r38p1/mali_kbase_mem_pool.o
  CC [M]  drivers/dma-buf/heaps/samsung/heap_dma_buf.o
  CC [M]  drivers/dma-buf/heaps/samsung/samsung_heap.o
  CC      drivers/dma-buf/dma-buf.o
  CC [M]  drivers/gpu/arm/v_r38p1/mali_kbase_mem_pool_debugfs.o
  CC      net/ipv6/netfilter/ip6t_rpfilter.o
  CC [M]  drivers/dma-buf/heaps/samsung/dma-buf-trace.o
  CC [M]  drivers/gpu/arm/v_r38p1/mali_kbase_debugfs_helper.o
  CC      drivers/dma-buf/dma-fence.o
  CC      net/ipv6/netfilter/ip6t_REJECT.o
  CC [M]  drivers/gpu/arm/v_r38p1/mali_kbase_strings.o
  CC [M]  drivers/gpu/arm/v_r38p1/mali_kbase_as_fault_debugfs.o
  CC [M]  drivers/dma-buf/heaps/samsung/secure_buffer.o
  AR      drivers/macintosh/built-in.a
  CC      net/ipv6/anycast.o
  CC [M]  drivers/gpu/arm/v_r38p1/mali_kbase_regs_history_debugfs.o
  CC [M]  drivers/dma-buf/heaps/samsung/chunk_heap.o
  AR      net/ipv6/netfilter/built-in.a
  AR      net/bridge/netfilter/built-in.a
  CC      net/bridge/br.o
  CC [M]  drivers/gpu/arm/v_r38p1/mali_kbase_dvfs_debugfs.o
  CC [M]  drivers/dma-buf/heaps/samsung/cma_heap.o
  CC      net/ipv6/ip6_output.o
  CC      net/bridge/br_device.o
  CC [M]  drivers/gpu/arm/v_r38p1/mali_power_gpu_frequency_trace.o
  CC [M]  drivers/dma-buf/heaps/samsung/carveout_heap.o
  CC [M]  drivers/gpu/arm/v_r38p1/mali_kbase_trace_gpu_mem.o
  CC [M]  drivers/dma-buf/heaps/samsung/system_heap.o
  CC [M]  drivers/dma-buf/heaps/samsung/rbin_heap.o
  CC [M]  drivers/gpu/arm/v_r38p1/mali_kbase_pbha.o
  CC      net/bridge/br_fdb.o
  CC      net/ipv6/ip6_input.o
  CC [M]  drivers/dma-buf/heaps/samsung/rbincache.o
  CC [M]  drivers/gpu/arm/v_r38p1/mali_kbase_pbha_debugfs.o
  CC [M]  drivers/dma-buf/heaps/samsung/rbinregion.o
  CC [M]  drivers/gpu/arm/v_r38p1/mali_kbase_fence_ops.o
  CC      net/ipv6/addrconf.o
  CC      net/bridge/br_forward.o
  LTO [M] drivers/dma-buf/heaps/samsung/dma-buf-container.lto.o
  AR [M]  drivers/dma-buf/heaps/samsung/samsung_dma_heap.o
  AR      drivers/dma-buf/heaps/samsung/built-in.a
  LTO [M] drivers/dma-buf/heaps/samsung/samsung_dma_heap.lto.o
  CC [M]  drivers/gpu/arm/v_r38p1/mali_kbase_sync_file.o
  CC      drivers/dma-buf/heaps/page_pool.o
  CC [M]  drivers/gpu/arm/v_r38p1/mali_kbase_sync_common.o
  CC      net/bridge/br_if.o
  AR      drivers/dma-buf/heaps/built-in.a
  CC      drivers/dma-buf/dma-fence-array.o
  CC [M]  drivers/gpu/arm/v_r38p1/mali_kbase_jm.o
  CC      net/ipv6/addrlabel.o
  CC      drivers/dma-buf/dma-fence-chain.o
  CC [M]  drivers/gpu/arm/v_r38p1/mali_kbase_hwcnt_backend_jm.o
  CC      drivers/dma-buf/dma-fence-unwrap.o
  CC      net/ipv6/route.o
  CC      drivers/dma-buf/dma-resv.o
  CC      net/bridge/br_input.o
  CC [M]  drivers/gpu/arm/v_r38p1/mali_kbase_hwcnt_backend_jm_watchdog.o
  CC      drivers/dma-buf/seqno-fence.o
  CC [M]  drivers/gpu/arm/v_r38p1/mali_kbase_dummy_job_wa.o
  CC      drivers/dma-buf/dma-heap.o
  CC      net/bridge/br_ioctl.o
  CC [M]  drivers/gpu/arm/v_r38p1/mali_kbase_debug_job_fault.o
  CC      net/ipv6/ip6_fib.o
  CC      drivers/dma-buf/sync_file.o
  CC [M]  drivers/gpu/arm/v_r38p1/mali_kbase_event.o
  CC      net/bridge/br_stp.o
  CC      drivers/dma-buf/dma-buf-sysfs-stats.o
  CC [M]  drivers/gpu/arm/v_r38p1/mali_kbase_jd.o
  CC      net/ipv6/ipv6_sockglue.o
  AR      drivers/dma-buf/built-in.a
  CC      net/can/af_can.o
  CC      net/bridge/br_stp_bpdu.o
  CC [M]  drivers/gpu/arm/v_r38p1/mali_kbase_jd_debugfs.o
  CC      net/bridge/br_stp_if.o
  CC      net/can/proc.o
  CC      net/ipv6/ndisc.o
  CC [M]  drivers/gpu/arm/v_r38p1/mali_kbase_js.o
  CC      net/can/raw.o
  CC      net/bridge/br_stp_timer.o
  CC [M]  drivers/gpu/arm/v_r38p1/mali_kbase_js_ctx_attr.o
  CC      net/ipv6/udp.o
  CC      net/can/bcm.o
  CC      net/bridge/br_netlink.o
  CC [M]  drivers/gpu/arm/v_r38p1/mali_kbase_kinstr_jm.o
  CC      net/can/gw.o
  CC      net/bridge/br_netlink_tunnel.o
  CC [M]  drivers/gpu/arm/v_r38p1/mali_kbase_fence.o
  CC      net/ipv6/udplite.o
  AR      net/can/built-in.a
  CC      net/bluetooth/rfcomm/core.o
  CC      net/bridge/br_arp_nd_proxy.o
  CC [M]  drivers/gpu/arm/v_r38p1/context/mali_kbase_context.o
  CC      net/ipv6/raw.o
  CC [M]  drivers/gpu/arm/v_r38p1/context/backend/mali_kbase_context_jm.o
  CC      net/bridge/br_sysfs_if.o
  CC      net/bluetooth/rfcomm/sock.o
  CC [M]  drivers/gpu/arm/v_r38p1/debug/mali_kbase_debug_ktrace.o
  CC      net/ipv6/icmp.o
  CC      net/bridge/br_sysfs_br.o
  CC      net/bluetooth/rfcomm/tty.o
  CC [M]  drivers/gpu/arm/v_r38p1/debug/backend/mali_kbase_debug_ktrace_jm.o
  CC      net/bridge/br_nf_core.o
  AR      net/bluetooth/rfcomm/built-in.a
  CC      net/bluetooth/hidp/core.o
  CC      net/ipv6/mcast.o
  CC [M]  drivers/gpu/arm/v_r38p1/device/mali_kbase_device.o
  CC      net/bridge/br_multicast.o
  CC [M]  drivers/gpu/arm/v_r38p1/device/mali_kbase_device_hw.o
  CC      net/bluetooth/hidp/sock.o
  CC      net/ipv6/reassembly.o
  CC [M]  drivers/gpu/arm/v_r38p1/device/backend/mali_kbase_device_jm.o
  AR      net/bluetooth/hidp/built-in.a
  CC      net/bluetooth/af_bluetooth.o
  CC [M]  drivers/gpu/arm/v_r38p1/device/backend/mali_kbase_device_hw_jm.o
  CC      net/bridge/br_mdb.o
  CC      net/ipv6/tcp_ipv6.o
  CC [M]  drivers/gpu/arm/v_r38p1/backend/gpu/mali_kbase_cache_policy_backend.o
  CC      net/bluetooth/hci_core.o
  CC      net/bridge/br_multicast_eht.o
  CC [M]  drivers/gpu/arm/v_r38p1/backend/gpu/mali_kbase_gpuprops_backend.o
  CC      net/ipv6/ping.o
  CC      net/bridge/br_vlan.o
  CC [M]  drivers/gpu/arm/v_r38p1/backend/gpu/mali_kbase_irq_linux.o
  CC      net/bluetooth/hci_conn.o
  CC      net/ipv6/exthdrs.o
  CC [M]  drivers/gpu/arm/v_r38p1/backend/gpu/mali_kbase_js_backend.o
  CC      net/bridge/br_vlan_tunnel.o
  CC [M]  drivers/gpu/arm/v_r38p1/backend/gpu/mali_kbase_pm_backend.o
  CC      net/bluetooth/hci_event.o
  CC      net/ipv6/datagram.o
  CC      net/bridge/br_vlan_options.o
  CC [M]  drivers/gpu/arm/v_r38p1/backend/gpu/mali_kbase_pm_driver.o
  CC      net/bluetooth/mgmt.o
  CC      net/bridge/br_netfilter_hooks.o
  CC [M]  drivers/gpu/arm/v_r38p1/backend/gpu/mali_kbase_pm_metrics.o
  CC      net/ipv6/ip6_flowlabel.o
  CC      net/bluetooth/hci_sock.o
  CC [M]  drivers/gpu/arm/v_r38p1/backend/gpu/mali_kbase_pm_ca.o
  CC      net/bridge/br_netfilter_ipv6.o
  CC      net/ipv6/inet6_connection_sock.o
  CC [M]  drivers/gpu/arm/v_r38p1/backend/gpu/mali_kbase_pm_always_on.o
  CC      net/bluetooth/hci_sysfs.o
  AR      net/bridge/built-in.a
  CC      net/ipv6/udp_offload.o
  CC [M]  drivers/gpu/arm/v_r38p1/backend/gpu/mali_kbase_pm_coarse_demand.o
  CC      drivers/scsi/ufs/ufshcd.o
  CC      net/bluetooth/l2cap_core.o
  CC      net/ipv6/seg6.o
  CC [M]  drivers/gpu/arm/v_r38p1/backend/gpu/mali_kbase_pm_policy.o
  CC      net/ipv6/fib6_notifier.o
  CC [M]  drivers/gpu/arm/v_r38p1/backend/gpu/mali_kbase_time.o
  CC      drivers/scsi/ufs/ufs-sysfs.o
  CC      net/bluetooth/l2cap_sock.o
  CC      net/ipv6/rpl.o
  CC [M]  drivers/gpu/arm/v_r38p1/backend/gpu/mali_kbase_l2_mmu_config.o
  CC      net/ipv6/ioam6.o
  CC      drivers/scsi/ufs/ufs-debugfs.o
  CC      net/bluetooth/smp.o
  CC [M]  drivers/gpu/arm/v_r38p1/backend/gpu/mali_kbase_clk_rate_trace_mgr.o
  CC      drivers/scsi/ufs/ufs_bsg.o
  CC      net/ipv6/sysctl_net_ipv6.o
  CC      drivers/scsi/ufs/ufshcd-crypto.o
  CC [M]  drivers/gpu/arm/v_r38p1/backend/gpu/mali_kbase_instr_backend.o
  CC      net/bluetooth/lib.o
  CC      net/ipv6/xfrm6_policy.o
  CC      drivers/scsi/ufs/ufshpb.o
  CC [M]  drivers/gpu/arm/v_r38p1/backend/gpu/mali_kbase_jm_as.o
  CC      net/bluetooth/ecdh_helper.o
  CC      net/ipv6/xfrm6_state.o
  CC [M]  drivers/gpu/arm/v_r38p1/backend/gpu/mali_kbase_debug_job_fault_backend.o
  CC      drivers/scsi/ufs/tc-dwc-g210-pltfrm.o
  CC      net/bluetooth/hci_request.o
  CC      net/ipv6/xfrm6_input.o
  CC [M]  drivers/gpu/arm/v_r38p1/backend/gpu/mali_kbase_jm_hw.o
  CC      drivers/scsi/ufs/ufshcd-dwc.o
  CC [M]  drivers/gpu/arm/v_r38p1/backend/gpu/mali_kbase_jm_rb.o
  CC      drivers/scsi/ufs/tc-dwc-g210.o
  CC      net/bluetooth/mgmt_util.o
  CC      net/ipv6/xfrm6_output.o
  CC [M]  drivers/gpu/arm/v_r38p1/mmu/mali_kbase_mmu.o
  CC      drivers/scsi/ufs/ufshcd-pci.o
  CC      net/bluetooth/mgmt_config.o
  CC      net/ipv6/xfrm6_protocol.o
  CC      drivers/scsi/ufs/ufshcd-pltfrm.o
  CC [M]  drivers/gpu/arm/v_r38p1/mmu/mali_kbase_mmu_hw_direct.o
  CC      net/bluetooth/sco.o
  CC [M]  drivers/gpu/arm/v_r38p1/mmu/mali_kbase_mmu_mode_aarch64.o
  CC      net/ipv6/netfilter.o
  CC      drivers/scsi/ufs/ufs-hisi.o
  CC      net/bluetooth/hci_debugfs.o
  CC [M]  drivers/gpu/arm/v_r38p1/mmu/backend/mali_kbase_mmu_jm.o
  CC [M]  drivers/scsi/ufs/ufs-exynos-srpmb.o
  CC [M]  drivers/gpu/arm/v_r38p1/tl/mali_kbase_timeline.o
  CC      net/ipv6/fib6_rules.o
  AR      net/bluetooth/built-in.a
  AR      drivers/nvme/host/built-in.a
  AR      drivers/nvme/target/built-in.a
  AR      drivers/nvme/built-in.a
  CC      drivers/spi/spi.o
  CC [M]  drivers/scsi/ufs/ufs-exynos-fmp.o
  CC [M]  drivers/gpu/arm/v_r38p1/tl/mali_kbase_timeline_io.o
  CC [M]  drivers/scsi/ufs/ufs-sec-feature.o
  CC      net/ipv6/proc.o
  CC      drivers/spi/spi-mem.o
  CC [M]  drivers/gpu/arm/v_r38p1/tl/mali_kbase_tlstream.o
  CC [M]  drivers/scsi/ufs/ufs-sec-sysfs.o
  CC [M]  drivers/gpu/arm/v_r38p1/tl/mali_kbase_tracepoints.o
  CC [M]  drivers/spi/spidev.o
  CC      net/ipv6/syncookies.o
  CC [M]  drivers/scsi/ufs/ufs-exynos.o
  CC [M]  drivers/spi/spi-s3c64xx.o
  CC [M]  drivers/gpu/arm/v_r38p1/tl/backend/mali_kbase_timeline_jm.o
  CC      net/ipv6/esp6.o
  CC [M]  drivers/scsi/ufs/ufs-exynos-dbg.o
  CC [M]  drivers/gpu/arm/v_r38p1/gpu/mali_kbase_gpu.o
  LTO [M] drivers/spi/spidev.lto.o
  LTO [M] drivers/spi/spi-s3c64xx.lto.o
  AR      drivers/spi/built-in.a
  CC      drivers/spmi/spmi.o
  CC [M]  drivers/gpu/arm/v_r38p1/gpu/backend/mali_kbase_gpu_fault_jm.o
  CC [M]  drivers/scsi/ufs/ufs-exynos-perf.o
  CC [M]  drivers/gpu/arm/v_r38p1/thirdparty/mali_kbase_mmap.o
  AR      drivers/spmi/built-in.a
  CC      drivers/scsi/scsi.o
  CC      net/ipv6/ipcomp6.o
  CC [M]  drivers/scsi/ufs/ufs-exynos-perf-v1.o
  CC [M]  drivers/gpu/arm/v_r38p1/../exynos/mali_exynos_kbase_entrypoint.o
  CC      drivers/scsi/hosts.o
  CC [M]  drivers/scsi/ufs/ufs-exynos-gear.o
  CC      net/ipv6/xfrm6_tunnel.o
  CC [M]  drivers/gpu/arm/v_r38p1/../exynos/frontend/gpex_platform.o
  CC      net/l2tp/l2tp_core.o
  CC [M]  drivers/scsi/ufs/s5e8535/ufs-cal-if.o
  CC [M]  drivers/gpu/arm/v_r38p1/../exynos/backend/gpexbe_devicetree.o
  AR      drivers/scsi/ufs/built-in.a
  AR [M]  drivers/scsi/ufs/ufs-exynos-core.o
  LTO [M] drivers/scsi/ufs/ufs-exynos-core.lto.o
  CC      net/ipv6/tunnel6.o
  CC      drivers/scsi/scsi_ioctl.o
  CC [M]  drivers/gpu/arm/v_r38p1/../exynos/common/gpex_utils.o
  CC [M]  drivers/gpu/arm/v_r38p1/../exynos/frontend/gpex_clock.o
  CC      drivers/scsi/scsicam.o
  CC      net/l2tp/l2tp_ppp.o
  CC      net/ipv6/mip6.o
  CC [M]  drivers/gpu/arm/v_r38p1/../exynos/frontend/gpex_clock_sysfs.o
  CC      drivers/scsi/scsi_error.o
  AR      net/l2tp/built-in.a
  CC      drivers/scsi/scsi_lib.o
  CC      net/ipv6/ip6_vti.o
  CC [M]  drivers/gpu/arm/v_r38p1/../exynos/backend/gpexbe_clock.o
  CC      drivers/net/wireguard/main.o
  CC [M]  drivers/gpu/arm/v_r38p1/../exynos/frontend/gpu_dvfs_governor.o
  CC      drivers/scsi/scsi_lib_dma.o
  CC      net/ipv6/sit.o
  CC [M]  drivers/gpu/arm/v_r38p1/../exynos/frontend/gpex_dvfs.o
  CC      drivers/net/wireguard/noise.o
  CC      drivers/scsi/scsi_scan.o
  CC [M]  drivers/gpu/arm/v_r38p1/../exynos/frontend/gpex_dvfs_sysfs.o
  CC      drivers/net/wireguard/device.o
  CC      net/ipv6/ip6_tunnel.o
  GEN     drivers/scsi/scsi_devinfo_tbl.c
  CC      drivers/scsi/scsi_devinfo.o
  CC [M]  drivers/gpu/arm/v_r38p1/../exynos/frontend/gpex_dvfs_external.o
  CC      drivers/scsi/scsi_sysctl.o
  CC      drivers/net/wireguard/peer.o
  CC [M]  drivers/gpu/arm/v_r38p1/../exynos/frontend/gpex_tsg_v3.o
  CC      drivers/scsi/scsi_debugfs.o
  CC      net/ipv6/ip6_gre.o
  CC      drivers/net/wireguard/timers.o
  CC      drivers/scsi/scsi_trace.o
  CC [M]  drivers/gpu/arm/v_r38p1/../exynos/frontend/gpex_tsg_sysfs_v3.o
  CC      drivers/scsi/scsi_logging.o
  CC [M]  drivers/gpu/arm/v_r38p1/../exynos/frontend/gpex_tsg_external_v3.o
  CC      drivers/net/wireguard/queueing.o
  CC      net/ipv6/addrconf_core.o
  CC      drivers/scsi/scsi_pm.o
  CC [M]  drivers/gpu/arm/v_r38p1/../exynos/frontend/gpex_cmar_sched.o
  CC      drivers/net/wireguard/send.o
  CC [M]  drivers/gpu/arm/v_r38p1/../exynos/backend/gpexbe_hvc.o
  CC      drivers/scsi/scsi_bsg.o
  CC      net/ipv6/exthdrs_core.o
  CC [M]  drivers/gpu/arm/v_r38p1/../exynos/backend/gpexbe_smc_hvc.o
  CC [M]  drivers/gpu/arm/v_r38p1/../exynos/backend/gpexbe_secure.o
  CC      drivers/scsi/scsi_common.o
  CC      drivers/net/wireguard/receive.o
  CC [M]  drivers/gpu/arm/v_r38p1/../exynos/frontend/gpex_qos.o
  CC      drivers/scsi/sd.o
  CC      net/ipv6/ip6_checksum.o
  CC [M]  drivers/gpu/arm/v_r38p1/../exynos/backend/gpexbe_qos.o
  CC      drivers/net/wireguard/socket.o
  CC [M]  drivers/gpu/arm/v_r38p1/../exynos/backend/gpexbe_qos_v3_8535.o
  CC [M]  drivers/scsi/scsi_srpmb.o
  CC [M]  drivers/gpu/arm/v_r38p1/../exynos/backend/gpexbe_bts_v2.o
  CC [M]  drivers/gpu/arm/v_r38p1/../exynos/backend/gpexbe_debug_v3.o
  LTO [M] drivers/scsi/scsi_srpmb.lto.o
  CC      drivers/scsi/scsi_sysfs.o
  CC      drivers/net/wireguard/peerlookup.o
  CC      net/ipv6/ip6_icmp.o
  CC [M]  drivers/gpu/arm/v_r38p1/../exynos/backend/dummy/gpexbe_dmabuf_dummy.o
  CC [M]  drivers/gpu/arm/v_r38p1/../exynos/backend/dummy/gpexbe_llc_coherency_dummy.o
  CC [M]  drivers/gpu/arm/v_r38p1/../exynos/frontend/gpex_thermal.o
  AR      drivers/scsi/built-in.a
  CC      net/8021q/vlan_core.o
  CC      drivers/net/wireguard/allowedips.o
  CC [M]  drivers/gpu/arm/v_r38p1/../exynos/frontend/dummy/gpex_gts_dummy.o
  CC      net/ipv6/output_core.o
  CC [M]  drivers/gpu/arm/v_r38p1/../exynos/backend/gpexbe_notifier.o
  CC      drivers/net/wireguard/ratelimiter.o
  CC      net/8021q/vlan.o
  CC      net/8021q/vlan_dev.o
  CC      net/ipv6/protocol.o
  CC      drivers/net/wireguard/cookie.o
  CC [M]  drivers/gpu/arm/v_r38p1/../exynos/backend/gpexbe_notifier_v3.o
  CC [M]  drivers/gpu/arm/v_r38p1/../exynos/backend/gpexbe_pm.o
  CC      net/8021q/vlan_netlink.o
  CC [M]  drivers/gpu/arm/v_r38p1/../exynos/frontend/gpex_pm.o
  CC      drivers/net/wireguard/netlink.o
  CC      net/ipv6/ip6_offload.o
  CC [M]  drivers/gpu/arm/v_r38p1/../exynos/frontend/dummy/gpex_ifpo_dummy.o
  CC [M]  drivers/gpu/arm/v_r38p1/../exynos/backend/gpexbe_utilization.o
  CC      net/8021q/vlanproc.o
  AR      drivers/net/wireguard/built-in.a
  CC      drivers/net/phy/mdio-boardinfo.o
  CC [M]  drivers/gpu/arm/v_r38p1/../exynos/backend/gpexbe_mem_usage.o
  AR      net/8021q/built-in.a
  CC      net/ipv6/tcpv6_offload.o
  CC      drivers/net/mdio/fwnode_mdio.o
  CC      drivers/net/phy/mdio_devres.o
  CC [M]  drivers/gpu/arm/v_r38p1/../exynos/tests/runtime_test_runner_dummy.o
  CC [M]  drivers/gpu/arm/v_r38p1/../exynos/workarounds/dummy/gpexwa_wakeup_clock_dummy.o
  CC [M]  drivers/gpu/arm/v_r38p1/../exynos/frontend/gpex_clboost.o
  CC      drivers/net/mdio/of_mdio.o
  CC      net/ipv6/exthdrs_offload.o
  CC      drivers/net/phy/phylink.o
  CC [M]  drivers/gpu/arm/v_r38p1/../exynos/frontend/gpex_cmar_boost.o
  CC [M]  drivers/gpu/arm/v_r38p1/../exynos/common/dummy/gpex_debug_dummy.o
  AR      drivers/net/mdio/built-in.a
  CC      net/ipv6/inet6_hashtables.o
  AR      drivers/firewire/built-in.a
  CC      drivers/net/phy/phy.o
  AR [M]  drivers/gpu/arm/v_r38p1/mali_kbase.o
  LTO [M] drivers/gpu/arm/v_r38p1/mali_kbase.lto.o
  CC      net/ipv6/ip6_udp_tunnel.o
  CC      net/wireless/wext-core.o
  CC      drivers/net/phy/phy-c45.o
  CC      net/ipv6/mcast_snoop.o
  CC      drivers/net/phy/phy-core.o
  CC      net/wireless/wext-proc.o
  AR      drivers/gpu/built-in.a
  CC      drivers/uio/uio.o
  CC      drivers/net/phy/phy_device.o
  CC      net/wireless/wext-spy.o
  AR      net/ipv6/built-in.a
  AR      drivers/net/pcs/built-in.a
  CC      drivers/net/phy/linkmode.o
  AR      drivers/uio/built-in.a
  CC      net/wireless/wext-priv.o
  AR      drivers/cdrom/built-in.a
  CC      net/tipc/addr.o
  CC      drivers/net/phy/mdio_bus.o
  CC      drivers/net/can/dev/bittiming.o
  CC [M]  net/wireless/core.o
  CC      net/tipc/bcast.o
  CC      drivers/net/can/dev/dev.o
  CC      drivers/net/phy/mdio_device.o
  CC [M]  net/wireless/sysfs.o
  CC      net/tipc/bearer.o
  CC      drivers/net/phy/swphy.o
  CC      drivers/net/can/dev/length.o
  CC [M]  net/wireless/radiotap.o
  CC      net/tipc/core.o
  CC      drivers/net/phy/ax88796b.o
  CC      drivers/net/can/dev/netlink.o
  CC      drivers/net/phy/fixed_phy.o
  CC [M]  net/wireless/util.o
  CC      net/tipc/link.o
  CC      drivers/net/can/dev/rx-offload.o
  CC [M]  drivers/net/phy/smsc.o
  CC      net/tipc/discover.o
  LTO [M] drivers/net/phy/smsc.lto.o
  CC [M]  net/wireless/reg.o
  AR      drivers/net/phy/built-in.a
  CC      drivers/net/can/dev/skb.o
  CC      net/rfkill/core.o
  CC      net/tipc/msg.o
  AR      net/rfkill/built-in.a
  AR      drivers/auxdisplay/built-in.a
  AR      drivers/net/can/rcar/built-in.a
  AR      drivers/net/ethernet/3com/built-in.a
  AR      drivers/net/ethernet/8390/built-in.a
  AR      drivers/net/ethernet/adaptec/built-in.a
  AR      drivers/net/ethernet/agere/built-in.a
  AR      drivers/net/ethernet/alacritech/built-in.a
  AR      drivers/net/ethernet/allwinner/built-in.a
  AR      drivers/net/ethernet/alteon/built-in.a
  AR      drivers/net/ethernet/amazon/built-in.a
  AR      drivers/net/ethernet/amd/built-in.a
  AR      drivers/net/ethernet/aquantia/built-in.a
  AR      drivers/net/ethernet/arc/built-in.a
  AR      drivers/net/ethernet/atheros/built-in.a
  AR      drivers/net/ethernet/cadence/built-in.a
  AR      drivers/net/ethernet/broadcom/built-in.a
  AR      drivers/net/ethernet/brocade/built-in.a
  AR      drivers/net/ethernet/cavium/common/built-in.a
  AR      drivers/net/ethernet/cavium/thunder/built-in.a
  AR      drivers/net/ethernet/cavium/liquidio/built-in.a
  AR      drivers/net/ethernet/cavium/octeon/built-in.a
  AR      drivers/net/ethernet/cavium/built-in.a
  AR      drivers/net/ethernet/chelsio/built-in.a
  AR      drivers/net/ethernet/cisco/built-in.a
  AR      drivers/net/ethernet/cortina/built-in.a
  AR      drivers/net/ethernet/dec/built-in.a
  AR      drivers/net/ethernet/dlink/built-in.a
  AR      drivers/net/ethernet/emulex/built-in.a
  AR      drivers/net/ethernet/ezchip/built-in.a
  AR      drivers/net/ethernet/google/built-in.a
  AR      drivers/net/ethernet/hisilicon/built-in.a
  AR      drivers/net/ethernet/huawei/built-in.a
  AR      drivers/net/ethernet/intel/built-in.a
  AR      drivers/net/ethernet/i825xx/built-in.a
  AR      drivers/net/ethernet/microsoft/built-in.a
  AR      drivers/net/ethernet/litex/built-in.a
  AR      drivers/net/ethernet/marvell/octeontx2/built-in.a
  AR      drivers/net/ethernet/marvell/prestera/built-in.a
  AR      drivers/net/ethernet/marvell/built-in.a
  AR      drivers/net/ethernet/mellanox/built-in.a
  AR      drivers/net/ethernet/micrel/built-in.a
  AR      drivers/net/ethernet/microchip/built-in.a
  AR      drivers/net/can/dev/built-in.a
  AR      drivers/net/ethernet/mscc/built-in.a
  AR      drivers/net/ethernet/myricom/built-in.a
  AR      drivers/net/can/spi/mcp251xfd/built-in.a
  AR      drivers/net/ethernet/natsemi/built-in.a
  AR      drivers/net/can/spi/built-in.a
  AR      drivers/net/ethernet/neterion/built-in.a
  AR      drivers/net/can/usb/built-in.a
  AR      drivers/net/ethernet/netronome/built-in.a
  CC      net/tipc/name_distr.o
  AR      drivers/net/can/softing/built-in.a
  AR      drivers/net/ethernet/ni/built-in.a
  AR      drivers/net/can/built-in.a
  AR      drivers/net/ethernet/nvidia/built-in.a
  CC [M]  net/wireless/scan.o
  AR      drivers/net/ethernet/oki-semi/built-in.a
  AR      drivers/net/ethernet/packetengines/built-in.a
  AR      drivers/net/ethernet/qlogic/built-in.a
  AR      drivers/net/ethernet/qualcomm/emac/built-in.a
  AR      drivers/net/ethernet/qualcomm/built-in.a
  AR      drivers/net/ethernet/realtek/built-in.a
  AR      drivers/net/ethernet/renesas/built-in.a
  AR      drivers/net/ethernet/rdc/built-in.a
  AR      drivers/net/ethernet/rocker/built-in.a
  AR      drivers/net/ethernet/samsung/built-in.a
  AR      drivers/net/ethernet/seeq/built-in.a
  AR      drivers/net/ethernet/silan/built-in.a
  AR      drivers/net/ethernet/sis/built-in.a
  AR      drivers/net/ethernet/sfc/built-in.a
  AR      drivers/net/ethernet/smsc/built-in.a
  AR      drivers/net/ethernet/socionext/built-in.a
  AR      drivers/net/ethernet/stmicro/built-in.a
  CC      net/9p/mod.o
  AR      drivers/net/ethernet/sun/built-in.a
  AR      drivers/net/ethernet/tehuti/built-in.a
  AR      drivers/net/ethernet/ti/built-in.a
  AR      drivers/net/ethernet/via/built-in.a
  AR      drivers/net/ethernet/wiznet/built-in.a
  AR      drivers/net/ethernet/xilinx/built-in.a
  AR      drivers/net/ethernet/synopsys/built-in.a
  AR      drivers/net/ethernet/pensando/built-in.a
  AR      drivers/net/ethernet/built-in.a
  CC      drivers/net/ppp/ppp_generic.o
  CC      net/tipc/subscr.o
  CC      net/9p/client.o
  CC      net/tipc/monitor.o
  CC [M]  net/wireless/nl80211.o
  CC      net/9p/error.o
  CC      drivers/net/ppp/bsd_comp.o
  CC      drivers/net/ppp/ppp_deflate.o
  CC      net/tipc/name_table.o
  CC      net/9p/protocol.o
  CC      drivers/net/ppp/ppp_mppe.o
  CC      net/9p/trans_fd.o
  CC      drivers/net/ppp/pppox.o
  CC      net/tipc/net.o
  CC      net/9p/trans_common.o
  CC      net/tipc/netlink.o
  CC      drivers/net/ppp/pptp.o
  AR      net/9p/built-in.a
  CC      drivers/usb/common/common.o
  CC [M]  net/wireless/mlme.o
  CC      net/tipc/netlink_compat.o
  AR      drivers/net/ppp/built-in.a
  CC      drivers/net/slip/slhc.o
  CC      drivers/usb/common/debug.o
  AR      drivers/usb/common/built-in.a
  CC      drivers/usb/core/usb.o
  CC [M]  net/wireless/ibss.o
  CC      net/tipc/node.o
  AR      drivers/net/slip/built-in.a
  AR      drivers/net/wireless/microchip/built-in.a
PLATFORM_VERSION is 15
ANDROID_PLATFORM_VERSION is 15
Validating config
  CC [M]  drivers/net/wireless/scsc/hip4.o
  CC      drivers/usb/core/hub.o
  CC      net/tipc/socket.o
  CC [M]  net/wireless/sme.o
  CC [M]  drivers/net/wireless/scsc/mbulk.o
  CC      drivers/usb/core/hcd.o
  CC [M]  drivers/net/wireless/scsc/dev.o
  CC [M]  net/wireless/chan.o
  CC      net/tipc/eth_media.o
  CC      drivers/usb/core/urb.o
  CC      net/tipc/topsrv.o
  CC [M]  drivers/net/wireless/scsc/cfg80211_ops.o
  CC      drivers/usb/core/message.o
  CC [M]  net/wireless/ethtool.o
  CC      net/tipc/group.o
  CC      drivers/usb/core/driver.o
  CC [M]  drivers/net/wireless/scsc/netif.o
  CC [M]  net/wireless/mesh.o
  CC      drivers/usb/core/config.o
  CC      net/tipc/trace.o
  CC      drivers/usb/core/file.o
  CC [M]  drivers/net/wireless/scsc/rx.o
  CC [M]  net/wireless/ap.o
  CC      net/tipc/udp_media.o
  CC      drivers/usb/core/buffer.o
  CC      drivers/usb/core/sysfs.o
  CC [M]  net/wireless/trace.o
  CC [M]  drivers/net/wireless/scsc/tx.o
  CC      net/tipc/sysctl.o
  CC      drivers/usb/core/endpoint.o
  CC      drivers/usb/core/devio.o
  CC      net/tipc/crypto.o
  CC [M]  drivers/net/wireless/scsc/ba.o
  CC      drivers/usb/core/notify.o
  CC      net/tipc/diag.o
  CC      drivers/usb/core/generic.o
  CC [M]  drivers/net/wireless/scsc/ba_replay.o
  CC [M]  net/wireless/ocb.o
  AR      net/tipc/built-in.a
  AR      drivers/net/ieee802154/built-in.a
  CC      drivers/input/serio/serio.o
  CC      drivers/usb/core/quirks.o
  CC [M]  drivers/net/wireless/scsc/sap_mlme.o
  CC      drivers/usb/core/devices.o
  CC      drivers/input/serio/serport.o
  CC [M]  net/wireless/pmsr.o
  CC      drivers/usb/core/phy.o
  CC      drivers/input/serio/libps2.o
  CC [M]  drivers/net/wireless/scsc/sap_ma.o
  AR      drivers/input/serio/built-in.a
  CC      net/6lowpan/core.o
  CC      drivers/usb/core/port.o
  CC [M]  net/wireless/of.o
  CC      drivers/usb/core/of.o
  CC [M]  drivers/net/wireless/scsc/sap_dbg.o
  GEN     net/wireless/shipped-certs.c
  AR      net/wireless/built-in.a
  CC [M]  net/wireless/shipped-certs.o
  CC      net/6lowpan/iphc.o
  CC      drivers/usb/core/hcd-pci.o
  AR [M]  net/wireless/cfg80211.o
  LTO [M] net/wireless/cfg80211.lto.o
  CC [M]  drivers/net/wireless/scsc/sap_test.o
  CC      drivers/usb/core/usb_host_certify.o
  CC      net/6lowpan/nhc.o
  AR      drivers/usb/core/built-in.a
  CC      drivers/usb/phy/phy.o
  CC [M]  drivers/net/wireless/scsc/mib.o
  CC      drivers/usb/phy/of.o
  CC      net/6lowpan/ndisc.o
  CC [M]  drivers/net/wireless/scsc/mib_text_convert.o
  AR      drivers/usb/phy/built-in.a
  CC      drivers/usb/dwc3/core.o
  CC      drivers/usb/host/pci-quirks.o
  CC      net/6lowpan/nhc_dest.o
  CC [M]  drivers/net/wireless/scsc/debug.o
  CC      drivers/usb/dwc3/trace.o
  CC      drivers/usb/host/ehci-hcd.o
  CC      net/6lowpan/nhc_fragment.o
  CC [M]  drivers/net/wireless/scsc/debug_frame.o
  CC      net/6lowpan/nhc_hop.o
  CC      drivers/usb/dwc3/host.o
  CC      drivers/usb/host/ehci-pci.o
  CC [M]  drivers/net/wireless/scsc/procfs.o
  CC      drivers/usb/dwc3/gadget.o
  CC      net/6lowpan/nhc_ipv6.o
  CC      drivers/usb/host/ehci-platform.o
  CC      drivers/usb/host/xhci.o
  CC      net/6lowpan/nhc_mobility.o
  CC [M]  drivers/net/wireless/scsc/mgt.o
  CC      drivers/usb/dwc3/ep0.o
  CC      net/6lowpan/nhc_routing.o
  CC      drivers/usb/dwc3/drd.o
  CC      drivers/usb/host/xhci-mem.o
  CC      drivers/usb/dwc3/debugfs.o
  CC      net/6lowpan/nhc_udp.o
  CC [M]  drivers/net/wireless/scsc/mlme.o
  CC      drivers/usb/host/xhci-ext-caps.o
  CC      drivers/usb/dwc3/dwc3-haps.o
  AR      net/6lowpan/built-in.a
  CC      net/ieee802154/6lowpan/core.o
  CC      drivers/usb/host/xhci-ring.o
  CC      drivers/usb/dwc3/dwc3-of-simple.o
  CC [M]  drivers/net/wireless/scsc/udi.o
  CC      net/ieee802154/6lowpan/rx.o
  CC      drivers/usb/dwc3/dwc3-qcom.o
  CC      drivers/usb/host/xhci-hub.o
  CC [M]  drivers/usb/dwc3/dwc3-exynos.o
  CC [M]  drivers/net/wireless/scsc/log_clients.o
  CC      net/ieee802154/6lowpan/reassembly.o
  CC      drivers/usb/host/xhci-dbg.o
  CC [M]  drivers/net/wireless/scsc/src_sink.o
  CC      drivers/usb/host/xhci-trace.o
  CC [M]  drivers/usb/dwc3/dwc3-exynos-otg.o
  CC      net/ieee802154/6lowpan/tx.o
  CC [M]  drivers/net/wireless/scsc/fw_test.o
  AR      net/ieee802154/6lowpan/built-in.a
  CC      net/ieee802154/netlink.o
  CC [M]  drivers/usb/dwc3/exynos_usb_tpmon.o
  CC      drivers/usb/host/xhci-debugfs.o
  CC      net/ieee802154/nl-mac.o
  CC      drivers/usb/host/xhci-pci.o
  AR      drivers/usb/dwc3/built-in.a
  AR [M]  drivers/usb/dwc3/dwc3-exynos-usb.o
  LTO [M] drivers/usb/dwc3/dwc3-exynos-usb.lto.o
  CC [M]  drivers/net/wireless/scsc/cac.o
  AR      drivers/net/wireless/built-in.a
  CC      drivers/net/usb/rtl8150.o
  CC      drivers/usb/host/xhci-pci-renesas.o
  CC      net/ieee802154/nl-phy.o
  CC      drivers/net/usb/r8152.o
  CC [M]  drivers/net/wireless/scsc/txbp.o
  CC      net/ieee802154/nl_policy.o
  CC      drivers/usb/host/xhci-plat.o
  CC      net/ieee802154/core.o
  CC      drivers/usb/host/xhci-exynos-audio.o
  CC [M]  drivers/net/wireless/scsc/ioctl.o
  CC [M]  drivers/usb/host/xhci-exynos.o
  CC      drivers/net/usb/asix_devices.o
  CC      net/ieee802154/header_ops.o
  CC      drivers/net/usb/asix_common.o
  CC [M]  drivers/net/wireless/scsc/traffic_monitor.o
  LTO [M] drivers/usb/host/xhci-exynos.lto.o
  CC      net/ieee802154/sysfs.o
  AR      drivers/usb/host/built-in.a
  CC      drivers/usb/class/cdc-acm.o
  CC      drivers/net/usb/ax88172a.o
  CC [M]  drivers/usb/class/usblp.o
  CC      net/ieee802154/nl802154.o
  CC [M]  drivers/net/wireless/scsc/load_manager.o
  CC      drivers/net/usb/ax88179_178a.o
  CC [M]  drivers/usb/class/cdc-wdm.o
  CC      net/ieee802154/trace.o
  CC      drivers/net/usb/cdc_ether.o
  CC [M]  drivers/net/wireless/scsc/reg_info.o
  LTO [M] drivers/usb/class/usblp.lto.o
  LTO [M] drivers/usb/class/cdc-wdm.lto.o
  AR      drivers/usb/class/built-in.a
  CC      drivers/usb/storage/uas.o
  CC      net/ieee802154/socket.o
  CC      drivers/net/usb/cdc_eem.o
  CC [M]  drivers/net/wireless/scsc/log2us.o
  CC      drivers/usb/storage/scsiglue.o
  CC      drivers/net/usb/usbnet.o
  AR      net/ieee802154/built-in.a
  CC      net/mac802154/main.o
  CC [M]  drivers/net/wireless/scsc/ini_config.o
  CC      drivers/usb/storage/protocol.o
  CC      drivers/net/usb/cdc_ncm.o
  CC      drivers/usb/storage/transport.o
  CC      net/mac802154/rx.o
  CC [M]  drivers/net/wireless/scsc/tdls_manager.o
  CC      drivers/net/usb/aqc111.o
  CC      drivers/usb/storage/usb.o
  CC      net/mac802154/tx.o
  CC [M]  drivers/net/wireless/scsc/scsc_wlan_mmap.o
  CC      drivers/net/usb/r8153_ecm.o
  CC      net/mac802154/mac_cmd.o
  CC      drivers/usb/storage/initializers.o
  CC [M]  drivers/net/wireless/scsc/qsfs.o
  CC [M]  drivers/net/usb/smsc75xx.o
  CC      drivers/usb/storage/sierra_ms.o
  CC      net/mac802154/mib.o
  CC      drivers/usb/storage/option_ms.o
  CC [M]  drivers/net/usb/smsc95xx.o
  CC [M]  drivers/net/wireless/scsc/slsi_tracepoint_debug.o
  CC      net/mac802154/iface.o
  CC      drivers/usb/storage/usual-tables.o
  CC [M]  drivers/net/usb/cdc_mbim.o
  CC [M]  drivers/net/wireless/scsc/hip.o
  AR      drivers/usb/storage/built-in.a
  CC      net/mac802154/llsec.o
  AR      drivers/usb/misc/built-in.a
  CC [M]  drivers/usb/misc/lvstest.o
  LTO [M] drivers/usb/misc/lvstest.lto.o
  LTO [M] drivers/net/usb/smsc75xx.lto.o
  CC      drivers/usb/gadget/udc/core.o
  LTO [M] drivers/net/usb/smsc95xx.lto.o
  CC      net/mac802154/util.o
  CC [M]  drivers/net/wireless/scsc/cm_if.o
  LTO [M] drivers/net/usb/cdc_mbim.lto.o
  AR      drivers/net/usb/built-in.a
  CC      net/nfc/core.o
  CC      drivers/usb/gadget/udc/trace.o
  CC      net/mac802154/cfg.o
  CC [M]  drivers/net/wireless/scsc/nl80211_vendor.o
  AR      drivers/usb/gadget/udc/built-in.a
  CC      drivers/usb/gadget/function/f_acm.o
  CC      net/nfc/netlink.o
  CC      net/mac802154/trace.o
  CC      drivers/usb/gadget/function/f_uts.o
  CC      drivers/usb/gadget/function/u_serial.o
  CC [M]  drivers/net/wireless/scsc/scsc_wifilogger_api.o
  AR      net/mac802154/built-in.a
  CC [M]  drivers/input/keyboard/samsung/pmic/s2mpu15_key_8535.o
  CC      net/nfc/af_nfc.o
  CC      drivers/usb/gadget/function/f_serial.o
  CC [M]  drivers/net/wireless/scsc/scsc_wifilogger_internal.o
  LTO [M] drivers/input/keyboard/samsung/pmic/s2mpu15_key_8535.lto.o
  CC      drivers/input/keyboard/atkbd.o
  CC [M]  drivers/net/wireless/scsc/scsc_wifilogger_core.o
  CC      drivers/usb/gadget/function/u_ether.o
  CC      net/nfc/rawsock.o
  CC      drivers/input/keyboard/gpio_keys.o
  CC [M]  drivers/net/wireless/scsc/scsc_wifilogger_module.o
  CC [M]  drivers/net/wireless/scsc/scsc_wifilogger_ring_connectivity.o
  AR      drivers/input/keyboard/built-in.a
  AR      drivers/input/mouse/built-in.a
  CC      drivers/input/joystick/xpad.o
  CC      drivers/usb/gadget/function/f_ncm.o
  CC      net/nfc/llcp_core.o
  CC [M]  drivers/net/wireless/scsc/scsc_wifilogger_ring_wakelock.o
  AR      drivers/input/joystick/built-in.a
  AR      drivers/input/tablet/built-in.a
  CC [M]  drivers/input/tablet/acecad.o
  CC      drivers/usb/gadget/function/f_ecm.o
  CC [M]  drivers/net/wireless/scsc/scsc_wifilogger_ring_pktfate.o
  CC [M]  drivers/input/tablet/aiptek.o
  CC      net/nfc/llcp_commands.o
  CC      drivers/usb/gadget/function/f_eem.o
  AR [M]  drivers/net/wireless/scsc/scsc_wlan.o
  CC [M]  drivers/input/tablet/hanwang.o
  AR [M]  drivers/net/wireless/scsc/scsc_wifilogger.o
  LTO [M] drivers/net/wireless/scsc/scsc_wlan.lto.o
  CC      drivers/usb/gadget/function/f_rndis.o
  CC [M]  drivers/input/tablet/kbtab.o
  CC      net/nfc/llcp_sock.o
  LTO [M] drivers/input/tablet/acecad.lto.o
  LTO [M] drivers/input/tablet/aiptek.lto.o
  LTO [M] drivers/input/tablet/hanwang.lto.o
  CC      drivers/usb/gadget/function/rndis.o
  LTO [M] drivers/input/tablet/kbtab.lto.o
  AR      drivers/input/touchscreen/built-in.a
  CC      drivers/input/misc/uinput.o
  AR      net/nfc/built-in.a
  CC      net/vmw_vsock/af_vsock.o
  AR      drivers/input/misc/built-in.a
  CC      drivers/input/input.o
  CC      drivers/usb/gadget/function/f_mass_storage.o
  LTO [M] drivers/net/wireless/scsc/scsc_wifilogger.lto.o
  CC [M]  drivers/net/vxlan/vxlan_core.o
  CC      drivers/input/input-compat.o
  CC      net/vmw_vsock/af_vsock_tap.o
  CC      drivers/input/input-mt.o
  CC      drivers/usb/gadget/function/storage_common.o
  CC      drivers/input/input-poller.o
  CC      net/vmw_vsock/vsock_addr.o
  CC      drivers/usb/gadget/function/f_fs.o
  CC      drivers/input/ff-core.o
  AR [M]  drivers/net/vxlan/vxlan.o
  LTO [M] drivers/net/vxlan/vxlan.lto.o
  CC      net/vmw_vsock/diag.o
  CC      drivers/net/dummy.o
  CC      drivers/usb/gadget/function/u_audio.o
  CC      drivers/input/touchscreen.o
  CC      drivers/input/ff-memless.o
  CC      drivers/net/ifb.o
  CC      drivers/usb/gadget/function/f_uac2.o
  CC      net/vmw_vsock/virtio_transport_common.o
  CC      drivers/input/input-leds.o
  CC      drivers/usb/gadget/function/f_uvc.o
  CC      drivers/net/macsec.o
  CC      drivers/input/evdev.o
  CC      drivers/usb/gadget/function/uvc_queue.o
  CC      net/vmw_vsock/vsock_loopback.o
  AR      drivers/input/built-in.a
  CC      net/xdp/xsk.o
  CC      drivers/usb/gadget/function/uvc_v4l2.o
  CC      drivers/net/macvlan.o
  AR      net/vmw_vsock/built-in.a
  AR      drivers/usb/typec/altmodes/built-in.a
  CC      drivers/usb/typec/tcpm/tcpm.o
  CC      drivers/usb/gadget/function/uvc_video.o
  CC      net/xdp/xdp_umem.o
  CC      drivers/usb/typec/tcpm/tcpci.o
  CC      drivers/usb/gadget/function/uvc_configfs.o
  CC      drivers/net/mii.o
  CC      net/xdp/xsk_queue.o
  AR      drivers/usb/typec/tcpm/built-in.a
  CC      drivers/usb/typec/ucsi/ucsi.o
  CC      drivers/usb/gadget/function/f_midi.o
  CC      drivers/net/loopback.o
  CC      net/xdp/xskmap.o
  CC      drivers/usb/gadget/function/f_hid.o
  CC      drivers/usb/typec/ucsi/trace.o
  CC      drivers/usb/gadget/function/f_accessory.o
  CC      drivers/usb/typec/ucsi/psy.o
  CC      net/xdp/xsk_buff_pool.o
  CC      drivers/net/tun.o
  AR      drivers/usb/typec/ucsi/built-in.a
  AR      drivers/usb/typec/mux/built-in.a
  CC      drivers/usb/typec/class.o
  CC      drivers/usb/gadget/function/f_audio_source.o
  CC      drivers/usb/typec/mux.o
  AR      net/xdp/built-in.a
  CC      net/devres.o
  CC [M]  drivers/usb/gadget/function/f_dm.o
  CC      drivers/usb/typec/bus.o
  CC      drivers/net/veth.o
  CC      drivers/usb/typec/port-mapper.o
  CC [M]  drivers/usb/gadget/function/f_dm1.o
  CC      net/socket.o
  AR      drivers/usb/typec/built-in.a
  AR      drivers/usb/gadget/legacy/built-in.a
  CC [M]  drivers/usb/gadget/function/f_conn_gadget.o
  CC [M]  drivers/rtc/samsung/pmic/s2mpu15_rtc_8535.o
  AR      drivers/net/built-in.a
  CC      net/compat.o
  CC [M]  drivers/usb/gadget/function/f_ss_mon_gadget.o
  LTO [M] drivers/rtc/samsung/pmic/s2mpu15_rtc_8535.lto.o
  CC      drivers/rtc/lib.o
  CC      drivers/usb/roles/class.o
  CC      net/sysctl_net.o
  AR [M]  drivers/usb/gadget/function/usb_f_dm.o
  AR [M]  drivers/usb/gadget/function/usb_f_dm1.o
  AR [M]  drivers/usb/gadget/function/usb_f_conn_gadget.o
  AR [M]  drivers/usb/gadget/function/usb_f_ss_mon_gadget.o
  AR      drivers/usb/gadget/function/built-in.a
  LTO [M] drivers/usb/gadget/function/usb_f_dm.lto.o
  AR      drivers/usb/roles/built-in.a
  CC      drivers/rtc/class.o
  CC      drivers/i2c/algos/i2c-algo-bit.o
  LTO [M] drivers/usb/gadget/function/usb_f_dm1.lto.o
  LTO [M] drivers/usb/gadget/function/usb_f_conn_gadget.lto.o
  LTO [M] drivers/usb/gadget/function/usb_f_ss_mon_gadget.lto.o
  CC      drivers/usb/gadget/usbstring.o
  CC      drivers/rtc/interface.o
  AR      net/built-in.a
  CC      drivers/usb/gadget/config.o
  AR      drivers/i2c/algos/built-in.a
  AR      drivers/i2c/busses/built-in.a
  CC [M]  drivers/usb/serial/usb-serial.o
  CC [M]  drivers/i2c/busses/i2c-exynos5.o
  CC      drivers/rtc/nvmem.o
  CC [M]  drivers/usb/serial/generic.o
  CC      drivers/usb/gadget/epautoconf.o
  CC [M]  drivers/i2c/busses/acpm-mfd-bus.o
  CC      drivers/rtc/dev.o
  CC      drivers/usb/gadget/composite.o
  CC [M]  drivers/usb/serial/bus.o
  LTO [M] drivers/i2c/busses/i2c-exynos5.lto.o
  LTO [M] drivers/i2c/busses/acpm-mfd-bus.lto.o
  AR      drivers/i2c/muxes/built-in.a
  CC      drivers/rtc/proc.o
  CC      drivers/i2c/i2c-boardinfo.o
  AR [M]  drivers/usb/serial/usbserial.o
  LTO [M] drivers/usb/serial/usbserial.lto.o
  CC [M]  drivers/i3c/master/exynos/i3c-hci-exynos.o
  CC      drivers/rtc/sysfs.o
  CC      drivers/usb/gadget/functions.o
  CC      drivers/i2c/i2c-core-base.o
  CC      drivers/rtc/rtc-pl030.o
  LTO [M] drivers/i3c/master/exynos/i3c-hci-exynos.lto.o
  CC      drivers/usb/gadget/configfs.o
  AR      drivers/i3c/master/built-in.a
  CC      drivers/i3c/device.o
  CC      drivers/rtc/rtc-pl031.o
  CC      drivers/i2c/i2c-core-smbus.o
  CC      drivers/usb/gadget/u_f.o
  CC      drivers/i3c/master.o
  AR      drivers/rtc/built-in.a
  CC [M]  drivers/usb/notify/usb_notify.o
  AR      drivers/usb/gadget/built-in.a
  CC      drivers/i2c/i2c-core-of.o
  CC      drivers/media/i2c/ir-kbd-i2c.o
  CC [M]  drivers/usb/notify/usb_notify_sysfs.o
  AR      drivers/i3c/built-in.a
  AR      drivers/media/tuners/built-in.a
  AR      drivers/usb/built-in.a
  CC [M]  drivers/i2c/i2c-dev.o
  CC [M]  drivers/usb/notify/dock_notify.o
  AR      drivers/media/i2c/built-in.a
  CC      drivers/media/mc/mc-device.o
  CC      drivers/media/v4l2-core/v4l2-dev.o
  LTO [M] drivers/i2c/i2c-dev.lto.o
  AR      drivers/i2c/built-in.a
  AR      drivers/media/rc/keymaps/built-in.a
  CC      drivers/media/rc/rc-main.o
  CC [M]  drivers/usb/notify/host_notify_class.o
  CC      drivers/media/mc/mc-devnode.o
  CC      drivers/media/rc/rc-ir-raw.o
  CC      drivers/media/v4l2-core/v4l2-ioctl.o
  CC [M]  drivers/usb/notify/external_notify.o
  CC      drivers/media/mc/mc-entity.o
  CC [M]  drivers/usb/notify/usblog_proc_notify.o
  CC      drivers/media/rc/lirc_dev.o
  CC      drivers/media/mc/mc-request.o
  CC      drivers/media/v4l2-core/v4l2-device.o
  CC      drivers/media/rc/keymaps/rc-cec.o
  CC      drivers/media/mc/mc-dev-allocator.o
  CC [M]  drivers/usb/notify/usb_notifier.o
  CC      drivers/media/rc/bpf-lirc.o
  AR      drivers/media/mc/built-in.a
  AR      drivers/pps/clients/built-in.a
  AR [M]  drivers/usb/notify/usb_notify_layer.o
  AR      drivers/pps/generators/built-in.a
  CC      drivers/pps/pps.o
  LTO [M] drivers/usb/notify/usb_notifier.lto.o
  LTO [M] drivers/usb/notify/usb_notify_layer.lto.o
  CC      drivers/media/v4l2-core/v4l2-fh.o
  CC      drivers/media/cec/core/cec-core.o
  AR      drivers/media/rc/built-in.a
  CC      drivers/pps/kapi.o
  AR      drivers/media/cec/i2c/built-in.a
  CC      drivers/media/v4l2-core/v4l2-event.o
  CC      drivers/pps/sysfs.o
  CC      drivers/media/cec/core/cec-adap.o
  CC      drivers/media/v4l2-core/v4l2-subdev.o
  AR      drivers/pps/built-in.a
  CC      drivers/ptp/ptp_clock.o
  CC      drivers/media/cec/core/cec-api.o
  AR      drivers/media/common/b2c2/built-in.a
  AR      drivers/media/common/saa7146/built-in.a
  CC      drivers/media/cec/core/cec-notifier.o
  AR      drivers/media/common/siano/built-in.a
  AR      drivers/media/common/v4l2-tpg/built-in.a
  CC      drivers/media/common/videobuf2/videobuf2-core.o
  CC      drivers/media/v4l2-core/v4l2-common.o
  CC      drivers/ptp/ptp_chardev.o
  CC      drivers/ptp/ptp_sysfs.o
  CC      drivers/media/cec/core/cec-pin.o
  CC      drivers/media/common/videobuf2/frame_vector.o
  CC      drivers/media/v4l2-core/v4l2-ctrls-core.o
  CC      drivers/ptp/ptp_vclock.o
  AR      drivers/media/cec/core/built-in.a
  AR      drivers/media/cec/platform/meson/built-in.a
  AR      drivers/media/cec/platform/built-in.a
  AR      drivers/media/cec/usb/built-in.a
  AR      drivers/media/cec/built-in.a
  AR      drivers/media/platform/ti-vpe/built-in.a
  CC [M]  drivers/media/platform/exynos/mfc/mfc.o
  CC      drivers/media/common/videobuf2/vb2-trace.o
  CC      drivers/media/v4l2-core/v4l2-ctrls-api.o
  CC      drivers/ptp/ptp_kvm_arm.o
  CC      drivers/ptp/ptp_kvm_common.o
  CC      drivers/media/common/videobuf2/videobuf2-v4l2.o
  CC [M]  drivers/media/platform/exynos/mfc/mfc_dec_v4l2.o
  AR      drivers/ptp/built-in.a
  AR      drivers/media/platform/stm32/built-in.a
  CC [M]  drivers/media/platform/exynos/camera/post/gdc/pablo-gdc-core.o
  CC      drivers/media/v4l2-core/v4l2-ctrls-request.o
  CC      drivers/media/common/videobuf2/videobuf2-memops.o
  CC [M]  drivers/media/platform/exynos/mfc/mfc_dec_vb2.o
  CC      drivers/media/v4l2-core/v4l2-ctrls-defs.o
  CC [M]  drivers/media/platform/exynos/camera/post/gdc/pablo-hw-api-gdc-v220.o
  CC      drivers/media/v4l2-core/v4l2-compat-ioctl32.o
  CC      drivers/media/common/videobuf2/videobuf2-vmalloc.o
  CC [M]  drivers/media/platform/exynos/mfc/mfc_enc_v4l2.o
  CC      drivers/media/v4l2-core/v4l2-trace.o
  AR [M]  drivers/media/platform/exynos/camera/post/gdc/gdc.o
  LTO [M] drivers/media/platform/exynos/camera/post/gdc/gdc.lto.o
  CC      drivers/media/common/videobuf2/videobuf2-dma-contig.o
  CC [M]  drivers/media/platform/exynos/camera/post/vra/pablo-vra-core.o
  CC [M]  drivers/media/platform/exynos/mfc/mfc_enc_vb2.o
  CC      drivers/media/common/videobuf2/videobuf2-dma-sg.o
  CC      drivers/media/v4l2-core/v4l2-mc.o
  CC [M]  drivers/media/platform/exynos/camera/post/vra/pablo-hw-api-vra-v6_0_0.o
  CC [M]  drivers/media/platform/exynos/mfc/mfc_rm.o
  AR      drivers/media/common/videobuf2/built-in.a
  AR      drivers/media/common/built-in.a
  AR      drivers/media/pci/ttpci/built-in.a
  AR      drivers/media/pci/b2c2/built-in.a
  AR      drivers/media/pci/pluto2/built-in.a
  AR      drivers/media/pci/dm1105/built-in.a
  AR      drivers/media/pci/pt1/built-in.a
  AR      drivers/media/pci/pt3/built-in.a
  AR      drivers/media/pci/mantis/built-in.a
  AR      drivers/media/pci/ngene/built-in.a
  AR      drivers/media/pci/ddbridge/built-in.a
  AR      drivers/media/pci/saa7146/built-in.a
  AR      drivers/media/pci/smipcie/built-in.a
  AR      drivers/media/pci/netup_unidvb/built-in.a
  AR      drivers/media/pci/intel/ipu3/built-in.a
  AR      drivers/media/pci/intel/built-in.a
  AR      drivers/media/pci/built-in.a
  CC [M]  drivers/power/reset/exynos/exynos-reboot.o
  AR [M]  drivers/media/platform/exynos/camera/post/vra/vra.o
  LTO [M] drivers/media/platform/exynos/camera/post/vra/vra.lto.o
  CC      drivers/media/v4l2-core/v4l2-spi.o
  CC [M]  drivers/media/platform/exynos/camera/sensor/module_framework/cis/is-cis-3l6.o
  CC [M]  drivers/media/platform/exynos/mfc/mfc_ctx_ctrl.o
  LTO [M] drivers/power/reset/exynos/exynos-reboot.lto.o
  CC      drivers/power/reset/hisi-reboot.o
  CC      drivers/power/reset/syscon-reboot.o
  CC      drivers/media/v4l2-core/v4l2-i2c.o
  CC [M]  drivers/media/platform/exynos/camera/sensor/module_framework/cis/is-cis-hi1336.o
  CC [M]  drivers/media/platform/exynos/mfc/mfc_meerkat.o
  AR      drivers/power/reset/built-in.a
  CC      drivers/power/supply/power_supply_core.o
  CC [M]  drivers/media/platform/exynos/mfc/mfc_debugfs.o
  CC [M]  drivers/media/platform/exynos/camera/sensor/module_framework/cis/is-cis-jn1.o
  CC      drivers/power/supply/power_supply_sysfs.o
  CC      drivers/media/v4l2-core/v4l2-dv-timings.o
  CC      drivers/power/supply/power_supply_leds.o
  CC [M]  drivers/media/platform/exynos/mfc/mfc_core.o
  AR      drivers/power/supply/built-in.a
  AR      drivers/power/built-in.a
  CC [M]  drivers/media/platform/exynos/mfc/mfc_core_ops.o
  CC [M]  drivers/media/platform/exynos/camera/sensor/module_framework/cis/is-cis-sc201.o
  CC      drivers/media/v4l2-core/v4l2-mem2mem.o
  AR      drivers/media/platform/davinci/built-in.a
  AR      drivers/media/usb/ttusb-dec/built-in.a
  AR      drivers/media/usb/ttusb-budget/built-in.a
  AR      drivers/media/usb/dvb-usb/built-in.a
  AR      drivers/media/usb/dvb-usb-v2/built-in.a
  AR      drivers/media/usb/siano/built-in.a
  AR      drivers/media/usb/b2c2/built-in.a
  AR      drivers/media/usb/zr364xx/built-in.a
  AR      drivers/media/usb/stkwebcam/built-in.a
  AR      drivers/media/usb/s2255/built-in.a
  CC      drivers/media/usb/uvc/uvc_driver.o
  CC [M]  drivers/media/platform/exynos/camera/sensor/module_framework/cis/is-cis-gc02m1.o
  CC [M]  drivers/media/platform/exynos/mfc/mfc_core_isr.o
  AR      drivers/media/v4l2-core/built-in.a
  AR      drivers/thermal/broadcom/built-in.a
  AR      drivers/thermal/samsung/built-in.a
  CC [M]  drivers/thermal/samsung/exynos_tmu_v2.o
  CC      drivers/media/usb/uvc/uvc_queue.o
  CC [M]  drivers/media/platform/exynos/camera/sensor/module_framework/cis/is-cis-gc02m2.o
  CC [M]  drivers/media/platform/exynos/mfc/mfc_core_hwlock.o
  CC      drivers/media/usb/uvc/uvc_v4l2.o
  CC [M]  drivers/thermal/samsung/exynos_acpm_tmu.o
  LTO [M] drivers/media/platform/exynos/camera/sensor/module_framework/cis/is-cis-3l6.lto.o
  LTO [M] drivers/media/platform/exynos/camera/sensor/module_framework/cis/is-cis-hi1336.lto.o
  CC [M]  drivers/thermal/samsung/cpu_cooling.o
  LTO [M] drivers/media/platform/exynos/camera/sensor/module_framework/cis/is-cis-jn1.lto.o
  CC [M]  drivers/media/platform/exynos/mfc/mfc_core_intlock.o
  LTO [M] drivers/media/platform/exynos/camera/sensor/module_framework/cis/is-cis-sc201.lto.o
  CC      drivers/media/usb/uvc/uvc_video.o
  LTO [M] drivers/media/platform/exynos/camera/sensor/module_framework/cis/is-cis-gc02m1.lto.o
  LTO [M] drivers/media/platform/exynos/camera/sensor/module_framework/cis/is-cis-gc02m2.lto.o
  CC [M]  drivers/thermal/samsung/isp_cooling.o
  CC [M]  drivers/media/platform/exynos/camera/sensor/module_framework/actuator/is-actuator-gt9778.o
  CC [M]  drivers/media/platform/exynos/mfc/mfc_core_nal_q.o
  CC      drivers/media/usb/uvc/uvc_ctrl.o
  CC [M]  drivers/thermal/samsung/gpu_cooling.o
  LTO [M] drivers/media/platform/exynos/camera/sensor/module_framework/actuator/is-actuator-gt9778.lto.o
  CC [M]  drivers/media/platform/exynos/camera/sensor/module_framework/flash/is-flash-sm5714.o
  CC      drivers/media/usb/uvc/uvc_status.o
  AR [M]  drivers/thermal/samsung/exynos_thermal_v2.o
  LTO [M] drivers/thermal/samsung/gpu_cooling.lto.o
  CC [M]  drivers/media/platform/exynos/mfc/mfc_core_run.o
  LTO [M] drivers/thermal/samsung/exynos_thermal_v2.lto.o
  AR      drivers/thermal/intel/built-in.a
  AR      drivers/thermal/st/built-in.a
  AR      drivers/thermal/tegra/built-in.a
  CC      drivers/thermal/thermal_core.o
  LTO [M] drivers/media/platform/exynos/camera/sensor/module_framework/flash/is-flash-sm5714.lto.o
  CC [M]  drivers/media/platform/exynos/camera/hardware/pablo-hw.o
  CC      drivers/media/usb/uvc/uvc_isight.o
  CC [M]  drivers/media/platform/exynos/mfc/mfc_core_pm.o
  CC [M]  drivers/media/platform/exynos/camera/hardware/api/is-hw-common-dma.o
  CC      drivers/media/usb/uvc/uvc_debugfs.o
  CC      drivers/thermal/thermal_sysfs.o
  CC [M]  drivers/media/platform/exynos/mfc/mfc_core_otf.o
  CC      drivers/thermal/thermal_helpers.o
  CC [M]  drivers/media/platform/exynos/camera/hardware/pablo-hw-helper-v2.o
  CC      drivers/media/usb/uvc/uvc_metadata.o
  CC      drivers/thermal/thermal_netlink.o
  CC [M]  drivers/media/platform/exynos/mfc/mfc_core_meerkat.o
  CC      drivers/media/usb/uvc/uvc_entity.o
  CC [M]  drivers/media/platform/exynos/camera/hardware/is-hw-lme-v3.o
  CC      drivers/thermal/thermal_of.o
  CC [M]  drivers/media/platform/exynos/mfc/mfc_core_sync.o
  CC      drivers/thermal/gov_step_wise.o
  AR      drivers/media/usb/uvc/built-in.a
  CC      drivers/media/usb/gspca/gspca.o
  CC      drivers/thermal/gov_user_space.o
  CC [M]  drivers/media/platform/exynos/camera/hardware/is-hw-byrp-v2.o
  CC [M]  drivers/media/platform/exynos/mfc/mfc_core_sched_rr.o
  CC      drivers/thermal/gov_power_allocator.o
  CC      drivers/media/usb/gspca/autogain_functions.o
  CC [M]  drivers/media/platform/exynos/mfc/mfc_core_sched_prio.o
  CC      drivers/thermal/cpufreq_cooling.o
  CC [M]  drivers/media/platform/exynos/camera/hardware/is-hw-rgbp-v2.o
  CC      drivers/thermal/cpuidle_cooling.o
  CC [M]  drivers/media/platform/exynos/mfc/mfc_core_enc_param.o
  AR      drivers/media/usb/gspca/built-in.a
  AR      drivers/media/usb/built-in.a
  AR      drivers/media/mmc/siano/built-in.a
  AR      drivers/media/mmc/built-in.a
  CC [M]  drivers/media/platform/exynos/camera/hardware/is-hw-mcfp-v2.o
  CC      drivers/thermal/devfreq_cooling.o
  CC      drivers/thermal/hisi_thermal.o
  CC [M]  drivers/media/platform/exynos/mfc/mfc_core_buf_ctrl.o
  AR      drivers/media/platform/omap/built-in.a
  AR      drivers/media/firewire/built-in.a
  AR      drivers/media/platform/exynos/built-in.a
  CC      drivers/watchdog/watchdog_core.o
  AR      drivers/thermal/built-in.a
  CC [M]  drivers/media/platform/exynos/camera/lib/votf/pablo-votf.o
  CC [M]  drivers/media/platform/exynos/camera/hardware/is-hw-yuvp-v2.o
  CC [M]  drivers/media/platform/exynos/mfc/mfc_core_cmd.o
  CC      drivers/watchdog/watchdog_dev.o
  CC      drivers/watchdog/s3c2410_builtin_wdt.o
  CC [M]  drivers/media/platform/exynos/camera/lib/votf/pablo-hw-api-votf.o
  CC [M]  drivers/media/platform/exynos/mfc/mfc_core_perf_measure.o
  CC [M]  drivers/media/platform/exynos/camera/hardware/is-hw-mcscaler-v4.o
  AR [M]  drivers/media/platform/exynos/camera/lib/votf/votf.o
  LTO [M] drivers/media/platform/exynos/camera/lib/votf/votf.lto.o
  CC [M]  drivers/watchdog/s3c2410_wdt.o
  CC [M]  drivers/media/platform/exynos/camera/lib/pablo-lib.o
  CC [M]  drivers/media/platform/exynos/mfc/mfc_core_hw_reg_api.o
  CC [M]  drivers/watchdog/softdog.o
  CC [M]  drivers/media/platform/exynos/camera/hardware/is-hw-djag-v3.o
  CC [M]  drivers/media/platform/exynos/mfc/mfc_core_reg_api.o
  CC [M]  drivers/media/platform/exynos/camera/lib/pablo-debug.o
  LTO [M] drivers/watchdog/s3c2410_wdt.lto.o
  LTO [M] drivers/watchdog/softdog.lto.o
  AR      drivers/watchdog/built-in.a
  CC      drivers/md/dm-init.o
  CC [M]  drivers/media/platform/exynos/camera/hardware/is-hw-cac-dummy.o
  CC [M]  drivers/media/platform/exynos/mfc/plugin/mfc_plugin.o
  CC      drivers/md/dm-uevent.o
  CC [M]  drivers/media/platform/exynos/camera/lib/pablo-mem.o
  CC [M]  drivers/media/platform/exynos/camera/hardware/api/is-hw-api-lme-v2_20.o
  CC [M]  drivers/media/platform/exynos/mfc/plugin/mfc_plugin_ops.o
  CC      drivers/md/dm.o
  CC [M]  drivers/media/platform/exynos/camera/lib/pablo-kernel-variant.o
  CC [M]  drivers/media/platform/exynos/camera/hardware/api/is-hw-api-byrp-v1_30.o
  CC [M]  drivers/media/platform/exynos/mfc/plugin/mfc_plugin_isr.o
  CC      drivers/md/dm-table.o
  CC [M]  drivers/media/platform/exynos/camera/lib/pablo-work.o
  CC [M]  drivers/media/platform/exynos/camera/hardware/api/is-hw-api-rgbp-v1_40.o
  CC [M]  drivers/media/platform/exynos/mfc/plugin/mfc_plugin_hwlock.o
  CC      drivers/md/dm-target.o
  CC [M]  drivers/media/platform/exynos/camera/hardware/api/is-hw-api-mcfp-v11_20.o
  CC [M]  drivers/media/platform/exynos/camera/lib/pablo-hw-api-common.o
  CC [M]  drivers/media/platform/exynos/mfc/plugin/mfc_plugin_run.o
  CC [M]  drivers/media/platform/exynos/mfc/plugin/mfc_plugin_sync.o
  CC      drivers/md/dm-linear.o
  CC [M]  drivers/media/platform/exynos/camera/hardware/api/is-hw-api-yuvp-v1_40.o
  AS [M]  drivers/media/platform/exynos/camera/lib/pablo-fpsimdmacro.o
  CC [M]  drivers/media/platform/exynos/camera/lib/pablo-fpsimd.o
  AS [M]  drivers/media/platform/exynos/camera/lib/pablo-uh_call.o
  CC [M]  drivers/media/platform/exynos/camera/lib/pablo-binary.o
  CC      drivers/md/dm-stripe.o
  CC [M]  drivers/media/platform/exynos/mfc/plugin/mfc_plugin_pm.o
  CC [M]  drivers/media/platform/exynos/camera/hardware/api/is-hw-api-mcscaler-v11_30.o
  CC      drivers/md/dm-ioctl.o
  CC [M]  drivers/media/platform/exynos/mfc/plugin/mfc_plugin_meerkat.o
  CC [M]  drivers/media/platform/exynos/camera/lib/pablo-framemgr.o
  AR [M]  drivers/media/platform/exynos/camera/hardware/pablo-hws.o
  LTO [M] drivers/media/platform/exynos/camera/hardware/pablo-hws.lto.o
  CC [M]  drivers/media/platform/exynos/mfc/plugin/mfc_plugin_perf_measure.o
  CC      drivers/md/dm-io.o
  CC [M]  drivers/media/platform/exynos/camera/lib/pablo-irq.o
  CC      drivers/md/dm-kcopyd.o
  CC [M]  drivers/media/platform/exynos/mfc/plugin/mfc_plugin_reg_api.o
  AR      drivers/media/platform/sunxi/sun4i-csi/built-in.a
  AR      drivers/media/platform/sunxi/sun6i-csi/built-in.a
  AR      drivers/media/platform/sunxi/sun8i-di/built-in.a
  AR      drivers/media/platform/sunxi/sun8i-rotate/built-in.a
  AR      drivers/media/platform/sunxi/built-in.a
  AR      drivers/media/spi/built-in.a
  CC      drivers/md/dm-sysfs.o
  CC [M]  drivers/media/platform/exynos/camera/lib/pablo-mmio.o
  CC      drivers/bluetooth/hci_vhci.o
  CC [M]  drivers/media/platform/exynos/mfc/base/mfc_rate_calculate.o
  CC      drivers/md/dm-stats.o
  CC [M]  drivers/media/platform/exynos/mfc/base/mfc_queue.o
  CC      drivers/md/dm-rq.o
  CC      drivers/bluetooth/hci_ldisc.o
  CC [M]  drivers/media/platform/exynos/camera/lib/pmio-cache.o
  CC [M]  drivers/media/platform/exynos/mfc/base/mfc_utils.o
  CC      drivers/md/dm-builtin.o
  CC [M]  drivers/media/platform/exynos/camera/lib/pablo-stripe.o
  CC      drivers/bluetooth/hci_serdev.o
  CC      drivers/md/dm-bufio.o
  CC [M]  drivers/media/platform/exynos/mfc/base/mfc_buf.o
  CC [M]  drivers/media/platform/exynos/camera/lib/pablo-internal-subdev-ctrl.o
  CC      drivers/bluetooth/hci_h4.o
  CC [M]  drivers/media/platform/exynos/mfc/base/mfc_meminfo.o
  CC      drivers/md/dm-crypt.o
  CC [M]  drivers/media/platform/exynos/mfc/base/mfc_mem.o
  CC [M]  drivers/media/platform/exynos/camera/lib/pablo-obte.o
  CC      drivers/bluetooth/hci_ll.o
  CC      drivers/md/dm-default-key.o
  CC      drivers/md/dm-snap.o
  CC [M]  drivers/media/platform/exynos/mfc/base/mfc_qos.o
  CC      drivers/bluetooth/hci_bcm.o
  AR [M]  drivers/media/platform/exynos/camera/lib/pablo-libs.o
  LTO [M] drivers/media/platform/exynos/camera/lib/pablo-libs.lto.o
  CC [M]  drivers/media/platform/exynos/mfc/base/mfc_memlog.o
  CC      drivers/md/dm-exception-store.o
  CC [M]  drivers/media/platform/exynos/camera/icpu/pablo-icpu-core.o
  CC      drivers/bluetooth/hci_qca.o
  CC      drivers/md/dm-snap-transient.o
  CC [M]  drivers/media/platform/exynos/mfc/base/mfc_sysevent.o
  CC [M]  drivers/media/platform/exynos/camera/icpu/pablo-icpu-itf.o
  CC      drivers/md/dm-snap-persistent.o
  CC      drivers/bluetooth/btsdio.o
  CC [M]  drivers/media/platform/exynos/mfc/base/mfc_llc.o
  AR [M]  drivers/media/platform/exynos/mfc/exynos_mfc.o
  LTO [M] drivers/media/platform/exynos/mfc/exynos_mfc.lto.o
  CC [M]  drivers/media/platform/exynos/camera/icpu/mbox/pablo-icpu-mbox.o
  CC      drivers/md/dm-verity-fec.o
  CC [M]  drivers/media/platform/exynos/camera/icpu/pablo-icpu-selftest.o
  CC      drivers/bluetooth/btbcm.o
  CC      drivers/md/dm-verity-target.o
  CC [M]  drivers/media/platform/exynos/camera/icpu/pablo-icpu-debug.o
  CC      drivers/md/dm-verity-debug.o
  CC [M]  drivers/media/platform/exynos/camera/icpu/pablo-icpu-msg-queue.o
  CC      drivers/bluetooth/btqca.o
  CC      drivers/md/alta_bigdata.o
  CC [M]  drivers/media/platform/exynos/smfc/smfc-dev.o
  CC [M]  drivers/media/platform/exynos/camera/icpu/firmware/pablo-icpu-firmware.o
  CC [M]  drivers/media/platform/exynos/camera/icpu/firmware/pablo-icpu-imgloader.o
  CC      drivers/md/dm-bow.o
  CC [M]  drivers/media/platform/exynos/camera/icpu/pablo-icpu-sysfs.o
  CC [M]  drivers/media/platform/exynos/smfc/smfc-v4l2-ioctls.o
  AR      drivers/bluetooth/built-in.a
  CC      drivers/edac/edac_mc.o
  CC [M]  drivers/media/platform/exynos/camera/icpu/mem/pablo-icpu-mem.o
  CC      drivers/md/dm-user.o
  CC [M]  drivers/media/platform/exynos/camera/icpu/mem/pablo-icpu-mem-cma-wrap.o
  AR      drivers/md/built-in.a
  AR      drivers/media/test-drivers/built-in.a
  CC [M]  drivers/media/platform/exynos/smfc/smfc-regs.o
  CC [M]  drivers/media/platform/exynos/camera/testing/self/pablo-self-test.o
  CC      drivers/edac/edac_device.o
  CC [M]  drivers/media/platform/exynos/camera/icpu/mem/pablo-icpu-mem-pmem-wrap.o
  CC [M]  drivers/media/platform/exynos/camera/testing/self/pablo-self-test-hw-ip.o
  CC [M]  drivers/media/platform/exynos/smfc/smfc-stream-parser.o
  CC      drivers/edac/edac_mc_sysfs.o
  CC [M]  drivers/media/platform/exynos/camera/icpu/hardware/pablo-icpu-hw-itf.o
  CC [M]  drivers/media/platform/exynos/camera/testing/self/pablo-self-test-file-io.o
  AR [M]  drivers/media/platform/exynos/smfc/smfc.o
  LTO [M] drivers/media/platform/exynos/smfc/smfc.lto.o
  CC      drivers/edac/edac_module.o
  CC      drivers/opp/core.o
  CC [M]  drivers/media/platform/exynos/camera/icpu/hardware/pablo-icpu-v1_0.o
  CC      drivers/edac/edac_device_sysfs.o
  CC [M]  drivers/media/platform/exynos/camera/testing/self/pablo-self-test-crta-mock.o
  AR [M]  drivers/media/platform/exynos/camera/icpu/pablo-icpu.o
  LTO [M] drivers/media/platform/exynos/camera/icpu/pablo-icpu.lto.o
  CC      drivers/opp/cpu.o
  CC      drivers/edac/wq.o
  CC      drivers/cpufreq/cpufreq.o
  CC [M]  drivers/media/platform/exynos/camera/testing/self/pablo-power-self-test.o
  CC      drivers/opp/of.o
  CC      drivers/edac/edac_pci.o
  CC [M]  drivers/media/platform/exynos/camera/testing/self/pablo-hw-byrp-self-test.o
  CC      drivers/opp/debugfs.o
  CC      drivers/cpufreq/freq_table.o
  CC      drivers/edac/edac_pci_sysfs.o
  AR      drivers/opp/built-in.a
  CC [M]  drivers/media/radio/exynos/s610/radio-s610.o
  CC [M]  drivers/media/platform/exynos/camera/testing/self/pablo-hw-rgbp-self-test.o
  CC      drivers/cpufreq/cpufreq_stats.o
  AR      drivers/edac/built-in.a
  AR      drivers/media/radio/built-in.a
  CC [M]  drivers/media/radio/exynos/s610/fm_low.o
  CC      drivers/cpufreq/cpufreq_times.o
  CC [M]  drivers/media/platform/exynos/camera/testing/self/pablo-hw-yuvp-self-test.o
  CC [M]  drivers/media/platform/exynos/scaler/scaler-core.o
  CC      drivers/cpufreq/cpufreq_performance.o
  CC [M]  drivers/media/radio/exynos/s610/fm_ctrl.o
  CC      drivers/cpufreq/cpufreq_powersave.o
  CC [M]  drivers/media/platform/exynos/camera/testing/self/pablo-hw-mcsc-self-test.o
  CC      drivers/cpufreq/cpufreq_ondemand.o
  CC [M]  drivers/media/radio/exynos/s610/fm_rds.o
  CC [M]  drivers/media/platform/exynos/scaler/scaler-regs.o
  CC      drivers/cpufreq/cpufreq_conservative.o
  CC [M]  drivers/media/platform/exynos/camera/testing/self/pablo-hw-mcfp-self-test.o
  AR [M]  drivers/media/radio/exynos/s610/fm_s620.o
  LTO [M] drivers/media/radio/exynos/s610/fm_s620.lto.o
  CC      drivers/cpufreq/cpufreq_governor.o
  CC [M]  drivers/media/platform/exynos/scaler/scaler-debug.o
  CC [M]  drivers/media/platform/exynos/camera/vendor/mcd_v2/is-device-eeprom.o
  CC [M]  drivers/media/platform/exynos/camera/testing/self/pablo-hw-lme-self-test.o
  CC      drivers/cpufreq/cpufreq_governor_attr_set.o
  CC [M]  drivers/media/platform/exynos/scaler/scaler-ext.o
  CC [M]  drivers/media/platform/exynos/camera/vendor/mcd_v2/is-device-otprom.o
  CC [M]  drivers/media/platform/exynos/camera/testing/self/pablo-hw-cstat-self-test.o
  CC      drivers/cpufreq/scmi-cpufreq.o
  AR [M]  drivers/media/platform/exynos/scaler/scaler.o
  LTO [M] drivers/media/platform/exynos/scaler/scaler.lto.o
  LTO [M] drivers/media/platform/exynos/camera/vendor/mcd_v2/is-device-eeprom.lto.o
  CC      drivers/cpufreq/scpi-cpufreq.o
  LTO [M] drivers/media/platform/exynos/camera/vendor/mcd_v2/is-device-otprom.lto.o
  CC [M]  drivers/media/platform/exynos/camera/testing/self/pablo-hw-byrp2rgbp-self-test.o
  CC      drivers/cpuidle/governors/menu.o
  CC [M]  drivers/media/platform/exynos/camera/is-core.o
  CC [M]  drivers/cpufreq/exynos-acme.o
  CC      drivers/cpuidle/governors/teo.o
  CC [M]  drivers/media/platform/exynos/camera/testing/self/pablo-hw-byrp2mcsc-self-test.o
  AR      drivers/cpuidle/governors/built-in.a
  CC      drivers/cpuidle/cpuidle.o
  CC      drivers/mmc/core/core.o
  CC [M]  drivers/cpufreq/freq-qos-tracer.o
  AR [M]  drivers/media/platform/exynos/camera/testing/self/pablo-self-tests.o
  LTO [M] drivers/media/platform/exynos/camera/testing/self/pablo-self-tests.lto.o
  CC [M]  drivers/cpufreq/exynos-dsufreq.o
  CC      drivers/cpuidle/driver.o
  CC [M]  drivers/media/platform/exynos/camera/is-groupmgr.o
  CC      drivers/mmc/core/bus.o
  CC      drivers/cpuidle/governor.o
  LTO [M] drivers/cpufreq/exynos-acme.lto.o
  LTO [M] drivers/cpufreq/freq-qos-tracer.lto.o
  LTO [M] drivers/cpufreq/exynos-dsufreq.lto.o
  AR      drivers/cpufreq/built-in.a
  AR      drivers/leds/flash/built-in.a
  CC      drivers/leds/trigger/ledtrig-timer.o
  CC [M]  drivers/media/platform/exynos/camera/is-resourcemgr.o
  CC      drivers/cpuidle/sysfs.o
  CC      drivers/mmc/core/host.o
  CC      drivers/leds/trigger/ledtrig-transient.o
  CC      drivers/cpuidle/dt_idle_states.o
  AR      drivers/leds/trigger/built-in.a
  AR      drivers/leds/blink/built-in.a
  CC      drivers/leds/led-core.o
  CC      drivers/mmc/core/mmc.o
  CC      drivers/cpuidle/cpuidle-arm.o
  CC [M]  drivers/media/platform/exynos/camera/is-devicemgr.o
  CC      drivers/leds/led-class.o
  CC      drivers/cpuidle/cpuidle-psci.o
  CC      drivers/mmc/core/mmc_ops.o
  CC      drivers/cpuidle/cpuidle-psci-domain.o
  CC      drivers/leds/led-class-flash.o
  CC [M]  drivers/media/platform/exynos/camera/is-video.o
  AR      drivers/cpuidle/built-in.a
  CC      drivers/mmc/host/sdhci.o
  CC      drivers/mmc/core/sd.o
  CC      drivers/leds/led-class-multicolor.o
  CC [M]  drivers/media/platform/exynos/camera/pablo-video-cmn-subdev.o
  CC      drivers/leds/led-triggers.o
  CC      drivers/mmc/core/sd_ops.o
  CC      drivers/mmc/host/sdhci-pltfm.o
  CC [M]  drivers/media/platform/exynos/camera/is-video-sensor.o
  CC [M]  drivers/leds/leds-sm5714-fled.o
  CC      drivers/mmc/core/sdio.o
  CC [M]  drivers/mmc/host/dw_mmc.o
  CC [M]  drivers/media/platform/exynos/camera/is-video-sensor-subdev.o
  CC      drivers/mmc/core/sdio_ops.o
  LTO [M] drivers/leds/leds-sm5714-fled.lto.o
  AR      drivers/leds/built-in.a
  AR      drivers/firmware/arm_ffa/built-in.a
  CC      drivers/firmware/arm_scmi/bus.o
  CC      drivers/mmc/core/sdio_bus.o
  CC [M]  drivers/media/platform/exynos/camera/is-video-3aa.o
  CC [M]  drivers/mmc/host/dw_mmc-pltfm.o
  CC      drivers/firmware/arm_scmi/driver.o
  CC      drivers/mmc/core/sdio_cis.o
  CC [M]  drivers/mmc/host/dw_mmc-exynos.o
  CC [M]  drivers/media/platform/exynos/camera/is-video-mcs.o
  CC      drivers/firmware/arm_scmi/notify.o
  CC      drivers/mmc/core/sdio_io.o
  CC [M]  drivers/mmc/host/mmc-sec-feature.o
  CC [M]  drivers/media/platform/exynos/camera/is-video-pafrdma.o
  CC      drivers/firmware/arm_scmi/base.o
  CC [M]  drivers/mmc/host/mmc-sec-sysfs.o
  CC      drivers/firmware/arm_scmi/clock.o
  CC      drivers/mmc/core/sdio_irq.o
  CC [M]  drivers/media/platform/exynos/camera/is-subdev-ctrl.o
  CC      drivers/firmware/arm_scmi/perf.o
  LTO [M] drivers/mmc/host/dw_mmc.lto.o
  CC      drivers/mmc/core/slot-gpio.o
  LTO [M] drivers/mmc/host/dw_mmc-pltfm.lto.o
  AR [M]  drivers/mmc/host/dw_mmc-exynos-sec.o
  AR      drivers/mmc/host/built-in.a
  LTO [M] drivers/mmc/host/dw_mmc-exynos-sec.lto.o
  CC      drivers/firmware/arm_scmi/power.o
  AR      drivers/firmware/broadcom/built-in.a
  AR      drivers/crypto/allwinner/built-in.a
  AR      drivers/crypto/hisilicon/built-in.a
  AR      drivers/crypto/keembay/built-in.a
  AR      drivers/crypto/built-in.a
  AR      drivers/firmware/meson/built-in.a
  CC      drivers/mmc/core/regulator.o
  CC [M]  drivers/media/platform/exynos/camera/is-device-ischain.o
  CC      drivers/firmware/arm_scmi/reset.o
  CC      drivers/mmc/core/pwrseq.o
  CC      drivers/firmware/arm_scmi/sensors.o
  CC      drivers/clocksource/timer-of.o
  CC      drivers/mmc/core/debugfs.o
  CC [M]  drivers/media/platform/exynos/camera/is-interface-wrap.o
  CC      drivers/firmware/arm_scmi/system.o
  CC      drivers/clocksource/timer-probe.o
  CC      drivers/firmware/arm_scmi/voltage.o
  CC      drivers/mmc/core/crypto.o
  CC      drivers/clocksource/mmio.o
  CC      drivers/firmware/arm_scmi/shmem.o
  CC [M]  drivers/media/platform/exynos/camera/is-device-sensor_v2.o
  CC      drivers/clocksource/timer-sun4i.o
  CC      drivers/mmc/core/block.o
  CC      drivers/firmware/arm_scmi/mailbox.o
  CC      drivers/clocksource/arm_arch_timer.o
  CC      drivers/firmware/arm_scmi/smc.o
  CC      drivers/mmc/core/queue.o
  CC      drivers/firmware/arm_scmi/msg.o
  CC      drivers/clocksource/timer-sp804.o
  CC [M]  drivers/media/platform/exynos/camera/is-time.o
  CC      drivers/firmware/arm_scmi/virtio.o
  CC      drivers/clocksource/dummy_timer.o
  AR      drivers/mmc/core/built-in.a
  AR      drivers/mmc/built-in.a
  CC [M]  drivers/media/platform/exynos/camera/is-dt.o
  CC [M]  drivers/clocksource/exynos_mct_v3.o
  AR      drivers/firmware/arm_scmi/built-in.a
  AR      drivers/firmware/imx/built-in.a
  CC      drivers/hid/usbhid/hid-core.o
  CC      drivers/firmware/efi/libstub/efi-stub-helper.o
  LTO [M] drivers/clocksource/exynos_mct_v3.lto.o
  AR      drivers/clocksource/built-in.a
  CC      drivers/firmware/efi/efi.o
  CC      drivers/firmware/efi/libstub/gop.o
  CC [M]  drivers/media/platform/exynos/camera/is-i2c-config.o
  CC      drivers/hid/usbhid/hiddev.o
  CC      drivers/firmware/efi/vars.o
  CC      drivers/firmware/efi/libstub/secureboot.o
  CC [M]  drivers/media/platform/exynos/camera/is-device-camif-dma.o
  AR      drivers/hid/usbhid/built-in.a
  CC      drivers/hid/hid-core.o
  CC      drivers/firmware/efi/libstub/tpm.o
  CC      drivers/firmware/efi/reboot.o
  CC      drivers/firmware/efi/libstub/file.o
  CC [M]  drivers/media/platform/exynos/camera/pablo-device-iommu-group.o
  CC      drivers/firmware/efi/memattr.o
  CC      drivers/hid/hid-input.o
  CC      drivers/firmware/efi/libstub/mem.o
  CC      drivers/firmware/efi/tpm.o
  CC [M]  drivers/media/platform/exynos/camera/pablo-device-camif-subblks.o
  CC      drivers/firmware/efi/libstub/random.o
  CC      drivers/hid/hid-quirks.o
  CC      drivers/firmware/efi/memmap.o
  CC      drivers/firmware/efi/libstub/randomalloc.o
  CC [M]  drivers/media/platform/exynos/camera/testing/pablo-self-test-result.o
  CC      drivers/hid/hid-debug.o
  CC      drivers/firmware/psci/psci.o
  CC      drivers/firmware/efi/libstub/pci.o
  CC      drivers/hid/hidraw.o
  AR      drivers/firmware/psci/built-in.a
  CC [M]  drivers/media/platform/exynos/camera/testing/pablo-sensor-self-test.o
  CC      drivers/firmware/smccc/smccc.o
  CC      drivers/firmware/efi/libstub/skip_spaces.o
  CC      drivers/firmware/efi/libstub/lib-cmdline.o
  CC      drivers/firmware/efi/libstub/lib-ctype.o
  CC      drivers/firmware/efi/libstub/alignedmem.o
  CC      drivers/firmware/smccc/kvm_guest.o
  CC      drivers/hid/uhid.o
  CC      drivers/firmware/smccc/soc_id.o
  CC [M]  drivers/media/platform/exynos/camera/is-dvfs_v2.o
  CC      drivers/firmware/efi/libstub/relocate.o
  AR      drivers/firmware/smccc/built-in.a
  AR      drivers/firmware/tegra/built-in.a
  CC      drivers/of/base.o
  CC      drivers/hid/hid-generic.o
  CC      drivers/firmware/efi/libstub/vsprintf.o
  CC [M]  drivers/media/platform/exynos/camera/is-device-csi_v4.o
  CC      drivers/firmware/efi/libstub/efi-stub.o
  CC      drivers/hid/hid-apple.o
  CC      drivers/of/device.o
  CC      drivers/hid/hid-elecom.o
  CC      drivers/firmware/efi/libstub/fdt.o
  CC      drivers/hid/hid-lg.o
  CC      drivers/of/platform.o
  CC [M]  drivers/media/platform/exynos/camera/pablo-crta-bufmgr.o
  CC      drivers/firmware/efi/libstub/string.o
  CC      drivers/firmware/efi/libstub/lib-fdt_rw.o
  CC      drivers/firmware/efi/libstub/lib-fdt_ro.o
  CC      drivers/hid/hid-lgff.o
  CC      drivers/firmware/efi/libstub/lib-fdt_wip.o
  CC      drivers/firmware/efi/libstub/lib-fdt.o
  CC      drivers/firmware/efi/libstub/lib-fdt_empty_tree.o
  CC      drivers/firmware/efi/libstub/lib-fdt_sw.o
  CC      drivers/firmware/efi/libstub/arm64-stub.o
  CC      drivers/hid/hid-lg2ff.o
  CC      drivers/of/property.o
  CC [M]  drivers/media/platform/exynos/camera/is-video-byrp.o
  CC      drivers/hid/hid-lg4ff.o
  STUBCPY drivers/firmware/efi/libstub/alignedmem.stub.o
  STUBCPY drivers/firmware/efi/libstub/arm64-stub.stub.o
  STUBCPY drivers/firmware/efi/libstub/efi-stub-helper.stub.o
  STUBCPY drivers/firmware/efi/libstub/efi-stub.stub.o
  STUBCPY drivers/firmware/efi/libstub/fdt.stub.o
  STUBCPY drivers/firmware/efi/libstub/file.stub.o
  STUBCPY drivers/firmware/efi/libstub/gop.stub.o
  STUBCPY drivers/firmware/efi/libstub/lib-cmdline.stub.o
  CC      drivers/of/kobj.o
  STUBCPY drivers/firmware/efi/libstub/lib-ctype.stub.o
  STUBCPY drivers/firmware/efi/libstub/lib-fdt.stub.o
  STUBCPY drivers/firmware/efi/libstub/lib-fdt_empty_tree.stub.o
  STUBCPY drivers/firmware/efi/libstub/lib-fdt_ro.stub.o
  CC [M]  drivers/media/platform/exynos/camera/is-video-rgbp.o
  STUBCPY drivers/firmware/efi/libstub/lib-fdt_rw.stub.o
  STUBCPY drivers/firmware/efi/libstub/lib-fdt_sw.stub.o
  STUBCPY drivers/firmware/efi/libstub/lib-fdt_wip.stub.o
  STUBCPY drivers/firmware/efi/libstub/mem.stub.o
  CC      drivers/hid/hid-lg-g15.o
  STUBCPY drivers/firmware/efi/libstub/pci.stub.o
  STUBCPY drivers/firmware/efi/libstub/random.stub.o
  STUBCPY drivers/firmware/efi/libstub/randomalloc.stub.o
  STUBCPY drivers/firmware/efi/libstub/relocate.stub.o
  STUBCPY drivers/firmware/efi/libstub/secureboot.stub.o
  CC      drivers/of/fdt.o
  STUBCPY drivers/firmware/efi/libstub/skip_spaces.stub.o
  STUBCPY drivers/firmware/efi/libstub/string.stub.o
  STUBCPY drivers/firmware/efi/libstub/tpm.stub.o
  STUBCPY drivers/firmware/efi/libstub/vsprintf.stub.o
  AR      drivers/firmware/efi/libstub/lib.a
  CC      drivers/firmware/efi/fdtparams.o
  CC      drivers/hid/hid-logitech-dj.o
  CC [M]  drivers/media/platform/exynos/camera/is-video-mcfp.o
  CC      drivers/firmware/efi/esrt.o
  CC      drivers/of/fdt_address.o
  CC      drivers/hid/hid-logitech-hidpp.o
  CC      drivers/of/address.o
  CC      drivers/firmware/efi/efi-pstore.o
  CC [M]  drivers/media/platform/exynos/camera/is-video-yuvp.o
  CC      drivers/hid/hid-magicmouse.o
  CC      drivers/firmware/efi/runtime-wrappers.o
  CC      drivers/of/irq.o
  CC [M]  drivers/media/platform/exynos/camera/is-video-lme.o
  CC      drivers/hid/hid-microsoft.o
  CC      drivers/firmware/efi/sysfb_efi.o
  CC      drivers/hid/hid-multitouch.o
  CC      drivers/of/of_reserved_mem.o
  CC [M]  drivers/media/platform/exynos/camera/interface/pablo-interface-irta.o
  CC      drivers/firmware/efi/efi-init.o
  CC      drivers/hid/hid-nintendo.o
  AR      drivers/of/built-in.a
  CC      drivers/vhost/vsock.o
  CC      drivers/hid/hid-prodikeys.o
  CC [M]  drivers/media/platform/exynos/camera/hardware/is-hw-cstat-v2.o
  CC      drivers/firmware/efi/arm-runtime.o
  CC      drivers/hid/hid-picolcd_core.o
  CC      drivers/firmware/efi/earlycon.o
  CC      drivers/vhost/vhost.o
  AR      drivers/firmware/efi/built-in.a
  AR      drivers/firmware/xilinx/built-in.a
  CC      drivers/firmware/arm_scpi.o
  CC [M]  drivers/media/platform/exynos/camera/hardware/is-hw-pdp.o
  CC      drivers/hid/hid-picolcd_debugfs.o
  CC      drivers/firmware/sysfb.o
  CC      drivers/vhost/iotlb.o
  CC      drivers/hid/hid-plantronics.o
  CC [M]  drivers/media/platform/exynos/camera/hardware/api/is-hw-api-pdp-v4_0.o
  CC      drivers/hid/hid-playstation.o
  AR      drivers/vhost/built-in.a
  AR      drivers/staging/media/built-in.a
  AR      drivers/staging/iio/accel/built-in.a
  AR      drivers/staging/iio/adc/built-in.a
  AR      drivers/staging/iio/addac/built-in.a
  AR      drivers/staging/iio/cdc/built-in.a
  AR      drivers/staging/iio/frequency/built-in.a
  AR      drivers/staging/iio/impedance-analyzer/built-in.a
  AR      drivers/staging/iio/meter/built-in.a
  AR      drivers/staging/iio/resolver/built-in.a
  AR      drivers/staging/iio/built-in.a
  AR      drivers/staging/android/switch/built-in.a
  CC [M]  drivers/staging/android/switch/switch_class.o
  AR      drivers/firmware/built-in.a
  CC [M]  drivers/media/platform/exynos/camera/hardware/api/is-hw-api-cstat-v1_40.o
  CC      drivers/hid/hid-roccat.o
  CC      drivers/staging/android/ashmem.o
  LTO [M] drivers/staging/android/switch/switch_class.lto.o
  CC [M]  drivers/staging/nanohub/chub.o
  CC      drivers/hid/hid-roccat-common.o
  CC [M]  drivers/media/platform/exynos/camera/interface/pablo-sensor-adapter-v1.o
  CC      drivers/staging/android/debug_kinfo.o
  CC [M]  drivers/staging/nanohub/chub_bootup.o
  CC      drivers/hid/hid-roccat-arvo.o
  CC      drivers/staging/android/lmkd_debug.o
  CC [M]  drivers/media/platform/exynos/camera/interface/pablo-icpu-adapter-v2.o
  CC      drivers/hid/hid-roccat-isku.o
  CC [M]  drivers/staging/nanohub/chub_dbg.o
  CC      drivers/staging/android/freecess.o
  CC      drivers/hid/hid-roccat-kone.o
  CC [M]  drivers/media/platform/exynos/camera/ischain/is-v11_30_0/setup-is.o
  CC [M]  drivers/staging/nanohub/chub_log.o
  CC      drivers/hid/hid-roccat-koneplus.o
  CC      drivers/staging/android/freecess_pkg.o
  CC [M]  drivers/staging/nanohub/chub_exynos.o
  CC      drivers/hid/hid-roccat-konepure.o
  CC [M]  drivers/media/platform/exynos/camera/ischain/is-v11_30_0/setup-is-sensor.o
  CC      drivers/hid/hid-roccat-kovaplus.o
  CC [M]  drivers/staging/nanohub/chub_ipc_if.o
  AR      drivers/staging/android/built-in.a
  AR      drivers/platform/built-in.a
  CC [M]  drivers/media/platform/exynos/camera/ischain/is-v11_30_0/is-hw-pwr.o
  CC [M]  drivers/staging/nanohub/ipc_chub.o
  CC      drivers/hid/hid-roccat-lua.o
  AR      drivers/staging/built-in.a
  CC      drivers/mailbox/mailbox.o
  CC [M]  drivers/media/platform/exynos/camera/ischain/is-v11_30_0/is-hw-chain.o
  CC      drivers/hid/hid-roccat-pyra.o
  CC [M]  drivers/staging/nanohub/ipc_chub_ap.o
  CC      drivers/mailbox/hi3660-mailbox.o
  CC      drivers/hid/hid-roccat-ryos.o
  CC [M]  drivers/media/platform/exynos/camera/ischain/is-v11_30_0/is-hw-dvfs.o
  CC [M]  drivers/staging/nanohub/ipc_common.o
  CC      drivers/mailbox/hi6220-mailbox.o
  CC      drivers/hid/hid-roccat-savu.o
  CC [M]  drivers/staging/nanohub/ipc_hw.o
  CC      drivers/mailbox/sun6i-msgbox.o
  CC [M]  drivers/media/platform/exynos/camera/ischain/is-v11_30_0/is-subdev-cstat.o
  CC      drivers/hid/hid-samsung.o
  CC [M]  drivers/staging/nanohub/chub_shub.o
  AR      drivers/mailbox/built-in.a
  CC      drivers/hwspinlock/hwspinlock_core.o
  CC      drivers/hid/hid-sony.o
  CC [M]  drivers/media/platform/exynos/camera/ischain/is-v11_30_0/is-subdev-byrp.o
  AR [M]  drivers/staging/nanohub/nanohub.o
  LTO [M] drivers/staging/nanohub/nanohub.lto.o
  AR      drivers/hwspinlock/built-in.a
  CC      drivers/remoteproc/remoteproc_core.o
  CC      drivers/hid/hid-steam.o
  CC [M]  drivers/media/platform/exynos/camera/ischain/is-v11_30_0/is-subdev-rgbp.o
  CC      drivers/hid/hid-uclogic-core.o
  CC      drivers/rpmsg/rpmsg_core.o
  CC      drivers/remoteproc/remoteproc_coredump.o
  CC [M]  drivers/media/platform/exynos/camera/ischain/is-v11_30_0/is-subdev-mcs.o
  CC      drivers/hid/hid-uclogic-rdesc.o
  CC      drivers/rpmsg/rpmsg_char.o
  CC      drivers/remoteproc/remoteproc_debugfs.o
  CC      drivers/hid/hid-uclogic-params.o
  CC [M]  drivers/media/platform/exynos/camera/ischain/is-v11_30_0/is-subdev-mcsp.o
  CC      drivers/remoteproc/remoteproc_sysfs.o
  AR      drivers/rpmsg/built-in.a
  AR      drivers/devfreq/event/built-in.a
  CC      drivers/hid/wacom_wac.o
  CC [M]  drivers/devfreq/exynos/exynos-devfreq.o
  CC      drivers/remoteproc/remoteproc_virtio.o
  CC [M]  drivers/media/platform/exynos/camera/ischain/is-v11_30_0/is-subdev-paf.o
  CC      drivers/hid/wacom_sys.o
  CC      drivers/remoteproc/remoteproc_elf_loader.o
  CC [M]  drivers/media/platform/exynos/camera/ischain/is-v11_30_0/is-subdev-yuvp.o
  CC [M]  drivers/devfreq/exynos/governor_simpleinteractive.o
  CC      drivers/remoteproc/remoteproc_cdev.o
  CC      drivers/hid/hid-wiimote-core.o
  AR [M]  drivers/devfreq/exynos/exynos_devfreq.o
  LTO [M] drivers/devfreq/exynos/exynos_devfreq.lto.o
  CC [M]  drivers/media/platform/exynos/camera/ischain/is-v11_30_0/is-subdev-mcfp.o
  CC      drivers/devfreq/devfreq.o
  AR      drivers/remoteproc/built-in.a
  CC      drivers/extcon/extcon.o
  CC      drivers/hid/hid-wiimote-modules.o
  CC      drivers/hid/hid-wiimote-debug.o
  CC [M]  drivers/media/platform/exynos/camera/ischain/is-v11_30_0/is-subdev-lme.o
  CC      drivers/extcon/devres.o
  CC      drivers/devfreq/devfreq-event.o
  CC [M]  drivers/hid/hid-a4tech.o
  AR      drivers/extcon/built-in.a
  AR      drivers/iio/accel/built-in.a
  CC [M]  drivers/iio/adc/samsung/pmic/s2mpu15_adc_8535.o
  CC [M]  drivers/media/platform/exynos/camera/ischain/is-v11_30_0/is-subdev-sensor.o
  CC      drivers/devfreq/governor_simpleondemand.o
  CC [M]  drivers/hid/hid-axff.o
  LTO [M] drivers/iio/adc/samsung/pmic/s2mpu15_adc_8535.lto.o
  CC      drivers/devfreq/governor_performance.o
  AR      drivers/iio/adc/built-in.a
  AR      drivers/iio/addac/built-in.a
  AR      drivers/iio/afe/built-in.a
  AR      drivers/iio/amplifiers/built-in.a
  CC      drivers/iio/buffer/industrialio-triggered-buffer.o
  CC [M]  drivers/hid/hid-belkin.o
  CC [M]  drivers/media/platform/exynos/camera/ischain/is-v11_30_0/is-subdev-sensor_vc.o
  CC      drivers/devfreq/governor_powersave.o
  CC [M]  drivers/hid/hid-cherry.o
  CC      drivers/iio/buffer/kfifo_buf.o
  CC      drivers/devfreq/governor_userspace.o
  CC [M]  drivers/media/platform/exynos/camera/ischain/is-v11_30_0/is-votf.o
  CC [M]  drivers/hid/hid-chicony.o
  CC      drivers/devfreq/governor_passive.o
  AR      drivers/iio/buffer/built-in.a
  AR      drivers/iio/cdc/built-in.a
  AR      drivers/iio/chemical/built-in.a
  AR      drivers/iio/common/cros_ec_sensors/built-in.a
  AR      drivers/iio/common/hid-sensors/built-in.a
  AR      drivers/iio/common/ms_sensors/built-in.a
  AR      drivers/iio/common/scmi_sensors/built-in.a
  AR      drivers/iio/common/ssp_sensors/built-in.a
  AR      drivers/iio/common/st_sensors/built-in.a
  AR      drivers/iio/common/built-in.a
  AR      drivers/iio/dac/built-in.a
  AR      drivers/iio/dummy/built-in.a
  AR      drivers/iio/gyro/built-in.a
  AR      drivers/iio/frequency/built-in.a
  AR      drivers/iio/health/built-in.a
  AR      drivers/iio/humidity/built-in.a
  AR      drivers/iio/imu/bmi160/built-in.a
  AR      drivers/iio/imu/inv_icm42600/built-in.a
  CC [M]  drivers/hid/hid-cypress.o
  AR      drivers/iio/imu/inv_mpu6050/built-in.a
  AR      drivers/iio/imu/st_lsm6dsx/built-in.a
  AR      drivers/devfreq/built-in.a
  AR      drivers/iio/imu/st_lsm9ds0/built-in.a
  AR      drivers/iio/light/built-in.a
  AR      drivers/iio/imu/built-in.a
  CC [M]  drivers/media/platform/exynos/camera/ischain/is-v11_30_0/pablo-hw-chain-info.o
  AR      drivers/iio/magnetometer/built-in.a
  AR      drivers/iio/multiplexer/built-in.a
  AR      drivers/iio/orientation/built-in.a
  AR      drivers/iio/position/built-in.a
  AR      drivers/iio/potentiometer/built-in.a
  AR      drivers/iio/potentiostat/built-in.a
  AR      drivers/iio/pressure/built-in.a
  AR      drivers/iio/proximity/built-in.a
  AR      drivers/iio/resolver/built-in.a
  AR      drivers/iio/temperature/built-in.a
  AR      drivers/iio/test/built-in.a
  AR      drivers/iio/trigger/built-in.a
  CC      drivers/iio/industrialio-core.o
  CC [M]  drivers/hid/hid-dr.o
  CC      drivers/iio/industrialio-event.o
  CC [M]  drivers/hid/hid-emsff.o
  CC      drivers/powercap/powercap_sys.o
  CC [M]  drivers/hid/hid-ezkey.o
  CC      drivers/iio/inkern.o
  CC [M]  drivers/media/platform/exynos/camera/ischain/is-v11_30_0/is-subdev-framemgr.o
  CC      drivers/powercap/idle_inject.o
  CC [M]  drivers/hid/hid-gyration.o
  CC      drivers/iio/industrialio-buffer.o
  AR      drivers/powercap/built-in.a
  CC      drivers/perf/arm_pmu.o
  CC [M]  drivers/hid/hid-holtek-kbd.o
  CC [M]  drivers/media/platform/exynos/camera/csi/is-hw-csi-v8_0.o
  CC [M]  drivers/hid/hid-holtek-mouse.o
  CC      drivers/perf/arm_pmu_platform.o
  CC      drivers/iio/industrialio-trigger.o
  CC [M]  drivers/hid/hid-holtekff.o
  CC [M]  drivers/media/platform/exynos/camera/csi/is-hw-phy.o
  AR      drivers/perf/built-in.a
  CC      drivers/ras/ras.o
  AR      drivers/iio/built-in.a
  CC [M]  drivers/media/platform/exynos/camera/vendor/mcd_v2/is-vender.o
  CC [M]  drivers/hid/hid-kensington.o
  CC [M]  drivers/hid/hid-keytouch.o
  CC [M]  drivers/media/platform/exynos/camera/vendor/mcd_v2/is-vender-caminfo.o
  CC      drivers/ras/debugfs.o
  CC [M]  drivers/hid/hid-lcpower.o
  AR      drivers/ras/built-in.a
  CC      drivers/hwtracing/coresight/coresight-core.o
  CC [M]  drivers/hid/hid-monterey.o
  AR      drivers/hwtracing/intel_th/built-in.a
  CC [M]  drivers/media/platform/exynos/camera/vendor/mcd_v2/is-sec-define.o
  CC      drivers/hwtracing/coresight/coresight-etm-perf.o
  CC [M]  drivers/hid/hid-ntrig.o
  CC      drivers/hwtracing/coresight/coresight-platform.o
  CC [M]  drivers/hid/hid-ortek.o
  CC      drivers/hwtracing/coresight/coresight-sysfs.o
  CC [M]  drivers/hid/hid-pl.o
  CC [M]  drivers/media/platform/exynos/camera/vendor/mcd_v2/crc32.o
  CC [M]  drivers/media/platform/exynos/camera/vendor/mcd_v2/is-sysfs.o
  CC      drivers/hwtracing/coresight/coresight-syscfg.o
  CC [M]  drivers/hid/hid-petalynx.o
  CC      drivers/hwtracing/coresight/coresight-config.o
  CC [M]  drivers/hid/hid-primax.o
  CC      drivers/hwtracing/stm/core.o
  CC [M]  drivers/hid/hid-saitek.o
  CC      drivers/hwtracing/coresight/coresight-cfg-preload.o
  CC [M]  drivers/media/platform/exynos/camera/is-votfmgr.o
  CC [M]  drivers/hid/hid-sjoy.o
  CC      drivers/hwtracing/coresight/coresight-cfg-afdo.o
  CC      drivers/hwtracing/stm/policy.o
  CC [M]  drivers/hid/hid-speedlink.o
  CC [M]  drivers/media/platform/exynos/camera/hardware/is-hw-control.o
  CC      drivers/hwtracing/coresight/coresight-syscfg-configfs.o
  CC [M]  drivers/hid/hid-sunplus.o
  CC      drivers/hwtracing/stm/p_basic.o
  AR      drivers/hwtracing/stm/built-in.a
  CC [M]  drivers/hid/hid-gaff.o
  CC      drivers/android/binderfs.o
  CC      drivers/hwtracing/coresight/coresight-tmc-core.o
  CC [M]  drivers/hid/hid-tmff.o
  CC      drivers/android/binder.o
  CC [M]  drivers/media/platform/exynos/camera/hardware/is-hw-control-m2m.o
  CC      drivers/hwtracing/coresight/coresight-tmc-etf.o
  CC [M]  drivers/hid/hid-thrustmaster.o
  CC [M]  drivers/hid/hid-tivo.o
  CC      drivers/hwtracing/coresight/coresight-tmc-etr.o
  CC [M]  drivers/media/platform/exynos/camera/hardware/is-hw-dm.o
  CC [M]  drivers/hid/hid-topseed.o
  CC [M]  drivers/hid/hid-twinhan.o
  CC      drivers/android/binder_alloc.o
  CC      drivers/hwtracing/coresight/coresight-tpiu.o
  CC [M]  drivers/media/platform/exynos/camera/interface/is-interface-ischain.o
  CC [M]  drivers/hid/hid-zpff.o
  CC      drivers/android/android_debug_symbols.o
  CC      drivers/hwtracing/coresight/coresight-etb10.o
  CC [M]  drivers/hid/hid-zydacron.o
  CC [M]  drivers/media/platform/exynos/camera/interface/is-interface-ddk.o
  CC [M]  drivers/hid/hid-waltop.o
  CC      drivers/hwtracing/coresight/coresight-funnel.o
  CC      drivers/android/vendor_hooks.o
  LTO [M] drivers/hid/hid-a4tech.lto.o
  LTO [M] drivers/hid/hid-axff.lto.o
  LTO [M] drivers/hid/hid-belkin.lto.o
  LTO [M] drivers/hid/hid-cherry.lto.o
  LTO [M] drivers/hid/hid-chicony.lto.o
  CC [M]  drivers/media/platform/exynos/camera/ischain/setup-is-module.o
  LTO [M] drivers/hid/hid-cypress.lto.o
  LTO [M] drivers/hid/hid-dr.lto.o
  LTO [M] drivers/hid/hid-emsff.lto.o
  LTO [M] drivers/hid/hid-ezkey.lto.o
  LTO [M] drivers/hid/hid-gyration.lto.o
  CC      drivers/hwtracing/coresight/coresight-replicator.o
  LTO [M] drivers/hid/hid-holtek-kbd.lto.o
  LTO [M] drivers/hid/hid-holtek-mouse.lto.o
  LTO [M] drivers/hid/hid-holtekff.lto.o
  LTO [M] drivers/hid/hid-kensington.lto.o
  LTO [M] drivers/hid/hid-keytouch.lto.o
  LTO [M] drivers/hid/hid-lcpower.lto.o
  LTO [M] drivers/hid/hid-monterey.lto.o
  LTO [M] drivers/hid/hid-ntrig.lto.o
  LTO [M] drivers/hid/hid-ortek.lto.o
  LTO [M] drivers/hid/hid-pl.lto.o
  LTO [M] drivers/hid/hid-petalynx.lto.o
  LTO [M] drivers/hid/hid-primax.lto.o
  LTO [M] drivers/hid/hid-saitek.lto.o
  LTO [M] drivers/hid/hid-sjoy.lto.o
  LTO [M] drivers/hid/hid-speedlink.lto.o
  LTO [M] drivers/hid/hid-sunplus.lto.o
  LTO [M] drivers/hid/hid-gaff.lto.o
  CC [M]  drivers/media/platform/exynos/camera/ischain/pablo-hw-chain-info-common.o
  LTO [M] drivers/hid/hid-tmff.lto.o
  CC      drivers/hwtracing/coresight/coresight-stm.o
  LTO [M] drivers/hid/hid-thrustmaster.lto.o
  LTO [M] drivers/hid/hid-tivo.lto.o
  LTO [M] drivers/hid/hid-topseed.lto.o
  LTO [M] drivers/hid/hid-twinhan.lto.o
  LTO [M] drivers/hid/hid-zpff.lto.o
  LTO [M] drivers/hid/hid-zydacron.lto.o
  LTO [M] drivers/hid/hid-waltop.lto.o
  AR      drivers/hid/built-in.a
  CC      drivers/nvmem/core.o
  CC      drivers/hwtracing/coresight/coresight-catu.o
  CC [M]  drivers/media/platform/exynos/camera/sensor/is-helper-i2c.o
  AR      drivers/nvmem/built-in.a
  CC      drivers/gnss/core.o
  AR      drivers/hwtracing/coresight/built-in.a
  CC [M]  drivers/media/platform/exynos/camera/sensor/is-helper-i3c.o
  CC      drivers/interconnect/core.o
  AR      drivers/gnss/built-in.a
  CC [M]  drivers/media/platform/exynos/camera/sensor/module_framework/is-interface-sensor.o
  CC      drivers/interconnect/bulk.o
  CC [M]  drivers/media/platform/exynos/camera/sensor/module_framework/is-interface-actuator.o
  AR      drivers/android/built-in.a
  CC [M]  drivers/media/platform/exynos/camera/sensor/module_framework/is-control-sensor.o
  AR      drivers/interconnect/built-in.a
  AR      drivers/samsung/pm/built-in.a
  CC [M]  drivers/samsung/pm/sec_pm_debug.o
  CC [M]  drivers/samsung/sec_reboot.o
  LTO [M] drivers/samsung/pm/sec_pm_debug.lto.o
  CC [M]  drivers/media/platform/exynos/camera/sensor/module_framework/is-control-actuator.o
  AR      drivers/sec_panel_notifier_v2/built-in.a
  CC [M]  drivers/sec_panel_notifier_v2/sec_panel_notifier_v2.o
  AR      drivers/mfd/slsi/s2mf301/built-in.a
  CC [M]  drivers/mfd/slsi/s2mf301/s2mf301_core.o
  CC [M]  drivers/samsung/sec_crash_key_user.o
  LTO [M] drivers/sec_panel_notifier_v2/sec_panel_notifier_v2.lto.o
  AR      drivers/vibrator/common/vib_info/built-in.a
  CC [M]  drivers/vibrator/common/vib_info/vibrator_vib_info.o
  CC [M]  drivers/samsung/sec_hard_reset_hook.o
  CC [M]  drivers/media/platform/exynos/camera/sensor/module_framework/is-device-sensor-peri.o
  CC [M]  drivers/mfd/slsi/s2mf301/s2mf301_irq.o
  LTO [M] drivers/vibrator/common/vib_info/vibrator_vib_info.lto.o
  CC [M]  drivers/samsung/sec_key_notifier.o
  AR      drivers/muic/slsi/platform/built-in.a
  CC [M]  drivers/muic/slsi/platform/muic_platform_layer.o
  CC [M]  drivers/samsung/sec_class.o
  CC [M]  drivers/media/platform/exynos/camera/sensor/module_framework/modules/is-device-module-base.o
  CC [M]  drivers/muic/slsi/platform/muic_platform_manager.o
  AR [M]  drivers/mfd/slsi/s2mf301/mfd_s2mf301.o
  LTO [M] drivers/mfd/slsi/s2mf301/mfd_s2mf301.lto.o
  AR      drivers/gpu/drm/samsung/panel/tft_common/built-in.a
  CC [M]  drivers/gpu/drm/samsung/panel/tft_common/tft_function.o
  CC [M]  drivers/samsung/sec_bootstat.o
  CC [M]  drivers/media/platform/exynos/camera/sensor/module_framework/cis/is-cis.o
  CC [M]  drivers/samsung/sec_argos.o
  AR [M]  drivers/muic/slsi/platform/muic_platform.o
  LTO [M] drivers/muic/slsi/platform/muic_platform.lto.o
  CC [M]  drivers/gpu/drm/samsung/panel/tft_common/tft_common.o
  AR      drivers/vibrator/common/built-in.a
  CC [M]  drivers/vibrator/common/sec_vibrator.o
  LTO [M] drivers/samsung/sec_reboot.lto.o
  LTO [M] drivers/samsung/sec_crash_key_user.lto.o
  LTO [M] drivers/samsung/sec_hard_reset_hook.lto.o
  LTO [M] drivers/samsung/sec_key_notifier.lto.o
  LTO [M] drivers/samsung/sec_class.lto.o
  LTO [M] drivers/samsung/sec_bootstat.lto.o
  CC [M]  drivers/gpu/drm/samsung/panel/tft_common/nt36672c_a14x_01.o
  LTO [M] drivers/samsung/sec_argos.lto.o
  LTO [M] drivers/vibrator/common/sec_vibrator.lto.o
  AR      drivers/samsung/built-in.a
  CC [M]  drivers/media/platform/exynos/camera/lib/pablo-smc.o
  AR      drivers/battery/fuelgauge/sm5714_fuelgauge/built-in.a
  CC [M]  drivers/battery/fuelgauge/sm5714_fuelgauge/sm5714_fuelgauge.o
  AR      drivers/battery/fuelgauge/s2mf301_fuelgauge/built-in.a
  CC [M]  drivers/battery/fuelgauge/s2mf301_fuelgauge/s2mf301_fuelgauge.o
  AR [M]  drivers/media/platform/exynos/camera/fimc-is.o
  CC [M]  drivers/gpu/drm/samsung/panel/tft_common/ft8720_m14x_01.o
  AR [M]  drivers/media/platform/exynos/camera/pablo-smc.o
  LTO [M] drivers/media/platform/exynos/camera/fimc-is.lto.o
  LTO [M] drivers/battery/fuelgauge/sm5714_fuelgauge/sm5714_fuelgauge.lto.o
  LTO [M] drivers/battery/fuelgauge/s2mf301_fuelgauge/s2mf301_fuelgauge.lto.o
  LTO [M] drivers/media/platform/exynos/camera/pablo-smc.lto.o
  AR      drivers/misc/drb/built-in.a
  CC [M]  drivers/misc/drb/dev_ril_bridge.o
  AR      drivers/sensorhub/built-in.a
  CC [M]  drivers/sensorhub/comm/shub_comm.o
  CC [M]  drivers/gpu/drm/samsung/panel/tft_common/nt36672c_m14x_00.o
  CC [M]  drivers/sensorhub/comm/shub_iio.o
  LTO [M] drivers/misc/drb/dev_ril_bridge.lto.o
  CC      drivers/samsung/debug/sec_debug_base_built.o
  AR [M]  drivers/gpu/drm/samsung/panel/tft_common/usdm-panel-tft-common.o
  AR [M]  drivers/gpu/drm/samsung/panel/tft_common/mcd-panel-nt36672c_a14x_01.o
  AR [M]  drivers/gpu/drm/samsung/panel/tft_common/mcd-panel-ft8720_m14x_01.o
  AR [M]  drivers/gpu/drm/samsung/panel/tft_common/mcd-panel-nt36672c_m14x_00.o
  LTO [M] drivers/gpu/drm/samsung/panel/tft_common/usdm-panel-tft-common.lto.o
  CC [M]  drivers/sensorhub/comm/shub_kfifo_buf.o
  LTO [M] drivers/gpu/drm/samsung/panel/tft_common/mcd-panel-nt36672c_a14x_01.lto.o
  LTO [M] drivers/gpu/drm/samsung/panel/tft_common/mcd-panel-ft8720_m14x_01.lto.o
  LTO [M] drivers/gpu/drm/samsung/panel/tft_common/mcd-panel-nt36672c_m14x_00.lto.o
  AR      drivers/net/dropdump/built-in.a
  CC [M]  drivers/net/dropdump/dropdump.o
  CC [M]  drivers/sensorhub/comm/misc/shub_misc.o
  CC      drivers/samsung/debug/sec_debug_auto_comment_built.o
  CC [M]  drivers/sensorhub/comm/misc/shub_batch.o
  CC      drivers/samsung/debug/sec_debug_memtab_built.o
  CC [M]  drivers/sensorhub/comm/misc/shub_injection.o
  LTO [M] drivers/net/dropdump/dropdump.lto.o
  CC [M]  drivers/samsung/debug/sec_debug_base.o
  CC [M]  drivers/sensorhub/comm/misc/shub_scontext.o
  AR      drivers/input/input_boost/built-in.a
  CC [M]  drivers/input/input_boost/input_booster_lsi.o
  AR      drivers/media/platform/built-in.a
  AR      drivers/media/built-in.a
  CC [M]  drivers/samsung/debug/sec_dump_sink.o
  CC [M]  drivers/sensorhub/debug/shub_debug.o
  CC [M]  drivers/input/input_boost/evdev_booster.o
  CC [M]  drivers/samsung/debug/sec_debug_base_early.o
  AR      drivers/usb/common/vbus_notifier/built-in.a
  CC [M]  drivers/usb/common/vbus_notifier/vbus_notifier.o
  CC [M]  drivers/sensorhub/debug/shub_debug_sysfs.o
  CC [M]  drivers/input/input_boost/input_booster.o
  LTO [M] drivers/usb/common/vbus_notifier/vbus_notifier.lto.o
  CC [M]  drivers/samsung/debug/sec_debug_test.o
  AR      drivers/battery/core/built-in.a
  CC [M]  drivers/battery/core/sb_pqueue.o
  CC [M]  drivers/sensorhub/debug/shub_sensor_dump.o
  AR [M]  drivers/input/input_boost/input_booster_lkm.o
  LTO [M] drivers/input/input_boost/input_booster_lkm.lto.o
  CC [M]  drivers/battery/core/sb_notify.o
  CC [M]  drivers/samsung/debug/sec_debug_dprm.o
  CC [M]  drivers/sensorhub/debug/shub_system_checker.o
  CC [M]  drivers/battery/core/sb_sysfs.o
  CC [M]  drivers/sensorhub/debug/shub_dump.o
  AR      drivers/muic/common/built-in.a
  CC [M]  drivers/samsung/debug/sec_debug_dprt.o
  CC [M]  drivers/muic/common/muic-core.o
  CC [M]  drivers/battery/core/sb_vote.o
  CC [M]  drivers/sensorhub/factory/shub_factory.o
  CC [M]  drivers/battery/core/sb_core.o
  CC [M]  drivers/samsung/debug/sec_debug_mode.o
  CC [M]  drivers/muic/common/muic_notifier.o
  CC [M]  drivers/sensorhub/factory/accelerometer/accelerometer_factory.o
  AR [M]  drivers/battery/core/sb-core.o
  LTO [M] drivers/battery/core/sb-core.lto.o
  AR      drivers/usb/typec/slsi/s2mf301/built-in.a
  CC [M]  drivers/usb/typec/slsi/s2mf301/s2mf301-usbpd.o
  CC [M]  drivers/samsung/debug/sec_debug_extra_info.o
  CC [M]  drivers/sensorhub/factory/flip_cover_detector/flip_cover_detector_factory.o
  CC [M]  drivers/muic/common/muic_param.o
  CC [M]  drivers/sensorhub/factory/gyroscope/gyroscope_factory.o
  CC [M]  drivers/muic/common/muic_sysfs.o
  CC [M]  drivers/samsung/debug/sec_debug_hw_param.o
  AR [M]  drivers/usb/typec/slsi/s2mf301/pdic_s2mf301.o
  LTO [M] drivers/usb/typec/slsi/s2mf301/pdic_s2mf301.lto.o
  CC [M]  drivers/sensorhub/factory/gyroscope/gyroscope_icm42605m_factory.o
  AR      drivers/usb/typec/manager/built-in.a
  CC [M]  drivers/usb/typec/manager/usb_typec_manager_notifier.o
  CC [M]  drivers/samsung/debug/sec_debug_reset_reason.o
  AR [M]  drivers/muic/common/common_muic.o
  LTO [M] drivers/muic/common/common_muic.lto.o
  AR      drivers/input/sec_input/built-in.a
  CC [M]  drivers/input/sec_input/sec_tsp_log.o
  CC [M]  drivers/sensorhub/factory/gyroscope/gyroscope_lsm6dsl_factory.o
  CC [M]  drivers/samsung/debug/sec_debug_wdd_info.o
  CC [M]  drivers/sensorhub/factory/gyroscope/gyroscope_lsm6dsotr_factory.o
  CC [M]  drivers/usb/typec/manager/usb_typec_manager_hwparam.o
  CC [M]  drivers/samsung/debug/sec_debug_dtask.o
  CC [M]  drivers/sensorhub/factory/gyroscope/gyroscope_lsm6dsvtr_factory.o
  CC [M]  drivers/input/sec_input/sec_common_fn.o
  CC [M]  drivers/usb/typec/manager/if_cb_manager.o
  CC [M]  drivers/samsung/debug/sec_debug_softdog.o
  CC [M]  drivers/sensorhub/factory/gyroscope/gyroscope_icm42632m_factory.o
  AR [M]  drivers/usb/typec/manager/usb_typec_manager.o
  LTO [M] drivers/usb/typec/manager/if_cb_manager.lto.o
  LTO [M] drivers/usb/typec/manager/usb_typec_manager.lto.o
  AR      drivers/fingerprint/built-in.a
  CC [M]  drivers/fingerprint/fingerprint_common_lsi.o
  CC [M]  drivers/sensorhub/factory/light/light_factory.o
  CC [M]  drivers/input/sec_input/sec_cmd.o
  CC [M]  drivers/samsung/debug/sec_debug_sched_info.o
  CC [M]  drivers/fingerprint/fingerprint_common.o
  CC [M]  drivers/sensorhub/factory/magnetometer/magnetometer_factory.o
  CC [M]  drivers/sensorhub/factory/magnetometer/magnetometer_ak09918c_factory.o
  CC [M]  drivers/fingerprint/gw3x_common.o
  CC [M]  drivers/samsung/debug/sec_debug_stacktrace.o
  LTO [M] drivers/input/sec_input/sec_tsp_log.lto.o
  LTO [M] drivers/input/sec_input/sec_common_fn.lto.o
  CC [M]  drivers/sensorhub/factory/magnetometer/magnetometer_mmc5633_factory.o
  LTO [M] drivers/input/sec_input/sec_cmd.lto.o
  AR      drivers/usb/typec/slsi/common/built-in.a
  CC [M]  drivers/usb/typec/slsi/common/s2m_pdic_notifier.o
  CC [M]  drivers/samsung/debug/sec_debug_hardlockup_info.o
  CC [M]  drivers/sensorhub/factory/magnetometer/magnetometer_yas539_factory.o
  CC [M]  drivers/fingerprint/gw3x_spidev.o
  CC [M]  drivers/usb/typec/slsi/common/usbpd.o
  CC [M]  drivers/samsung/debug/sec_debug_sched_report.o
  CC [M]  drivers/sensorhub/factory/magnetometer/magnetometer_mxg4300s_factory.o
  CC [M]  drivers/usb/typec/slsi/common/usbpd_cc.o
  CC [M]  drivers/fingerprint/fingerprint_sysfs.o
  CC [M]  drivers/sensorhub/factory/pressure/pressure_factory.o
  AR [M]  drivers/samsung/debug/sec_debug.o
  LTO [M] drivers/samsung/debug/sec_debug_base_early.lto.o
  LTO [M] drivers/samsung/debug/sec_debug_test.lto.o
  LTO [M] drivers/samsung/debug/sec_debug_dprm.lto.o
  CC [M]  drivers/sensorhub/factory/pressure/pressure_bmp580_factory.o
  LTO [M] drivers/samsung/debug/sec_debug_dprt.lto.o
  AR [M]  drivers/fingerprint/fingerprint.o
  LTO [M] drivers/fingerprint/fingerprint_sysfs.lto.o
  LTO [M] drivers/samsung/debug/sec_debug_mode.lto.o
  LTO [M] drivers/samsung/debug/sec_debug_extra_info.lto.o
  LTO [M] drivers/fingerprint/fingerprint.lto.o
  LTO [M] drivers/samsung/debug/sec_debug_hw_param.lto.o
  CC [M]  drivers/usb/typec/slsi/common/usbpd_policy.o
  CC [M]  drivers/usb/typec/slsi/common/usbpd_manager.o
  LTO [M] drivers/samsung/debug/sec_debug_reset_reason.lto.o
  LTO [M] drivers/samsung/debug/sec_debug_wdd_info.lto.o
  LTO [M] drivers/samsung/debug/sec_debug_dtask.lto.o
  LTO [M] drivers/samsung/debug/sec_debug_softdog.lto.o
  CC [M]  drivers/sensorhub/factory/pressure/pressure_lps22hh_factory.o
  LTO [M] drivers/samsung/debug/sec_debug_sched_info.lto.o
  LTO [M] drivers/samsung/debug/sec_debug_stacktrace.lto.o
  LTO [M] drivers/samsung/debug/sec_debug_hardlockup_info.lto.o
  LTO [M] drivers/samsung/debug/sec_debug_sched_report.lto.o
  AR      drivers/samsung/debug/built-in.a
  LTO [M] drivers/samsung/debug/sec_debug.lto.o
  AR      drivers/battery/charger/sm5714_charger/built-in.a
  CC [M]  drivers/battery/charger/sm5714_charger/sm5714_charger.o
  CC [M]  drivers/sensorhub/factory/pressure/pressure_lps22df_factory.o
  CC [M]  drivers/sensorhub/factory/pressure/pressure_lps25h_factory.o
  AR      drivers/battery/charger/sm5451_charger/built-in.a
  CC [M]  drivers/battery/charger/sm5451_charger/sm5451_charger.o
  AR [M]  drivers/usb/typec/slsi/common/s2m_pdic_notifier_module.o
  LTO [M] drivers/usb/typec/slsi/common/s2m_pdic_notifier_module.lto.o
  CC [M]  drivers/battery/charger/sm5714_charger/sm5714_charger_oper.o
  CC [M]  drivers/sensorhub/factory/proximity/proximity_factory.o
  AR      drivers/gpu/drm/samsung/panel/built-in.a
  CC [M]  drivers/gpu/drm/samsung/panel/timenval.o
  CC [M]  drivers/battery/charger/sm5451_charger/sm5451_direct_charger.o
  CC [M]  drivers/sensorhub/factory/proximity/proximity_gp2ap110s_factory.o
  CC [M]  drivers/gpu/drm/samsung/panel/abd.o
  AR [M]  drivers/battery/charger/sm5714_charger/sm5714-charger.o
  LTO [M] drivers/battery/charger/sm5714_charger/sm5714-charger.lto.o
  CC [M]  drivers/sensorhub/factory/proximity/proximity_stk3x6x_factory.o
  AR      drivers/battery/charger/s2mf301_charger/built-in.a
  CC [M]  drivers/battery/charger/s2mf301_charger/s2mf301_pmeter.o
  AR [M]  drivers/battery/charger/sm5451_charger/sm5451-charger.o
  LTO [M] drivers/battery/charger/sm5451_charger/sm5451-charger.lto.o
  CC [M]  drivers/sensorhub/factory/proximity/proximity_stk3328_factory.o
  CC [M]  drivers/gpu/drm/samsung/panel/util.o
  AR      drivers/usb/typec/common/built-in.a
  CC [M]  drivers/usb/typec/common/pdic_notifier.o
  CC [M]  drivers/battery/charger/s2mf301_charger/s2mf301_charger.o
  CC [M]  drivers/sensorhub/factory/proximity/proximity_tmd4912_factory.o
  CC [M]  drivers/gpu/drm/samsung/panel/panel_lib.o
  CC [M]  drivers/usb/typec/common/pdic_sysfs.o
  CC [M]  drivers/sensorhub/factory/proximity/proximity_stk3391x_factory.o
  LTO [M] drivers/battery/charger/s2mf301_charger/s2mf301_pmeter.lto.o
  LTO [M] drivers/battery/charger/s2mf301_charger/s2mf301_charger.lto.o
  CC [M]  drivers/usb/typec/common/pdic_core.o
  AR      drivers/muic/slsi/s2mf301/built-in.a
  CC [M]  drivers/muic/slsi/s2mf301/s2mf301-muic.o
  CC [M]  drivers/sensorhub/factory/proximity/proximity_stk33512_factory.o
  CC [M]  drivers/gpu/drm/samsung/panel/maptbl.o
  CC [M]  drivers/sensorhub/factory/proximity/proximity_stk3afx_factory.o
  CC [M]  drivers/usb/typec/common/pdic_misc.o
  CC [M]  drivers/muic/slsi/s2mf301/s2mf301-muic-afc.o
  CC [M]  drivers/sensorhub/factory/proximity/proximity_tmd3725_factory.o
  CC [M]  drivers/gpu/drm/samsung/panel/panel_sequence.o
  CC [M]  drivers/usb/typec/common/pdic_param.o
  CC [M]  drivers/sensorhub/others/shub_motor_callback.o
  CC [M]  drivers/muic/slsi/s2mf301/s2mf301_top.o
  AR [M]  drivers/usb/typec/common/pdic_notifier_module.o
  LTO [M] drivers/usb/typec/common/pdic_notifier_module.lto.o
  CC [M]  drivers/sensorhub/others/shub_panel.o
  AR [M]  drivers/muic/slsi/s2mf301/muic_s2mf301.o
  CC [M]  drivers/gpu/drm/samsung/panel/panel_expression.o
  LTO [M] drivers/muic/slsi/s2mf301/muic_s2mf301.lto.o
  CC [M]  drivers/sensorhub/others/shub_pogo.o
  AR      drivers/mfd/sm/sm5714/built-in.a
  CC [M]  drivers/mfd/sm/sm5714/sm5714_core.o
  AR [M]  drivers/muic/slsi/s2mf301/top_s2mf301.o
  LTO [M] drivers/muic/slsi/s2mf301/top_s2mf301.lto.o
  CC [M]  drivers/gpu/drm/samsung/panel/panel_condition.o
  CC [M]  drivers/mfd/sm/sm5714/sm5714-irq.o
  CC [M]  drivers/sensorhub/others/shub_aois.o
  CC [M]  drivers/sensorhub/sensor/accelerometer.o
  AR      drivers/input/touchscreen/novatek/nt36523_spi/built-in.a
  CC [M]  drivers/input/touchscreen/novatek/nt36523_spi/nt36xxx.o
  AR [M]  drivers/mfd/sm/sm5714/mfd_sm5714.o
  LTO [M] drivers/mfd/sm/sm5714/mfd_sm5714.lto.o
  CC [M]  drivers/gpu/drm/samsung/panel/panel_property.o
  CC [M]  drivers/sensorhub/sensor/gyroscope.o
  CC [M]  drivers/gpu/drm/samsung/panel/panel_delay.o
  CC [M]  drivers/sensorhub/sensor/gyroscope_uncal.o
  CC [M]  drivers/input/touchscreen/novatek/nt36523_spi/nt36xxx_fw_update.o
  CC [M]  drivers/sensorhub/sensor/magnetometer.o
  CC [M]  drivers/gpu/drm/samsung/panel/panel_packet.o
  AR      drivers/input/touchscreen/ovt/td4150_spi/built-in.a
  CC [M]  drivers/input/touchscreen/novatek/nt36523_spi/nt36xxx_ext_proc.o
  CC [M]  drivers/sensorhub/sensor/magnetometer_uncal.o
  AR      drivers/input/touchscreen/ilitek/ili9881x/built-in.a
  CC [M]  drivers/gpu/drm/samsung/panel/panel_resource.o
  CC [M]  drivers/sensorhub/sensor/flip_cover_detector.o
  CC [M]  drivers/input/touchscreen/novatek/nt36523_spi/nt36xxx_sec_fn.o
  AR      drivers/input/touchscreen/focaltech/ft8720/built-in.a
  CC [M]  drivers/input/touchscreen/focaltech/ft8720/focaltech_core.o
  CC [M]  drivers/sensorhub/sensor/light.o
  CC [M]  drivers/gpu/drm/samsung/panel/panel_dump.o
  CC [M]  drivers/sensorhub/sensor/light_cct.o
  AR [M]  drivers/input/touchscreen/novatek/nt36523_spi/novatek_ts_nt36523.o
  LTO [M] drivers/input/touchscreen/novatek/nt36523_spi/novatek_ts_nt36523.lto.o
  CC [M]  drivers/input/touchscreen/focaltech/ft8720/focaltech_ex_mode.o
  CC [M]  drivers/sensorhub/sensor/light_autobrightness.o
  AR      drivers/sensors_lego/built-in.a
  CC [M]  drivers/sensors_lego/a96t396.o
  CC [M]  drivers/gpu/drm/samsung/panel/panel_config.o
  CC [M]  drivers/sensorhub/sensor/light_seamless.o
  CC [M]  drivers/input/touchscreen/focaltech/ft8720/focaltech_gesture.o
  CC [M]  drivers/sensorhub/sensor/light_ir.o
  CC [M]  drivers/gpu/drm/samsung/panel/panel.o
  LTO [M] drivers/sensors_lego/a96t396.lto.o
  CC [M]  drivers/input/touchscreen/focaltech/ft8720/focaltech_esdcheck.o
  AR      drivers/battery/common/built-in.a
  CC [M]  drivers/battery/common/sb_pass_through.o
  CC [M]  drivers/sensorhub/sensor/led_cover_event.o
  CC [M]  drivers/sensorhub/sensor/pressure.o
  CC [M]  drivers/input/touchscreen/focaltech/ft8720/focaltech_point_report_check.o
  CC [M]  drivers/gpu/drm/samsung/panel/panel_bl.o
  CC [M]  drivers/battery/common/sec_direct_charger.o
  CC [M]  drivers/sensorhub/sensor/scontext.o
  CC [M]  drivers/input/touchscreen/focaltech/ft8720/focaltech_flash.o
  CC [M]  drivers/sensorhub/sensor/step.o
  CC [M]  drivers/battery/common/sec_pd.o
  CC [M]  drivers/gpu/drm/samsung/panel/dimming.o
  CC [M]  drivers/sensorhub/sensor/proximity.o
  CC [M]  drivers/input/touchscreen/focaltech/ft8720/focaltech_sec_cmd.o
  CC [M]  drivers/battery/common/sb_wireless.o
  CC [M]  drivers/sensorhub/sensor/proximity_raw.o
  CC [M]  drivers/sensorhub/sensor/proximity_calibration.o
  CC [M]  drivers/battery/common/sec_step_charging.o
  CC [M]  drivers/gpu/drm/samsung/panel/panel_gpio.o
  CC [M]  drivers/input/touchscreen/focaltech/ft8720/focaltech_spi.o
  CC [M]  drivers/sensorhub/sensor/motion.o
  CC [M]  drivers/sensorhub/sensor/super.o
  CC [M]  drivers/gpu/drm/samsung/panel/panel_regulator.o
  AR [M]  drivers/input/touchscreen/focaltech/ft8720/focaltech_ts_ft8720.o
  LTO [M] drivers/input/touchscreen/focaltech/ft8720/focaltech_ts_ft8720.lto.o
  CC [M]  drivers/battery/common/battery_logger.o
  CC [M]  drivers/sensorhub/sensor/hub_debugger.o
  AR      drivers/samsung/pm/sec_thermistor/built-in.a
  CC [M]  drivers/samsung/pm/sec_thermistor/sec_thermistor.o
  CC [M]  drivers/sensorhub/sensor/pocket_mode.o
  CC [M]  drivers/gpu/drm/samsung/panel/panel_drv_ioctl.o
  CC [M]  drivers/battery/common/sb_batt_dump.o
  LTO [M] drivers/samsung/pm/sec_thermistor/sec_thermistor.lto.o
  AR      drivers/muic/sm/sm5714/built-in.a
  CC [M]  drivers/muic/sm/sm5714/sm5714-muic.o
  CC [M]  drivers/sensorhub/sensor/device_orientation.o
  CC [M]  drivers/gpu/drm/samsung/panel/panel_drv.o
  CC [M]  drivers/sensorhub/sensor/sar_backoff_motion.o
  CC [M]  drivers/battery/common/sec_charging_modprobe.o
  CC [M]  drivers/muic/sm/sm5714/sm5714-muic-afc.o
  CC [M]  drivers/sensorhub/sensor/pogo_request_handler.o
  CC [M]  drivers/battery/common/sec_battery.o
  CC [M]  drivers/sensorhub/sensor/aois.o
  CC [M]  drivers/muic/sm/sm5714/sm5714-muic-pdic.o
  CC [M]  drivers/sensorhub/sensor/rotation_vector.o
  CC [M]  drivers/gpu/drm/samsung/panel/panel_irc.o
  CC [M]  drivers/sensorhub/sensor/game_rotation_vector.o
  AR [M]  drivers/muic/sm/sm5714/muic_sm5714.o
  LTO [M] drivers/muic/sm/sm5714/muic_sm5714.lto.o
  CC [M]  drivers/battery/common/sec_battery_vote.o
  CC [M]  drivers/gpu/drm/samsung/panel/panel_vrr.o
  CC [M]  drivers/battery/common/sec_battery_thermal.o
  CC [M]  drivers/sensorhub/sensor/drop_classifier.o
  CC [M]  drivers/battery/common/sec_battery_sysfs.o
  CC [M]  drivers/sensorhub/sensor/physical_sensor/accelerometer/accelerometer_icm42605m.o
  CC [M]  drivers/battery/common/sec_battery_dt.o
  CC [M]  drivers/sensorhub/sensor/physical_sensor/accelerometer/accelerometer_lsm6dsl.o
  CC [M]  drivers/gpu/drm/samsung/panel/panel_power_ctrl.o
  CC [M]  drivers/sensorhub/sensor/physical_sensor/accelerometer/accelerometer_lis2dlc12.o
  CC [M]  drivers/battery/common/sec_battery_ttf.o
  AR      drivers/usb/typec/sm/sm5714/built-in.a
  CC [M]  drivers/usb/typec/sm/sm5714/sm5714_typec.o
  CC [M]  drivers/sensorhub/sensor/physical_sensor/accelerometer/accelerometer_lsm6dsotr.o
  CC [M]  drivers/gpu/drm/samsung/panel/panel_obj.o
  CC [M]  drivers/battery/common/sec_adc.o
  CC [M]  drivers/sensorhub/sensor/physical_sensor/accelerometer/accelerometer_lsm6dsvtr.o
  CC [M]  drivers/sensorhub/sensor/physical_sensor/accelerometer/accelerometer_icm42632m.o
  CC [M]  drivers/gpu/drm/samsung/panel/panel_function.o
  CC [M]  drivers/usb/typec/sm/sm5714/sm5714_policy.o
  CC [M]  drivers/battery/common/sec_cisd.o
  CC [M]  drivers/sensorhub/sensor/physical_sensor/gyroscope/gyroscope_icm42605m.o
  CC [M]  drivers/sensorhub/sensor/physical_sensor/gyroscope/gyroscope_lsm6dsl.o
  CC [M]  drivers/usb/typec/sm/sm5714/sm5714_pd.o
  CC [M]  drivers/gpu/drm/samsung/panel/panel_firmware.o
  CC [M]  drivers/battery/common/sb_full_soc.o
  CC [M]  drivers/sensorhub/sensor/physical_sensor/gyroscope/gyroscope_lsm6dsotr.o
  CC [M]  drivers/gpu/drm/samsung/panel/panel_mutex.o
  CC [M]  drivers/sensorhub/sensor/physical_sensor/gyroscope/gyroscope_lsm6dsvtr.o
  AR [M]  drivers/usb/typec/sm/sm5714/pdic_sm5714.o
  LTO [M] drivers/usb/typec/sm/sm5714/pdic_sm5714.lto.o
  CC [M]  drivers/sensorhub/sensor/physical_sensor/gyroscope/gyroscope_icm42632m.o
  AR [M]  drivers/battery/common/sec-direct-charger.o
  LTO [M] drivers/battery/common/sec_pd.lto.o
  CC [M]  drivers/gpu/drm/samsung/panel/panel_modes.o
  LTO [M] drivers/battery/common/sb_wireless.lto.o
  AR [M]  drivers/battery/common/sec-battery.o
  LTO [M] drivers/battery/common/sec-direct-charger.lto.o
  AR      drivers/vibrator/dc/built-in.a
  CC [M]  drivers/vibrator/dc/dc_vibrator.o
  LTO [M] drivers/battery/common/sec-battery.lto.o
  CC [M]  drivers/sensorhub/sensor/physical_sensor/magnetometer/magnetometer_ak09918c.o
  CC [M]  drivers/gpu/drm/samsung/panel/sysfs.o
  LTO [M] drivers/vibrator/dc/dc_vibrator.lto.o
  AR      drivers/sti/abc/built-in.a
  CC [M]  drivers/sensorhub/sensor/physical_sensor/magnetometer/magnetometer_mmc5633.o
  CC [M]  drivers/sti/abc/abc_common.o
-- ReSukiSU version code: 34644
-- ReSukiSU version name: v4.1.0-033b60b5@ReSukiSU
-- Supported Unofficial Manager: MKSU, RKSU, KOWSU, SukiSU-Ultra, ReSukiSU 
-- ReSukiSU: using SUSFS_INLINE_HOOK
-- KERNEL_VERSION: 5.15
-- KERNEL_TYPE: GKI 2.0
-- KPM is disabled
-- ReSukiSU/compat: current_sid found
-- ReSukiSU/compat: selinux_state found
-- ReSukiSU/compat: strncpy found
-- ReSukiSU/compat: kernel_read found
-- ReSukiSU/compat: kernel_write found
-- ReSukiSU/compat: path_mount found
-- ReSukiSU/compat: path_umount found
-- ReSukiSU/compat: selinux_inode found
-- ReSukiSU/compat: selinux_cred found
-- ReSukiSU/compat: seccomp_filter_count found
-- ReSukiSU/compat: put_seccomp_filter found
-- ReSukiSU/compat: security_inode_init_security_anon found
-- ReSukiSU/compat: anon_inode_getfd_secure found
-- ReSukiSU/compat: vfs_getattr() found
-- ReSukiSU/compat: file_inode() found
-- ReSukiSU/compat/samsung: CONFIG_KDP_CRED found
-- ReSukiSU/compat: proc_ops found
-- ReSukiSU/compat: bitmap_zalloc found
-- ReSukiSU/compat: policy_mutex found

-- SUSFS_VERSION: v2.0.0
  CC      drivers/kernelsu/ksu.o
  CC [M]  drivers/sensorhub/sensor/physical_sensor/magnetometer/magnetometer_yas539.o
  CC      drivers/kernelsu/allowlist.o
  CC [M]  drivers/gpu/drm/samsung/panel/panel_debug.o
  CC [M]  drivers/sti/abc/abc_spec_manager.o
  CC [M]  drivers/sensorhub/sensor/physical_sensor/magnetometer/magnetometer_mxg4300s.o
  CC      drivers/kernelsu/dynamic_manager.o
  CC [M]  drivers/gpu/drm/samsung/panel/panel_i2c.o
  CC [M]  drivers/sensorhub/sensor/physical_sensor/proximity/proximity_stk3x6x.o
  CC [M]  drivers/sti/abc/abc_spec_manager_type1.o
  CC [M]  drivers/sensorhub/sensor/physical_sensor/proximity/proximity_gp2ap110s.o
  CC [M]  drivers/gpu/drm/samsung/panel/panel_blic.o
  CC [M]  drivers/sti/abc/abc_motto.o
  CC      drivers/kernelsu/app_profile.o
  CC [M]  drivers/sensorhub/sensor/physical_sensor/proximity/proximity_stk3328.o
  CC [M]  drivers/gpu/drm/samsung/panel/ezop/jsmn.o
  CC [M]  drivers/gpu/drm/samsung/panel/ezop/json.o
  CC [M]  drivers/sensorhub/sensor/physical_sensor/proximity/proximity_tmd4912.o
  CC [M]  drivers/sti/abc/abc_hub_core.o
  CC      drivers/kernelsu/apk_sign.o
  CC [M]  drivers/gpu/drm/samsung/panel/ezop/json_writer.o
  CC [M]  drivers/sensorhub/sensor/physical_sensor/proximity/proximity_stk33512.o
  CC [M]  drivers/gpu/drm/samsung/panel/ezop/json_reader.o
  CC [M]  drivers/sti/abc/abc_hub_bootc.o
  CC [M]  drivers/sensorhub/sensor/physical_sensor/proximity/proximity_stk3391x.o
  CC [M]  drivers/gpu/drm/samsung/panel/ezop/panel_json.o
  CC      drivers/kernelsu/sucompat.o
  CC [M]  drivers/sensorhub/sensor/physical_sensor/proximity/proximity_stk3afx.o
  AR [M]  drivers/sti/abc/abc.o
  AR [M]  drivers/sti/abc/abc_hub.o
  LTO [M] drivers/sti/abc/abc.lto.o
  LTO [M] drivers/sti/abc/abc_hub.lto.o
  CC [M]  drivers/bts/exynos-bts.o
  CC [M]  drivers/sensorhub/sensor/physical_sensor/proximity/proximity_tmd3725.o
  AR [M]  drivers/gpu/drm/samsung/panel/mcd-panel.o
  LTO [M] drivers/gpu/drm/samsung/panel/mcd-panel.lto.o
  CC      drivers/kernelsu/throne_tracker.o
  CC [M]  drivers/sensorhub/sensor/physical_sensor/light/light_stk_common.o
  CC [M]  drivers/bts/exynos-btsops8535.o
  CC [M]  drivers/sensorhub/sensor/physical_sensor/pressure/pressure_bmp580.o
  CC      drivers/kernelsu/pkg_observer.o
  CC [M]  drivers/sensorhub/sensor/physical_sensor/pressure/pressure_lps22hh.o
  LTO [M] drivers/bts/exynos-bts.lto.o
  LTO [M] drivers/bts/exynos-btsops8535.lto.o
  CC [M]  drivers/sensorhub/sensor/physical_sensor/pressure/pressure_lps22df.o
  CC      drivers/kernelsu/setuid_hook.o
  CC [M]  drivers/sensorhub/sensorhub/shub_device.o
  CC      drivers/kernelsu/kernel_compat.o
  CC [M]  drivers/sensorhub/sensorhub/shub_sysfs.o
  CC      drivers/kernelsu/kernel_umount.o
  CC [M]  drivers/sensorhub/sensorhub/shub_device_wrapper.o
  CC      drivers/kernelsu/supercalls.o
  CC [M]  drivers/sensorhub/sensorhub/shub_firmware.o
  CC      drivers/kernelsu/su_mount_ns.o
  CC [M]  drivers/sensorhub/sensormanager/shub_sensor_manager.o
  CC      drivers/kernelsu/feature.o
  CC [M]  drivers/sensorhub/sensormanager/shub_sensor_sysfs.o
  CC      drivers/kernelsu/ksud.o
  CC [M]  drivers/sensorhub/sensormanager/shub_sensor.o
  CC      drivers/kernelsu/seccomp_cache.o
  CC [M]  drivers/sensorhub/utility/shub_utility.o
  CC      drivers/kernelsu/file_wrapper.o
  CC [M]  drivers/sensorhub/utility/shub_wakelock.o
  CC      drivers/kernelsu/sulog.o
  CC [M]  drivers/sensorhub/utility/shub_dev_core.o
  CC      drivers/kernelsu/manager.o
  CC [M]  drivers/sensorhub/utility/shub_wait_event.o
  CC      drivers/kernelsu/selinux/selinux.o
  CC [M]  drivers/sensorhub/utility/shub_file_manager.o
  CC      drivers/kernelsu/selinux/sepolicy.o
  CC [M]  drivers/sensorhub/vendor/shub_lsi.o
  CC      drivers/kernelsu/selinux/rules.o
  CC [M]  drivers/sensorhub/utility/sensor_core.o
  AR [M]  drivers/sensorhub/shub.o
  LTO [M] drivers/sensorhub/shub.lto.o
  LTO [M] drivers/sensorhub/utility/sensor_core.lto.o
  AR      drivers/kernelsu/built-in.a
  AR      drivers/built-in.a
  GEN     .version
  CHK     include/generated/compile.h
  GEN     .tmp_initcalls.lds
  GEN     .tmp_symversions.lds
  LTO     vmlinux.o
  MODPOST vmlinux.symvers
  MODINFO modules.builtin.modinfo
  GEN     modules.builtin
  LD      .tmp_vmlinux.btf
  BTF     .btf.vmlinux.bin.o
  LD      .tmp_vmlinux.kallsyms1
  KSYMS   .tmp_vmlinux.kallsyms1.S
  AS      .tmp_vmlinux.kallsyms1.o
  LD      .tmp_vmlinux.kallsyms2
  KSYMS   .tmp_vmlinux.kallsyms2.S
  AS      .tmp_vmlinux.kallsyms2.o
  LD      vmlinux
  BTFIDS  vmlinux
  SORTTAB vmlinux
  SYSMAP  System.map
  MODPOST modules-only.symvers
  OBJCOPY arch/arm64/boot/Image
  GZIP    arch/arm64/boot/Image.gz
  GEN     Module.symvers
  CC [M]  block/blk-sec-common.mod.o
  CC [M]  block/blk-sec-stats.mod.o
  CC [M]  block/blk-sec-wb.mod.o
  CC [M]  block/ssg.mod.o
  CC [M]  drivers/battery/charger/s2mf301_charger/s2mf301_charger.mod.o
  CC [M]  drivers/battery/charger/s2mf301_charger/s2mf301_pmeter.mod.o
  CC [M]  drivers/battery/charger/sm5451_charger/sm5451-charger.mod.o
  CC [M]  drivers/battery/charger/sm5714_charger/sm5714-charger.mod.o
  CC [M]  drivers/battery/common/sb_wireless.mod.o
  CC [M]  drivers/battery/common/sec-battery.mod.o
  CC [M]  drivers/battery/common/sec-direct-charger.mod.o
  CC [M]  drivers/battery/common/sec_pd.mod.o
  CC [M]  drivers/battery/core/sb-core.mod.o
  CC [M]  drivers/battery/fuelgauge/s2mf301_fuelgauge/s2mf301_fuelgauge.mod.o
  CC [M]  drivers/battery/fuelgauge/sm5714_fuelgauge/sm5714_fuelgauge.mod.o
  CC [M]  drivers/block/zram/zram.mod.o
  CC [M]  drivers/bts/exynos-bts.mod.o
  CC [M]  drivers/bts/exynos-btsops8535.mod.o
  CC [M]  drivers/char/hw_random/exyswd-rng.mod.o
  CC [M]  drivers/clk/samsung/clk_exynos.mod.o
  CC [M]  drivers/clocksource/exynos_mct_v3.mod.o
  CC [M]  drivers/cpufreq/exynos-acme.mod.o
  CC [M]  drivers/cpufreq/exynos-dsufreq.mod.o
  CC [M]  drivers/cpufreq/freq-qos-tracer.mod.o
  CC [M]  drivers/devfreq/exynos/exynos_devfreq.mod.o
  CC [M]  drivers/dma-buf/heaps/samsung/dma-buf-container.mod.o
  CC [M]  drivers/dma-buf/heaps/samsung/samsung_dma_heap.mod.o
  CC [M]  drivers/dma/pl330.mod.o
  CC [M]  drivers/dma/samsung-dma.mod.o
  CC [M]  drivers/fingerprint/fingerprint.mod.o
  CC [M]  drivers/fingerprint/fingerprint_sysfs.mod.o
  CC [M]  drivers/gpu/arm/v_r38p1/mali_kbase.mod.o
  CC [M]  drivers/gpu/drm/samsung/dpu/exynos-drm.mod.o
  CC [M]  drivers/gpu/drm/samsung/dpu/panel/mcd-panel-samsung-drv.mod.o
  CC [M]  drivers/gpu/drm/samsung/dpu/panel/mcd-panel-samsung-helper.mod.o
  CC [M]  drivers/gpu/drm/samsung/panel/mcd-panel.mod.o
  CC [M]  drivers/gpu/drm/samsung/panel/tft_common/mcd-panel-ft8720_m14x_01.mod.o
  CC [M]  drivers/gpu/drm/samsung/panel/tft_common/mcd-panel-nt36672c_a14x_01.mod.o
  CC [M]  drivers/gpu/drm/samsung/panel/tft_common/mcd-panel-nt36672c_m14x_00.mod.o
  CC [M]  drivers/gpu/drm/samsung/panel/tft_common/usdm-panel-tft-common.mod.o
  CC [M]  drivers/hid/hid-a4tech.mod.o
  CC [M]  drivers/hid/hid-axff.mod.o
  CC [M]  drivers/hid/hid-belkin.mod.o
  CC [M]  drivers/hid/hid-cherry.mod.o
  CC [M]  drivers/hid/hid-chicony.mod.o
  CC [M]  drivers/hid/hid-cypress.mod.o
  CC [M]  drivers/hid/hid-dr.mod.o
  CC [M]  drivers/hid/hid-emsff.mod.o
  CC [M]  drivers/hid/hid-ezkey.mod.o
  CC [M]  drivers/hid/hid-gaff.mod.o
  CC [M]  drivers/hid/hid-gyration.mod.o
  CC [M]  drivers/hid/hid-holtek-kbd.mod.o
  CC [M]  drivers/hid/hid-holtek-mouse.mod.o
  CC [M]  drivers/hid/hid-holtekff.mod.o
  CC [M]  drivers/hid/hid-kensington.mod.o
  CC [M]  drivers/hid/hid-keytouch.mod.o
  CC [M]  drivers/hid/hid-lcpower.mod.o
  CC [M]  drivers/hid/hid-monterey.mod.o
  CC [M]  drivers/hid/hid-ntrig.mod.o
  CC [M]  drivers/hid/hid-ortek.mod.o
  CC [M]  drivers/hid/hid-petalynx.mod.o
  CC [M]  drivers/hid/hid-pl.mod.o
  CC [M]  drivers/hid/hid-primax.mod.o
  CC [M]  drivers/hid/hid-saitek.mod.o
  CC [M]  drivers/hid/hid-sjoy.mod.o
  CC [M]  drivers/hid/hid-speedlink.mod.o
  CC [M]  drivers/hid/hid-sunplus.mod.o
  CC [M]  drivers/hid/hid-thrustmaster.mod.o
  CC [M]  drivers/hid/hid-tivo.mod.o
  CC [M]  drivers/hid/hid-tmff.mod.o
  CC [M]  drivers/hid/hid-topseed.mod.o
  CC [M]  drivers/hid/hid-twinhan.mod.o
  CC [M]  drivers/hid/hid-waltop.mod.o
  CC [M]  drivers/hid/hid-zpff.mod.o
  CC [M]  drivers/hid/hid-zydacron.mod.o
  CC [M]  drivers/i2c/busses/acpm-mfd-bus.mod.o
  CC [M]  drivers/i2c/busses/i2c-exynos5.mod.o
  CC [M]  drivers/i2c/i2c-dev.mod.o
  CC [M]  drivers/i3c/master/exynos/i3c-hci-exynos.mod.o
  CC [M]  drivers/iio/adc/samsung/pmic/s2mpu15_adc_8535.mod.o
  CC [M]  drivers/input/input_boost/input_booster_lkm.mod.o
  CC [M]  drivers/input/keyboard/samsung/pmic/s2mpu15_key_8535.mod.o
  CC [M]  drivers/input/sec_input/sec_cmd.mod.o
  CC [M]  drivers/input/sec_input/sec_common_fn.mod.o
  CC [M]  drivers/input/sec_input/sec_tsp_log.mod.o
  CC [M]  drivers/input/tablet/acecad.mod.o
  CC [M]  drivers/input/tablet/aiptek.mod.o
  CC [M]  drivers/input/tablet/hanwang.mod.o
  CC [M]  drivers/input/tablet/kbtab.mod.o
  CC [M]  drivers/input/touchscreen/focaltech/ft8720/focaltech_ts_ft8720.mod.o
  CC [M]  drivers/input/touchscreen/novatek/nt36523_spi/novatek_ts_nt36523.mod.o
  CC [M]  drivers/iommu/samsung/samsung-iommu-group.mod.o
  CC [M]  drivers/iommu/samsung/samsung-secure-iova.mod.o
  CC [M]  drivers/iommu/samsung/samsung_iommu.mod.o
  CC [M]  drivers/irqchip/exynos/irq-gic-vh.mod.o
  CC [M]  drivers/leds/leds-sm5714-fled.mod.o
  CC [M]  drivers/media/platform/exynos/camera/fimc-is.mod.o
  CC [M]  drivers/media/platform/exynos/camera/hardware/pablo-hws.mod.o
  CC [M]  drivers/media/platform/exynos/camera/icpu/pablo-icpu.mod.o
  CC [M]  drivers/media/platform/exynos/camera/lib/pablo-libs.mod.o
  CC [M]  drivers/media/platform/exynos/camera/lib/votf/votf.mod.o
  CC [M]  drivers/media/platform/exynos/camera/pablo-smc.mod.o
  CC [M]  drivers/media/platform/exynos/camera/post/gdc/gdc.mod.o
  CC [M]  drivers/media/platform/exynos/camera/post/vra/vra.mod.o
  CC [M]  drivers/media/platform/exynos/camera/sensor/module_framework/actuator/is-actuator-gt9778.mod.o
  CC [M]  drivers/media/platform/exynos/camera/sensor/module_framework/cis/is-cis-3l6.mod.o
  CC [M]  drivers/media/platform/exynos/camera/sensor/module_framework/cis/is-cis-gc02m1.mod.o
  CC [M]  drivers/media/platform/exynos/camera/sensor/module_framework/cis/is-cis-gc02m2.mod.o
  CC [M]  drivers/media/platform/exynos/camera/sensor/module_framework/cis/is-cis-hi1336.mod.o
  CC [M]  drivers/media/platform/exynos/camera/sensor/module_framework/cis/is-cis-jn1.mod.o
  CC [M]  drivers/media/platform/exynos/camera/sensor/module_framework/cis/is-cis-sc201.mod.o
  CC [M]  drivers/media/platform/exynos/camera/sensor/module_framework/flash/is-flash-sm5714.mod.o
  CC [M]  drivers/media/platform/exynos/camera/testing/self/pablo-self-tests.mod.o
  CC [M]  drivers/media/platform/exynos/camera/vendor/mcd_v2/is-device-eeprom.mod.o
  CC [M]  drivers/media/platform/exynos/camera/vendor/mcd_v2/is-device-otprom.mod.o
  CC [M]  drivers/media/platform/exynos/mfc/exynos_mfc.mod.o
  CC [M]  drivers/media/platform/exynos/scaler/scaler.mod.o
  CC [M]  drivers/media/platform/exynos/smfc/smfc.mod.o
  CC [M]  drivers/media/radio/exynos/s610/fm_s620.mod.o
  CC [M]  drivers/mfd/samsung/pmic/s2mpa05_mfd.mod.o
  CC [M]  drivers/mfd/samsung/pmic/s2mpu15_mfd.mod.o
  CC [M]  drivers/mfd/slsi/s2mf301/mfd_s2mf301.mod.o
  CC [M]  drivers/mfd/sm/sm5714/mfd_sm5714.mod.o
  CC [M]  drivers/misc/drb/dev_ril_bridge.mod.o
  CC [M]  drivers/misc/samsung/scsc/mx_client_test.mod.o
  CC [M]  drivers/misc/samsung/scsc/scsc_log_collection.mod.o
  CC [M]  drivers/misc/samsung/scsc/scsc_logring.mod.o
  CC [M]  drivers/misc/samsung/scsc/scsc_mmap.mod.o
  CC [M]  drivers/misc/samsung/scsc/scsc_mx.mod.o
  CC [M]  drivers/misc/samsung/scsc/scsc_mx250_fm.mod.o
  CC [M]  drivers/misc/samsung/scsc/scsc_platform_mif.mod.o
  CC [M]  drivers/misc/samsung/scsc_bt/scsc_bt.mod.o
  CC [M]  drivers/misc/tui/tuihw-inf.mod.o
  CC [M]  drivers/misc/tui/tuihw.mod.o
  CC [M]  drivers/misc/tzdev/tzdev.mod.o
  CC [M]  drivers/mmc/host/dw_mmc-exynos-sec.mod.o
  CC [M]  drivers/mmc/host/dw_mmc-pltfm.mod.o
  CC [M]  drivers/mmc/host/dw_mmc.mod.o
  CC [M]  drivers/muic/common/common_muic.mod.o
  CC [M]  drivers/muic/slsi/platform/muic_platform.mod.o
  CC [M]  drivers/muic/slsi/s2mf301/muic_s2mf301.mod.o
  CC [M]  drivers/muic/slsi/s2mf301/top_s2mf301.mod.o
  CC [M]  drivers/muic/sm/sm5714/muic_sm5714.mod.o
  CC [M]  drivers/net/dropdump/dropdump.mod.o
  CC [M]  drivers/net/phy/smsc.mod.o
  CC [M]  drivers/net/usb/cdc_mbim.mod.o
  CC [M]  drivers/net/usb/smsc75xx.mod.o
  CC [M]  drivers/net/usb/smsc95xx.mod.o
  CC [M]  drivers/net/vxlan/vxlan.mod.o
  CC [M]  drivers/net/wireless/scsc/scsc_wifilogger.mod.o
  CC [M]  drivers/net/wireless/scsc/scsc_wlan.mod.o
  CC [M]  drivers/nfc/nfc_sec.mod.o
  CC [M]  drivers/phy/samsung/phy-exynos-mipi-dsim.mod.o
  CC [M]  drivers/phy/samsung/phy-exynos-mipi.mod.o
  CC [M]  drivers/phy/samsung/phy-exynos-usbdrd-super.mod.o
  CC [M]  drivers/pinctrl/samsung/pinctrl-samsung-core.mod.o
  CC [M]  drivers/pinctrl/samsung/pmic/s2mpu15_pinctrl_8535.mod.o
  CC [M]  drivers/power/reset/exynos/exynos-reboot.mod.o
  CC [M]  drivers/pwm/pwm-samsung.mod.o
  CC [M]  drivers/regulator/samsung/pmic/pmic_class.mod.o
  CC [M]  drivers/regulator/samsung/pmic/s2mpa05_regulator_8535.mod.o
  CC [M]  drivers/regulator/samsung/pmic/s2mpu15_regulator_8535.mod.o
  CC [M]  drivers/rtc/samsung/pmic/s2mpu15_rtc_8535.mod.o
  CC [M]  drivers/samsung/debug/sec_debug.mod.o
  CC [M]  drivers/samsung/debug/sec_debug_base_early.mod.o
  CC [M]  drivers/samsung/debug/sec_debug_dprm.mod.o
  CC [M]  drivers/samsung/debug/sec_debug_dprt.mod.o
  CC [M]  drivers/samsung/debug/sec_debug_dtask.mod.o
  CC [M]  drivers/samsung/debug/sec_debug_extra_info.mod.o
  CC [M]  drivers/samsung/debug/sec_debug_hardlockup_info.mod.o
  CC [M]  drivers/samsung/debug/sec_debug_hw_param.mod.o
  CC [M]  drivers/samsung/debug/sec_debug_mode.mod.o
  CC [M]  drivers/samsung/debug/sec_debug_reset_reason.mod.o
  CC [M]  drivers/samsung/debug/sec_debug_sched_info.mod.o
  CC [M]  drivers/samsung/debug/sec_debug_sched_report.mod.o
  CC [M]  drivers/samsung/debug/sec_debug_softdog.mod.o
  CC [M]  drivers/samsung/debug/sec_debug_stacktrace.mod.o
  CC [M]  drivers/samsung/debug/sec_debug_test.mod.o
  CC [M]  drivers/samsung/debug/sec_debug_wdd_info.mod.o
  CC [M]  drivers/samsung/pm/sec_pm_debug.mod.o
  CC [M]  drivers/samsung/pm/sec_thermistor/sec_thermistor.mod.o
  CC [M]  drivers/samsung/sec_argos.mod.o
  CC [M]  drivers/samsung/sec_bootstat.mod.o
  CC [M]  drivers/samsung/sec_class.mod.o
  CC [M]  drivers/samsung/sec_crash_key_user.mod.o
  CC [M]  drivers/samsung/sec_hard_reset_hook.mod.o
  CC [M]  drivers/samsung/sec_key_notifier.mod.o
  CC [M]  drivers/samsung/sec_reboot.mod.o
  CC [M]  drivers/scsi/scsi_srpmb.mod.o
  CC [M]  drivers/scsi/ufs/ufs-exynos-core.mod.o
  CC [M]  drivers/sec_panel_notifier_v2/sec_panel_notifier_v2.mod.o
  CC [M]  drivers/sensorhub/shub.mod.o
  CC [M]  drivers/sensorhub/utility/sensor_core.mod.o
  CC [M]  drivers/sensors_lego/a96t396.mod.o
  CC [M]  drivers/soc/samsung/acpm/exynos_acpm.mod.o
  CC [M]  drivers/soc/samsung/acpm/flexpmu_dbg.mod.o
  CC [M]  drivers/soc/samsung/acpm/plugin_dbg.mod.o
  CC [M]  drivers/soc/samsung/cal-if/cmupmucal.mod.o
  CC [M]  drivers/soc/samsung/cpif/cpif.mod.o
  CC [M]  drivers/soc/samsung/cpif/cpif_memlogger.mod.o
  CC [M]  drivers/soc/samsung/cpif/cpif_page.mod.o
  CC [M]  drivers/soc/samsung/cpif/direct_dm.mod.o
  CC [M]  drivers/soc/samsung/cpif/dit/exynos_dit.mod.o
  CC [M]  drivers/soc/samsung/cpif/hook.mod.o
  CC [M]  drivers/soc/samsung/cpif/mcu_ipc.mod.o
  CC [M]  drivers/soc/samsung/cpif/shm_ipc.mod.o
  CC [M]  drivers/soc/samsung/dm/exynos-dm.mod.o
  CC [M]  drivers/soc/samsung/ect_parser/ect_parser.mod.o
  CC [M]  drivers/soc/samsung/exynos-afm.mod.o
  CC [M]  drivers/soc/samsung/exynos-bcm.mod.o
  CC [M]  drivers/soc/samsung/exynos-cpuhp.mod.o
  CC [M]  drivers/soc/samsung/exynos-cpupm.mod.o
  CC [M]  drivers/soc/samsung/exynos-pd/exynos-pd-dbg.mod.o
  CC [M]  drivers/soc/samsung/exynos-pd/exynos-pd.mod.o
  CC [M]  drivers/soc/samsung/exynos-pd/exynos-pd_el3.mod.o
  CC [M]  drivers/soc/samsung/exynos-pm/exynos-pm.mod.o
  CC [M]  drivers/soc/samsung/exynos-pmu-if.mod.o
  CC [M]  drivers/soc/samsung/exynos-seclog.mod.o
  CC [M]  drivers/soc/samsung/exynos-seh.mod.o
  CC [M]  drivers/soc/samsung/exynos-ufcc.mod.o
  CC [M]  drivers/soc/samsung/exynos-wow.mod.o
  CC [M]  drivers/soc/samsung/exynos/debug/debug-snapshot-debug-kinfo.mod.o
  CC [M]  drivers/soc/samsung/exynos/debug/dss.mod.o
  CC [M]  drivers/soc/samsung/exynos/debug/ehld.mod.o
  CC [M]  drivers/soc/samsung/exynos/debug/exynos-adv-tracer-s2d.mod.o
  CC [M]  drivers/soc/samsung/exynos/debug/exynos-adv-tracer.mod.o
  CC [M]  drivers/soc/samsung/exynos/debug/exynos-coresight.mod.o
  CC [M]  drivers/soc/samsung/exynos/debug/exynos-ecc-handler.mod.o
  CC [M]  drivers/soc/samsung/exynos/debug/exynos-getcpustate.mod.o
  CC [M]  drivers/soc/samsung/exynos/debug/exynos-itmon-v2.mod.o
  CC [M]  drivers/soc/samsung/exynos/debug/exynos-ssld.mod.o
  CC [M]  drivers/soc/samsung/exynos/debug/hardlockup-watchdog.mod.o
  CC [M]  drivers/soc/samsung/exynos/exynos-chipid_v2.mod.o
  CC [M]  drivers/soc/samsung/exynos/exynos-cm.mod.o
  CC [M]  drivers/soc/samsung/exynos/exynos-el2.mod.o
  CC [M]  drivers/soc/samsung/exynos/exynos-mcinfo.mod.o
  CC [M]  drivers/soc/samsung/exynos/exynos-s2mpu.mod.o
  CC [M]  drivers/soc/samsung/exynos/exynos-sdm.mod.o
  CC [M]  drivers/soc/samsung/exynos/exynos-tzasc.mod.o
  CC [M]  drivers/soc/samsung/exynos/exynos-usi_v2.mod.o
  CC [M]  drivers/soc/samsung/exynos/imgloader.mod.o
  CC [M]  drivers/soc/samsung/exynos/memlogger.mod.o
  CC [M]  drivers/soc/samsung/exynos/secmem.mod.o
  CC [M]  drivers/soc/samsung/exynos/sysevent.mod.o
  CC [M]  drivers/soc/samsung/exynos/sysevent_notif.mod.o
  CC [M]  drivers/soc/samsung/gnssif/gnss_mbox.mod.o
  CC [M]  drivers/soc/samsung/gnssif/gnssif.mod.o
  CC [M]  drivers/soc/samsung/pm_qos/exynos_pm_qos.mod.o
  CC [M]  drivers/soc/samsung/profiler/v3/exynos-cpu-profiler.mod.o
  CC [M]  drivers/soc/samsung/profiler/v3/exynos-gpu-profiler.mod.o
  CC [M]  drivers/soc/samsung/profiler/v3/exynos-main-profiler.mod.o
  CC [M]  drivers/soc/samsung/profiler/v3/exynos-mif-profiler.mod.o
  CC [M]  drivers/soc/samsung/xperf/xperf.mod.o
  CC [M]  drivers/spi/spi-s3c64xx.mod.o
  CC [M]  drivers/spi/spidev.mod.o
  CC [M]  drivers/staging/android/switch/switch_class.mod.o
  CC [M]  drivers/staging/nanohub/nanohub.mod.o
  CC [M]  drivers/sti/abc/abc.mod.o
  CC [M]  drivers/sti/abc/abc_hub.mod.o
  CC [M]  drivers/thermal/samsung/exynos_thermal_v2.mod.o
  CC [M]  drivers/thermal/samsung/gpu_cooling.mod.o
  CC [M]  drivers/tty/serial/exynos_tty.mod.o
  CC [M]  drivers/usb/class/cdc-wdm.mod.o
  CC [M]  drivers/usb/class/usblp.mod.o
  CC [M]  drivers/usb/common/vbus_notifier/vbus_notifier.mod.o
  CC [M]  drivers/usb/dwc3/dwc3-exynos-usb.mod.o
  CC [M]  drivers/usb/gadget/function/usb_f_conn_gadget.mod.o
  CC [M]  drivers/usb/gadget/function/usb_f_dm.mod.o
  CC [M]  drivers/usb/gadget/function/usb_f_dm1.mod.o
  CC [M]  drivers/usb/gadget/function/usb_f_ss_mon_gadget.mod.o
  CC [M]  drivers/usb/host/xhci-exynos.mod.o
  CC [M]  drivers/usb/misc/lvstest.mod.o
  CC [M]  drivers/usb/notify/usb_notifier.mod.o
  CC [M]  drivers/usb/notify/usb_notify_layer.mod.o
  CC [M]  drivers/usb/serial/usbserial.mod.o
  CC [M]  drivers/usb/typec/common/pdic_notifier_module.mod.o
  CC [M]  drivers/usb/typec/manager/if_cb_manager.mod.o
  CC [M]  drivers/usb/typec/manager/usb_typec_manager.mod.o
  CC [M]  drivers/usb/typec/slsi/common/s2m_pdic_notifier_module.mod.o
  CC [M]  drivers/usb/typec/slsi/s2mf301/pdic_s2mf301.mod.o
  CC [M]  drivers/usb/typec/sm/sm5714/pdic_sm5714.mod.o
  CC [M]  drivers/vibrator/common/sec_vibrator.mod.o
  CC [M]  drivers/vibrator/common/vib_info/vibrator_vib_info.mod.o
  CC [M]  drivers/vibrator/dc/dc_vibrator.mod.o
  CC [M]  drivers/watchdog/s3c2410_wdt.mod.o
  CC [M]  drivers/watchdog/softdog.mod.o
  CC [M]  kernel/sched/ems/ems.mod.o
  CC [M]  mm/zsmalloc.mod.o
  CC [M]  net/ipv4/tcp_bic.mod.o
  CC [M]  net/ipv4/tcp_htcp.mod.o
  CC [M]  net/wireless/cfg80211.mod.o
  CC [M]  sound/soc/codecs/snd-soc-rt5691.mod.o
  CC [M]  sound/soc/codecs/snd-soc-sma-amp.mod.o
  CC [M]  sound/soc/codecs/snd-soc-sma1305.mod.o
  CC [M]  sound/soc/samsung/exynos/abox/snd-soc-samsung-abox-gic.mod.o
  CC [M]  sound/soc/samsung/exynos/abox/snd-soc-samsung-abox-sync.mod.o
  CC [M]  sound/soc/samsung/exynos/abox/snd-soc-samsung-abox.mod.o
  CC [M]  sound/soc/samsung/exynos/exynos8535_rt5691.mod.o
  CC [M]  sound/soc/samsung/exynos/sec_audio_debug.mod.o
  CC [M]  sound/soc/samsung/exynos/sec_audio_sysfs.mod.o
  CC [M]  sound/soc/samsung/snd-soc-s3c-dma.mod.o
  LD [M]  block/blk-sec-common.ko
  BTF [M] block/blk-sec-common.ko
  LD [M]  block/blk-sec-stats.ko
  BTF [M] block/blk-sec-stats.ko
  LD [M]  block/blk-sec-wb.ko
  BTF [M] block/blk-sec-wb.ko
  LD [M]  block/ssg.ko
  LD [M]  drivers/battery/charger/s2mf301_charger/s2mf301_charger.ko
  BTF [M] block/ssg.ko
  BTF [M] drivers/battery/charger/s2mf301_charger/s2mf301_charger.ko
  LD [M]  drivers/battery/charger/s2mf301_charger/s2mf301_pmeter.ko
  BTF [M] drivers/battery/charger/s2mf301_charger/s2mf301_pmeter.ko
  LD [M]  drivers/battery/charger/sm5451_charger/sm5451-charger.ko
  LD [M]  drivers/battery/charger/sm5714_charger/sm5714-charger.ko
  LD [M]  drivers/battery/common/sb_wireless.ko
  BTF [M] drivers/battery/common/sb_wireless.ko
  BTF [M] drivers/battery/charger/sm5451_charger/sm5451-charger.ko
  BTF [M] drivers/battery/charger/sm5714_charger/sm5714-charger.ko
  LD [M]  drivers/battery/common/sec-battery.ko
  BTF [M] drivers/battery/common/sec-battery.ko
  LD [M]  drivers/battery/common/sec-direct-charger.ko
  LD [M]  drivers/battery/common/sec_pd.ko
  LD [M]  drivers/battery/core/sb-core.ko
  BTF [M] drivers/battery/common/sec-direct-charger.ko
  BTF [M] drivers/battery/common/sec_pd.ko
  BTF [M] drivers/battery/core/sb-core.ko
  LD [M]  drivers/battery/fuelgauge/s2mf301_fuelgauge/s2mf301_fuelgauge.ko
  LD [M]  drivers/battery/fuelgauge/sm5714_fuelgauge/sm5714_fuelgauge.ko
  LD [M]  drivers/block/zram/zram.ko
  LD [M]  drivers/bts/exynos-bts.ko
  BTF [M] drivers/battery/fuelgauge/s2mf301_fuelgauge/s2mf301_fuelgauge.ko
  BTF [M] drivers/battery/fuelgauge/sm5714_fuelgauge/sm5714_fuelgauge.ko
  BTF [M] drivers/block/zram/zram.ko
  BTF [M] drivers/bts/exynos-bts.ko
  LD [M]  drivers/bts/exynos-btsops8535.ko
  LD [M]  drivers/char/hw_random/exyswd-rng.ko
  LD [M]  drivers/clk/samsung/clk_exynos.ko
  LD [M]  drivers/clocksource/exynos_mct_v3.ko
  BTF [M] drivers/char/hw_random/exyswd-rng.ko
  BTF [M] drivers/bts/exynos-btsops8535.ko
  BTF [M] drivers/clocksource/exynos_mct_v3.ko
  BTF [M] drivers/clk/samsung/clk_exynos.ko
  LD [M]  drivers/cpufreq/exynos-acme.ko
  LD [M]  drivers/cpufreq/exynos-dsufreq.ko
  LD [M]  drivers/cpufreq/freq-qos-tracer.ko
  LD [M]  drivers/devfreq/exynos/exynos_devfreq.ko
  BTF [M] drivers/cpufreq/exynos-acme.ko
  BTF [M] drivers/cpufreq/exynos-dsufreq.ko
  BTF [M] drivers/cpufreq/freq-qos-tracer.ko
  BTF [M] drivers/devfreq/exynos/exynos_devfreq.ko
  LD [M]  drivers/dma-buf/heaps/samsung/dma-buf-container.ko
  LD [M]  drivers/dma-buf/heaps/samsung/samsung_dma_heap.ko
  LD [M]  drivers/dma/pl330.ko
  BTF [M] drivers/dma-buf/heaps/samsung/dma-buf-container.ko
  BTF [M] drivers/dma-buf/heaps/samsung/samsung_dma_heap.ko
  LD [M]  drivers/dma/samsung-dma.ko
  BTF [M] drivers/dma/pl330.ko
  BTF [M] drivers/dma/samsung-dma.ko
  LD [M]  drivers/fingerprint/fingerprint.ko
  LD [M]  drivers/fingerprint/fingerprint_sysfs.ko
  BTF [M] drivers/fingerprint/fingerprint.ko
  LD [M]  drivers/gpu/arm/v_r38p1/mali_kbase.ko
  BTF [M] drivers/fingerprint/fingerprint_sysfs.ko
  LD [M]  drivers/gpu/drm/samsung/dpu/exynos-drm.ko
  BTF [M] drivers/gpu/drm/samsung/dpu/exynos-drm.ko
  BTF [M] drivers/gpu/arm/v_r38p1/mali_kbase.ko
  LD [M]  drivers/gpu/drm/samsung/dpu/panel/mcd-panel-samsung-drv.ko
  LD [M]  drivers/gpu/drm/samsung/dpu/panel/mcd-panel-samsung-helper.ko
  BTF [M] drivers/gpu/drm/samsung/dpu/panel/mcd-panel-samsung-drv.ko
  BTF [M] drivers/gpu/drm/samsung/dpu/panel/mcd-panel-samsung-helper.ko
  LD [M]  drivers/gpu/drm/samsung/panel/mcd-panel.ko
  LD [M]  drivers/gpu/drm/samsung/panel/tft_common/mcd-panel-ft8720_m14x_01.ko
  BTF [M] drivers/gpu/drm/samsung/panel/tft_common/mcd-panel-ft8720_m14x_01.ko
  BTF [M] drivers/gpu/drm/samsung/panel/mcd-panel.ko
  LD [M]  drivers/gpu/drm/samsung/panel/tft_common/mcd-panel-nt36672c_a14x_01.ko
  BTF [M] drivers/gpu/drm/samsung/panel/tft_common/mcd-panel-nt36672c_a14x_01.ko
  LD [M]  drivers/gpu/drm/samsung/panel/tft_common/mcd-panel-nt36672c_m14x_00.ko
  BTF [M] drivers/gpu/drm/samsung/panel/tft_common/mcd-panel-nt36672c_m14x_00.ko
  LD [M]  drivers/gpu/drm/samsung/panel/tft_common/usdm-panel-tft-common.ko
  BTF [M] drivers/gpu/drm/samsung/panel/tft_common/usdm-panel-tft-common.ko
  LD [M]  drivers/hid/hid-a4tech.ko
  BTF [M] drivers/hid/hid-a4tech.ko
  LD [M]  drivers/hid/hid-axff.ko
  BTF [M] drivers/hid/hid-axff.ko
  LD [M]  drivers/hid/hid-belkin.ko
  BTF [M] drivers/hid/hid-belkin.ko
  LD [M]  drivers/hid/hid-cherry.ko
  BTF [M] drivers/hid/hid-cherry.ko
  LD [M]  drivers/hid/hid-chicony.ko
  BTF [M] drivers/hid/hid-chicony.ko
  LD [M]  drivers/hid/hid-cypress.ko
  BTF [M] drivers/hid/hid-cypress.ko
  LD [M]  drivers/hid/hid-dr.ko
  BTF [M] drivers/hid/hid-dr.ko
  LD [M]  drivers/hid/hid-emsff.ko
  BTF [M] drivers/hid/hid-emsff.ko
  LD [M]  drivers/hid/hid-ezkey.ko
  BTF [M] drivers/hid/hid-ezkey.ko
  LD [M]  drivers/hid/hid-gaff.ko
  BTF [M] drivers/hid/hid-gaff.ko
  LD [M]  drivers/hid/hid-gyration.ko
  BTF [M] drivers/hid/hid-gyration.ko
  LD [M]  drivers/hid/hid-holtek-kbd.ko
  BTF [M] drivers/hid/hid-holtek-kbd.ko
  LD [M]  drivers/hid/hid-holtek-mouse.ko
  LD [M]  drivers/hid/hid-holtekff.ko
  BTF [M] drivers/hid/hid-holtek-mouse.ko
  BTF [M] drivers/hid/hid-holtekff.ko
  LD [M]  drivers/hid/hid-kensington.ko
  BTF [M] drivers/hid/hid-kensington.ko
  LD [M]  drivers/hid/hid-keytouch.ko
  BTF [M] drivers/hid/hid-keytouch.ko
  LD [M]  drivers/hid/hid-lcpower.ko
  LD [M]  drivers/hid/hid-monterey.ko
  BTF [M] drivers/hid/hid-lcpower.ko
  BTF [M] drivers/hid/hid-monterey.ko
  LD [M]  drivers/hid/hid-ntrig.ko
  BTF [M] drivers/hid/hid-ntrig.ko
  LD [M]  drivers/hid/hid-ortek.ko
  BTF [M] drivers/hid/hid-ortek.ko
  LD [M]  drivers/hid/hid-petalynx.ko
  LD [M]  drivers/hid/hid-pl.ko
  BTF [M] drivers/hid/hid-petalynx.ko
  BTF [M] drivers/hid/hid-pl.ko
  LD [M]  drivers/hid/hid-primax.ko
  LD [M]  drivers/hid/hid-saitek.ko
  BTF [M] drivers/hid/hid-primax.ko
  BTF [M] drivers/hid/hid-saitek.ko
  LD [M]  drivers/hid/hid-sjoy.ko
  LD [M]  drivers/hid/hid-speedlink.ko
  BTF [M] drivers/hid/hid-sjoy.ko
  BTF [M] drivers/hid/hid-speedlink.ko
  LD [M]  drivers/hid/hid-sunplus.ko
  LD [M]  drivers/hid/hid-thrustmaster.ko
  BTF [M] drivers/hid/hid-sunplus.ko
  BTF [M] drivers/hid/hid-thrustmaster.ko
  LD [M]  drivers/hid/hid-tivo.ko
  LD [M]  drivers/hid/hid-tmff.ko
  BTF [M] drivers/hid/hid-tivo.ko
  BTF [M] drivers/hid/hid-tmff.ko
  LD [M]  drivers/hid/hid-topseed.ko
  LD [M]  drivers/hid/hid-twinhan.ko
  BTF [M] drivers/hid/hid-topseed.ko
  BTF [M] drivers/hid/hid-twinhan.ko
  LD [M]  drivers/hid/hid-waltop.ko
  LD [M]  drivers/hid/hid-zpff.ko
  BTF [M] drivers/hid/hid-waltop.ko
  BTF [M] drivers/hid/hid-zpff.ko
  LD [M]  drivers/hid/hid-zydacron.ko
  LD [M]  drivers/i2c/busses/acpm-mfd-bus.ko
  BTF [M] drivers/hid/hid-zydacron.ko
  BTF [M] drivers/i2c/busses/acpm-mfd-bus.ko
  LD [M]  drivers/i2c/busses/i2c-exynos5.ko
  LD [M]  drivers/i2c/i2c-dev.ko
  BTF [M] drivers/i2c/busses/i2c-exynos5.ko
  BTF [M] drivers/i2c/i2c-dev.ko
  LD [M]  drivers/i3c/master/exynos/i3c-hci-exynos.ko
  LD [M]  drivers/iio/adc/samsung/pmic/s2mpu15_adc_8535.ko
  BTF [M] drivers/i3c/master/exynos/i3c-hci-exynos.ko
  BTF [M] drivers/iio/adc/samsung/pmic/s2mpu15_adc_8535.ko
  LD [M]  drivers/input/input_boost/input_booster_lkm.ko
  LD [M]  drivers/input/keyboard/samsung/pmic/s2mpu15_key_8535.ko
  BTF [M] drivers/input/input_boost/input_booster_lkm.ko
  BTF [M] drivers/input/keyboard/samsung/pmic/s2mpu15_key_8535.ko
  LD [M]  drivers/input/sec_input/sec_cmd.ko
  LD [M]  drivers/input/sec_input/sec_common_fn.ko
  BTF [M] drivers/input/sec_input/sec_cmd.ko
  BTF [M] drivers/input/sec_input/sec_common_fn.ko
  LD [M]  drivers/input/sec_input/sec_tsp_log.ko
  LD [M]  drivers/input/tablet/acecad.ko
  BTF [M] drivers/input/sec_input/sec_tsp_log.ko
  BTF [M] drivers/input/tablet/acecad.ko
  LD [M]  drivers/input/tablet/aiptek.ko
  BTF [M] drivers/input/tablet/aiptek.ko
  LD [M]  drivers/input/tablet/hanwang.ko
  BTF [M] drivers/input/tablet/hanwang.ko
  LD [M]  drivers/input/tablet/kbtab.ko
  LD [M]  drivers/input/touchscreen/focaltech/ft8720/focaltech_ts_ft8720.ko
  BTF [M] drivers/input/tablet/kbtab.ko
  BTF [M] drivers/input/touchscreen/focaltech/ft8720/focaltech_ts_ft8720.ko
  LD [M]  drivers/input/touchscreen/novatek/nt36523_spi/novatek_ts_nt36523.ko
  LD [M]  drivers/iommu/samsung/samsung-iommu-group.ko
  BTF [M] drivers/input/touchscreen/novatek/nt36523_spi/novatek_ts_nt36523.ko
  BTF [M] drivers/iommu/samsung/samsung-iommu-group.ko
  LD [M]  drivers/iommu/samsung/samsung-secure-iova.ko
  BTF [M] drivers/iommu/samsung/samsung-secure-iova.ko
  LD [M]  drivers/iommu/samsung/samsung_iommu.ko
  BTF [M] drivers/iommu/samsung/samsung_iommu.ko
  LD [M]  drivers/irqchip/exynos/irq-gic-vh.ko
  LD [M]  drivers/leds/leds-sm5714-fled.ko
  BTF [M] drivers/irqchip/exynos/irq-gic-vh.ko
  BTF [M] drivers/leds/leds-sm5714-fled.ko
  LD [M]  drivers/media/platform/exynos/camera/fimc-is.ko
  LD [M]  drivers/media/platform/exynos/camera/hardware/pablo-hws.ko
  LD [M]  drivers/media/platform/exynos/camera/icpu/pablo-icpu.ko
  LD [M]  drivers/media/platform/exynos/camera/lib/pablo-libs.ko
  BTF [M] drivers/media/platform/exynos/camera/hardware/pablo-hws.ko
  BTF [M] drivers/media/platform/exynos/camera/icpu/pablo-icpu.ko
  BTF [M] drivers/media/platform/exynos/camera/lib/pablo-libs.ko
  BTF [M] drivers/media/platform/exynos/camera/fimc-is.ko
  LD [M]  drivers/media/platform/exynos/camera/lib/votf/votf.ko
  BTF [M] drivers/media/platform/exynos/camera/lib/votf/votf.ko
  LD [M]  drivers/media/platform/exynos/camera/pablo-smc.ko
  BTF [M] drivers/media/platform/exynos/camera/pablo-smc.ko
  LD [M]  drivers/media/platform/exynos/camera/post/gdc/gdc.ko
  LD [M]  drivers/media/platform/exynos/camera/post/vra/vra.ko
  BTF [M] drivers/media/platform/exynos/camera/post/gdc/gdc.ko
  BTF [M] drivers/media/platform/exynos/camera/post/vra/vra.ko
  LD [M]  drivers/media/platform/exynos/camera/sensor/module_framework/actuator/is-actuator-gt9778.ko
  BTF [M] drivers/media/platform/exynos/camera/sensor/module_framework/actuator/is-actuator-gt9778.ko
  LD [M]  drivers/media/platform/exynos/camera/sensor/module_framework/cis/is-cis-3l6.ko
  LD [M]  drivers/media/platform/exynos/camera/sensor/module_framework/cis/is-cis-gc02m1.ko
  BTF [M] drivers/media/platform/exynos/camera/sensor/module_framework/cis/is-cis-3l6.ko
  BTF [M] drivers/media/platform/exynos/camera/sensor/module_framework/cis/is-cis-gc02m1.ko
  LD [M]  drivers/media/platform/exynos/camera/sensor/module_framework/cis/is-cis-gc02m2.ko
  BTF [M] drivers/media/platform/exynos/camera/sensor/module_framework/cis/is-cis-gc02m2.ko
  LD [M]  drivers/media/platform/exynos/camera/sensor/module_framework/cis/is-cis-hi1336.ko
  LD [M]  drivers/media/platform/exynos/camera/sensor/module_framework/cis/is-cis-jn1.ko
  BTF [M] drivers/media/platform/exynos/camera/sensor/module_framework/cis/is-cis-hi1336.ko
  BTF [M] drivers/media/platform/exynos/camera/sensor/module_framework/cis/is-cis-jn1.ko
  LD [M]  drivers/media/platform/exynos/camera/sensor/module_framework/cis/is-cis-sc201.ko
  BTF [M] drivers/media/platform/exynos/camera/sensor/module_framework/cis/is-cis-sc201.ko
  LD [M]  drivers/media/platform/exynos/camera/sensor/module_framework/flash/is-flash-sm5714.ko
  LD [M]  drivers/media/platform/exynos/camera/testing/self/pablo-self-tests.ko
  BTF [M] drivers/media/platform/exynos/camera/sensor/module_framework/flash/is-flash-sm5714.ko
  BTF [M] drivers/media/platform/exynos/camera/testing/self/pablo-self-tests.ko
  LD [M]  drivers/media/platform/exynos/camera/vendor/mcd_v2/is-device-eeprom.ko
  BTF [M] drivers/media/platform/exynos/camera/vendor/mcd_v2/is-device-eeprom.ko
  LD [M]  drivers/media/platform/exynos/camera/vendor/mcd_v2/is-device-otprom.ko
  BTF [M] drivers/media/platform/exynos/camera/vendor/mcd_v2/is-device-otprom.ko
  LD [M]  drivers/media/platform/exynos/mfc/exynos_mfc.ko
  LD [M]  drivers/media/platform/exynos/scaler/scaler.ko
  BTF [M] drivers/media/platform/exynos/mfc/exynos_mfc.ko
  LD [M]  drivers/media/platform/exynos/smfc/smfc.ko
  BTF [M] drivers/media/platform/exynos/scaler/scaler.ko
  BTF [M] drivers/media/platform/exynos/smfc/smfc.ko
  LD [M]  drivers/media/radio/exynos/s610/fm_s620.ko
  LD [M]  drivers/mfd/samsung/pmic/s2mpa05_mfd.ko
  BTF [M] drivers/media/radio/exynos/s610/fm_s620.ko
  BTF [M] drivers/mfd/samsung/pmic/s2mpa05_mfd.ko
  LD [M]  drivers/mfd/samsung/pmic/s2mpu15_mfd.ko
  BTF [M] drivers/mfd/samsung/pmic/s2mpu15_mfd.ko
  LD [M]  drivers/mfd/slsi/s2mf301/mfd_s2mf301.ko
  BTF [M] drivers/mfd/slsi/s2mf301/mfd_s2mf301.ko
  LD [M]  drivers/mfd/sm/sm5714/mfd_sm5714.ko
  BTF [M] drivers/mfd/sm/sm5714/mfd_sm5714.ko
  LD [M]  drivers/misc/drb/dev_ril_bridge.ko
  BTF [M] drivers/misc/drb/dev_ril_bridge.ko
  LD [M]  drivers/misc/samsung/scsc/mx_client_test.ko
  BTF [M] drivers/misc/samsung/scsc/mx_client_test.ko
  LD [M]  drivers/misc/samsung/scsc/scsc_log_collection.ko
  BTF [M] drivers/misc/samsung/scsc/scsc_log_collection.ko
  LD [M]  drivers/misc/samsung/scsc/scsc_logring.ko
  BTF [M] drivers/misc/samsung/scsc/scsc_logring.ko
  LD [M]  drivers/misc/samsung/scsc/scsc_mmap.ko
  BTF [M] drivers/misc/samsung/scsc/scsc_mmap.ko
  LD [M]  drivers/misc/samsung/scsc/scsc_mx.ko
  BTF [M] drivers/misc/samsung/scsc/scsc_mx.ko
  LD [M]  drivers/misc/samsung/scsc/scsc_mx250_fm.ko
  LD [M]  drivers/misc/samsung/scsc/scsc_platform_mif.ko
  BTF [M] drivers/misc/samsung/scsc/scsc_mx250_fm.ko
  LD [M]  drivers/misc/samsung/scsc_bt/scsc_bt.ko
  BTF [M] drivers/misc/samsung/scsc/scsc_platform_mif.ko
  BTF [M] drivers/misc/samsung/scsc_bt/scsc_bt.ko
  LD [M]  drivers/misc/tui/tuihw-inf.ko
  BTF [M] drivers/misc/tui/tuihw-inf.ko
  LD [M]  drivers/misc/tui/tuihw.ko
  BTF [M] drivers/misc/tui/tuihw.ko
  LD [M]  drivers/misc/tzdev/tzdev.ko
  BTF [M] drivers/misc/tzdev/tzdev.ko
  LD [M]  drivers/mmc/host/dw_mmc-exynos-sec.ko
  BTF [M] drivers/mmc/host/dw_mmc-exynos-sec.ko
  LD [M]  drivers/mmc/host/dw_mmc-pltfm.ko
  BTF [M] drivers/mmc/host/dw_mmc-pltfm.ko
  LD [M]  drivers/mmc/host/dw_mmc.ko
  BTF [M] drivers/mmc/host/dw_mmc.ko
  LD [M]  drivers/muic/common/common_muic.ko
  LD [M]  drivers/muic/slsi/platform/muic_platform.ko
  BTF [M] drivers/muic/common/common_muic.ko
  LD [M]  drivers/muic/slsi/s2mf301/muic_s2mf301.ko
  BTF [M] drivers/muic/slsi/platform/muic_platform.ko
  LD [M]  drivers/muic/slsi/s2mf301/top_s2mf301.ko
  BTF [M] drivers/muic/slsi/s2mf301/muic_s2mf301.ko
  BTF [M] drivers/muic/slsi/s2mf301/top_s2mf301.ko
  LD [M]  drivers/muic/sm/sm5714/muic_sm5714.ko
  LD [M]  drivers/net/dropdump/dropdump.ko
  BTF [M] drivers/muic/sm/sm5714/muic_sm5714.ko
  BTF [M] drivers/net/dropdump/dropdump.ko
  LD [M]  drivers/net/phy/smsc.ko
  LD [M]  drivers/net/usb/cdc_mbim.ko
  BTF [M] drivers/net/phy/smsc.ko
  BTF [M] drivers/net/usb/cdc_mbim.ko
  LD [M]  drivers/net/usb/smsc75xx.ko
  LD [M]  drivers/net/usb/smsc95xx.ko
  BTF [M] drivers/net/usb/smsc75xx.ko
  LD [M]  drivers/net/vxlan/vxlan.ko
  LD [M]  drivers/net/wireless/scsc/scsc_wifilogger.ko
  BTF [M] drivers/net/usb/smsc95xx.ko
  BTF [M] drivers/net/vxlan/vxlan.ko
  BTF [M] drivers/net/wireless/scsc/scsc_wifilogger.ko
  LD [M]  drivers/net/wireless/scsc/scsc_wlan.ko
  LD [M]  drivers/nfc/nfc_sec.ko
  LD [M]  drivers/phy/samsung/phy-exynos-mipi-dsim.ko
  LD [M]  drivers/phy/samsung/phy-exynos-mipi.ko
  BTF [M] drivers/nfc/nfc_sec.ko
  BTF [M] drivers/phy/samsung/phy-exynos-mipi-dsim.ko
  BTF [M] drivers/phy/samsung/phy-exynos-mipi.ko
  BTF [M] drivers/net/wireless/scsc/scsc_wlan.ko
  LD [M]  drivers/phy/samsung/phy-exynos-usbdrd-super.ko
  LD [M]  drivers/pinctrl/samsung/pinctrl-samsung-core.ko
  LD [M]  drivers/pinctrl/samsung/pmic/s2mpu15_pinctrl_8535.ko
  BTF [M] drivers/phy/samsung/phy-exynos-usbdrd-super.ko
  BTF [M] drivers/pinctrl/samsung/pinctrl-samsung-core.ko
  BTF [M] drivers/pinctrl/samsung/pmic/s2mpu15_pinctrl_8535.ko
  LD [M]  drivers/power/reset/exynos/exynos-reboot.ko
  LD [M]  drivers/pwm/pwm-samsung.ko
  LD [M]  drivers/regulator/samsung/pmic/pmic_class.ko
  BTF [M] drivers/pwm/pwm-samsung.ko
  BTF [M] drivers/power/reset/exynos/exynos-reboot.ko
  BTF [M] drivers/regulator/samsung/pmic/pmic_class.ko
  LD [M]  drivers/regulator/samsung/pmic/s2mpa05_regulator_8535.ko
  LD [M]  drivers/regulator/samsung/pmic/s2mpu15_regulator_8535.ko
  LD [M]  drivers/rtc/samsung/pmic/s2mpu15_rtc_8535.ko
  BTF [M] drivers/regulator/samsung/pmic/s2mpa05_regulator_8535.ko
  BTF [M] drivers/regulator/samsung/pmic/s2mpu15_regulator_8535.ko
  BTF [M] drivers/rtc/samsung/pmic/s2mpu15_rtc_8535.ko
  LD [M]  drivers/samsung/debug/sec_debug.ko
  LD [M]  drivers/samsung/debug/sec_debug_base_early.ko
  LD [M]  drivers/samsung/debug/sec_debug_dprm.ko
  BTF [M] drivers/samsung/debug/sec_debug.ko
  BTF [M] drivers/samsung/debug/sec_debug_base_early.ko
  BTF [M] drivers/samsung/debug/sec_debug_dprm.ko
  LD [M]  drivers/samsung/debug/sec_debug_dprt.ko
  LD [M]  drivers/samsung/debug/sec_debug_dtask.ko
  LD [M]  drivers/samsung/debug/sec_debug_extra_info.ko
  BTF [M] drivers/samsung/debug/sec_debug_dprt.ko
  BTF [M] drivers/samsung/debug/sec_debug_dtask.ko
  BTF [M] drivers/samsung/debug/sec_debug_extra_info.ko
  LD [M]  drivers/samsung/debug/sec_debug_hardlockup_info.ko
  LD [M]  drivers/samsung/debug/sec_debug_hw_param.ko
  LD [M]  drivers/samsung/debug/sec_debug_mode.ko
  BTF [M] drivers/samsung/debug/sec_debug_hw_param.ko
  BTF [M] drivers/samsung/debug/sec_debug_hardlockup_info.ko
  BTF [M] drivers/samsung/debug/sec_debug_mode.ko
  LD [M]  drivers/samsung/debug/sec_debug_reset_reason.ko
  LD [M]  drivers/samsung/debug/sec_debug_sched_info.ko
  LD [M]  drivers/samsung/debug/sec_debug_sched_report.ko
  BTF [M] drivers/samsung/debug/sec_debug_reset_reason.ko
  BTF [M] drivers/samsung/debug/sec_debug_sched_info.ko
  BTF [M] drivers/samsung/debug/sec_debug_sched_report.ko
  LD [M]  drivers/samsung/debug/sec_debug_softdog.ko
  LD [M]  drivers/samsung/debug/sec_debug_stacktrace.ko
  LD [M]  drivers/samsung/debug/sec_debug_test.ko
  LD [M]  drivers/samsung/debug/sec_debug_wdd_info.ko
  BTF [M] drivers/samsung/debug/sec_debug_softdog.ko
  BTF [M] drivers/samsung/debug/sec_debug_wdd_info.ko
  BTF [M] drivers/samsung/debug/sec_debug_stacktrace.ko
  BTF [M] drivers/samsung/debug/sec_debug_test.ko
  LD [M]  drivers/samsung/pm/sec_pm_debug.ko
  LD [M]  drivers/samsung/pm/sec_thermistor/sec_thermistor.ko
  LD [M]  drivers/samsung/sec_argos.ko
  LD [M]  drivers/samsung/sec_bootstat.ko
  BTF [M] drivers/samsung/pm/sec_pm_debug.ko
  BTF [M] drivers/samsung/pm/sec_thermistor/sec_thermistor.ko
  BTF [M] drivers/samsung/sec_argos.ko
  BTF [M] drivers/samsung/sec_bootstat.ko
  LD [M]  drivers/samsung/sec_class.ko
  LD [M]  drivers/samsung/sec_crash_key_user.ko
  LD [M]  drivers/samsung/sec_hard_reset_hook.ko
  LD [M]  drivers/samsung/sec_key_notifier.ko
  BTF [M] drivers/samsung/sec_class.ko
  BTF [M] drivers/samsung/sec_crash_key_user.ko
  BTF [M] drivers/samsung/sec_hard_reset_hook.ko
  BTF [M] drivers/samsung/sec_key_notifier.ko
  LD [M]  drivers/samsung/sec_reboot.ko
  LD [M]  drivers/scsi/scsi_srpmb.ko
  LD [M]  drivers/scsi/ufs/ufs-exynos-core.ko
  LD [M]  drivers/sec_panel_notifier_v2/sec_panel_notifier_v2.ko
  BTF [M] drivers/samsung/sec_reboot.ko
  BTF [M] drivers/scsi/scsi_srpmb.ko
  BTF [M] drivers/sec_panel_notifier_v2/sec_panel_notifier_v2.ko
  BTF [M] drivers/scsi/ufs/ufs-exynos-core.ko
  LD [M]  drivers/sensorhub/shub.ko
  LD [M]  drivers/sensorhub/utility/sensor_core.ko
  LD [M]  drivers/sensors_lego/a96t396.ko
  BTF [M] drivers/sensorhub/utility/sensor_core.ko
  BTF [M] drivers/sensors_lego/a96t396.ko
  BTF [M] drivers/sensorhub/shub.ko
  LD [M]  drivers/soc/samsung/acpm/exynos_acpm.ko
  BTF [M] drivers/soc/samsung/acpm/exynos_acpm.ko
  LD [M]  drivers/soc/samsung/acpm/flexpmu_dbg.ko
  LD [M]  drivers/soc/samsung/acpm/plugin_dbg.ko
  BTF [M] drivers/soc/samsung/acpm/flexpmu_dbg.ko
  BTF [M] drivers/soc/samsung/acpm/plugin_dbg.ko
  LD [M]  drivers/soc/samsung/cal-if/cmupmucal.ko
  BTF [M] drivers/soc/samsung/cal-if/cmupmucal.ko
  LD [M]  drivers/soc/samsung/cpif/cpif.ko
  LD [M]  drivers/soc/samsung/cpif/cpif_memlogger.ko
  BTF [M] drivers/soc/samsung/cpif/cpif_memlogger.ko
  BTF [M] drivers/soc/samsung/cpif/cpif.ko
  LD [M]  drivers/soc/samsung/cpif/cpif_page.ko
  LD [M]  drivers/soc/samsung/cpif/direct_dm.ko
  BTF [M] drivers/soc/samsung/cpif/cpif_page.ko
  BTF [M] drivers/soc/samsung/cpif/direct_dm.ko
  LD [M]  drivers/soc/samsung/cpif/dit/exynos_dit.ko
  LD [M]  drivers/soc/samsung/cpif/hook.ko
  BTF [M] drivers/soc/samsung/cpif/hook.ko
  BTF [M] drivers/soc/samsung/cpif/dit/exynos_dit.ko
  LD [M]  drivers/soc/samsung/cpif/mcu_ipc.ko
  LD [M]  drivers/soc/samsung/cpif/shm_ipc.ko
  BTF [M] drivers/soc/samsung/cpif/mcu_ipc.ko
  BTF [M] drivers/soc/samsung/cpif/shm_ipc.ko
  LD [M]  drivers/soc/samsung/dm/exynos-dm.ko
  BTF [M] drivers/soc/samsung/dm/exynos-dm.ko
  LD [M]  drivers/soc/samsung/ect_parser/ect_parser.ko
  BTF [M] drivers/soc/samsung/ect_parser/ect_parser.ko
  LD [M]  drivers/soc/samsung/exynos-afm.ko
  LD [M]  drivers/soc/samsung/exynos-bcm.ko
  BTF [M] drivers/soc/samsung/exynos-afm.ko
  BTF [M] drivers/soc/samsung/exynos-bcm.ko
  LD [M]  drivers/soc/samsung/exynos-cpuhp.ko
  BTF [M] drivers/soc/samsung/exynos-cpuhp.ko
  LD [M]  drivers/soc/samsung/exynos-cpupm.ko
  BTF [M] drivers/soc/samsung/exynos-cpupm.ko
  LD [M]  drivers/soc/samsung/exynos-pd/exynos-pd-dbg.ko
  LD [M]  drivers/soc/samsung/exynos-pd/exynos-pd.ko
  BTF [M] drivers/soc/samsung/exynos-pd/exynos-pd-dbg.ko
  BTF [M] drivers/soc/samsung/exynos-pd/exynos-pd.ko
  LD [M]  drivers/soc/samsung/exynos-pd/exynos-pd_el3.ko
  LD [M]  drivers/soc/samsung/exynos-pm/exynos-pm.ko
  BTF [M] drivers/soc/samsung/exynos-pd/exynos-pd_el3.ko
  BTF [M] drivers/soc/samsung/exynos-pm/exynos-pm.ko
  LD [M]  drivers/soc/samsung/exynos-pmu-if.ko
  LD [M]  drivers/soc/samsung/exynos-seclog.ko
  BTF [M] drivers/soc/samsung/exynos-pmu-if.ko
  BTF [M] drivers/soc/samsung/exynos-seclog.ko
  LD [M]  drivers/soc/samsung/exynos-seh.ko
  BTF [M] drivers/soc/samsung/exynos-seh.ko
  LD [M]  drivers/soc/samsung/exynos-ufcc.ko
  BTF [M] drivers/soc/samsung/exynos-ufcc.ko
  LD [M]  drivers/soc/samsung/exynos-wow.ko
  LD [M]  drivers/soc/samsung/exynos/debug/debug-snapshot-debug-kinfo.ko
  BTF [M] drivers/soc/samsung/exynos-wow.ko
  BTF [M] drivers/soc/samsung/exynos/debug/debug-snapshot-debug-kinfo.ko
  LD [M]  drivers/soc/samsung/exynos/debug/dss.ko
  BTF [M] drivers/soc/samsung/exynos/debug/dss.ko
  LD [M]  drivers/soc/samsung/exynos/debug/ehld.ko
  BTF [M] drivers/soc/samsung/exynos/debug/ehld.ko
  LD [M]  drivers/soc/samsung/exynos/debug/exynos-adv-tracer-s2d.ko
  LD [M]  drivers/soc/samsung/exynos/debug/exynos-adv-tracer.ko
  BTF [M] drivers/soc/samsung/exynos/debug/exynos-adv-tracer-s2d.ko
  BTF [M] drivers/soc/samsung/exynos/debug/exynos-adv-tracer.ko
  LD [M]  drivers/soc/samsung/exynos/debug/exynos-coresight.ko
  LD [M]  drivers/soc/samsung/exynos/debug/exynos-ecc-handler.ko
  BTF [M] drivers/soc/samsung/exynos/debug/exynos-coresight.ko
  BTF [M] drivers/soc/samsung/exynos/debug/exynos-ecc-handler.ko
  LD [M]  drivers/soc/samsung/exynos/debug/exynos-getcpustate.ko
  BTF [M] drivers/soc/samsung/exynos/debug/exynos-getcpustate.ko
  LD [M]  drivers/soc/samsung/exynos/debug/exynos-itmon-v2.ko
  BTF [M] drivers/soc/samsung/exynos/debug/exynos-itmon-v2.ko
  LD [M]  drivers/soc/samsung/exynos/debug/exynos-ssld.ko
  LD [M]  drivers/soc/samsung/exynos/debug/hardlockup-watchdog.ko
  BTF [M] drivers/soc/samsung/exynos/debug/exynos-ssld.ko
  BTF [M] drivers/soc/samsung/exynos/debug/hardlockup-watchdog.ko
  LD [M]  drivers/soc/samsung/exynos/exynos-chipid_v2.ko
  BTF [M] drivers/soc/samsung/exynos/exynos-chipid_v2.ko
  LD [M]  drivers/soc/samsung/exynos/exynos-cm.ko
  BTF [M] drivers/soc/samsung/exynos/exynos-cm.ko
  LD [M]  drivers/soc/samsung/exynos/exynos-el2.ko
  LD [M]  drivers/soc/samsung/exynos/exynos-mcinfo.ko
  BTF [M] drivers/soc/samsung/exynos/exynos-el2.ko
  BTF [M] drivers/soc/samsung/exynos/exynos-mcinfo.ko
  LD [M]  drivers/soc/samsung/exynos/exynos-s2mpu.ko
  LD [M]  drivers/soc/samsung/exynos/exynos-sdm.ko
  BTF [M] drivers/soc/samsung/exynos/exynos-s2mpu.ko
  BTF [M] drivers/soc/samsung/exynos/exynos-sdm.ko
  LD [M]  drivers/soc/samsung/exynos/exynos-tzasc.ko
  LD [M]  drivers/soc/samsung/exynos/exynos-usi_v2.ko
  BTF [M] drivers/soc/samsung/exynos/exynos-tzasc.ko
  BTF [M] drivers/soc/samsung/exynos/exynos-usi_v2.ko
  LD [M]  drivers/soc/samsung/exynos/imgloader.ko
  LD [M]  drivers/soc/samsung/exynos/memlogger.ko
  BTF [M] drivers/soc/samsung/exynos/imgloader.ko
  BTF [M] drivers/soc/samsung/exynos/memlogger.ko
  LD [M]  drivers/soc/samsung/exynos/secmem.ko
  LD [M]  drivers/soc/samsung/exynos/sysevent.ko
  BTF [M] drivers/soc/samsung/exynos/secmem.ko
  BTF [M] drivers/soc/samsung/exynos/sysevent.ko
  LD [M]  drivers/soc/samsung/exynos/sysevent_notif.ko
  LD [M]  drivers/soc/samsung/gnssif/gnss_mbox.ko
  BTF [M] drivers/soc/samsung/exynos/sysevent_notif.ko
  BTF [M] drivers/soc/samsung/gnssif/gnss_mbox.ko
  LD [M]  drivers/soc/samsung/gnssif/gnssif.ko
  LD [M]  drivers/soc/samsung/pm_qos/exynos_pm_qos.ko
  BTF [M] drivers/soc/samsung/gnssif/gnssif.ko
  BTF [M] drivers/soc/samsung/pm_qos/exynos_pm_qos.ko
  LD [M]  drivers/soc/samsung/profiler/v3/exynos-cpu-profiler.ko
  LD [M]  drivers/soc/samsung/profiler/v3/exynos-gpu-profiler.ko
  BTF [M] drivers/soc/samsung/profiler/v3/exynos-cpu-profiler.ko
  BTF [M] drivers/soc/samsung/profiler/v3/exynos-gpu-profiler.ko
  LD [M]  drivers/soc/samsung/profiler/v3/exynos-main-profiler.ko
  LD [M]  drivers/soc/samsung/profiler/v3/exynos-mif-profiler.ko
  BTF [M] drivers/soc/samsung/profiler/v3/exynos-main-profiler.ko
  LD [M]  drivers/soc/samsung/xperf/xperf.ko
  LD [M]  drivers/spi/spi-s3c64xx.ko
  BTF [M] drivers/soc/samsung/profiler/v3/exynos-mif-profiler.ko
  BTF [M] drivers/soc/samsung/xperf/xperf.ko
  BTF [M] drivers/spi/spi-s3c64xx.ko
  LD [M]  drivers/spi/spidev.ko
  LD [M]  drivers/staging/android/switch/switch_class.ko
  BTF [M] drivers/spi/spidev.ko
  LD [M]  drivers/staging/nanohub/nanohub.ko
  BTF [M] drivers/staging/android/switch/switch_class.ko
  BTF [M] drivers/staging/nanohub/nanohub.ko
  LD [M]  drivers/sti/abc/abc.ko
  BTF [M] drivers/sti/abc/abc.ko
  LD [M]  drivers/sti/abc/abc_hub.ko
  LD [M]  drivers/thermal/samsung/exynos_thermal_v2.ko
  BTF [M] drivers/sti/abc/abc_hub.ko
  BTF [M] drivers/thermal/samsung/exynos_thermal_v2.ko
  LD [M]  drivers/thermal/samsung/gpu_cooling.ko
  BTF [M] drivers/thermal/samsung/gpu_cooling.ko
  LD [M]  drivers/tty/serial/exynos_tty.ko
  BTF [M] drivers/tty/serial/exynos_tty.ko
  LD [M]  drivers/usb/class/cdc-wdm.ko
  BTF [M] drivers/usb/class/cdc-wdm.ko
  LD [M]  drivers/usb/class/usblp.ko
  BTF [M] drivers/usb/class/usblp.ko
  LD [M]  drivers/usb/common/vbus_notifier/vbus_notifier.ko
  BTF [M] drivers/usb/common/vbus_notifier/vbus_notifier.ko
  LD [M]  drivers/usb/dwc3/dwc3-exynos-usb.ko
  BTF [M] drivers/usb/dwc3/dwc3-exynos-usb.ko
  LD [M]  drivers/usb/gadget/function/usb_f_conn_gadget.ko
  BTF [M] drivers/usb/gadget/function/usb_f_conn_gadget.ko
  LD [M]  drivers/usb/gadget/function/usb_f_dm.ko
  BTF [M] drivers/usb/gadget/function/usb_f_dm.ko
  LD [M]  drivers/usb/gadget/function/usb_f_dm1.ko
  BTF [M] drivers/usb/gadget/function/usb_f_dm1.ko
  LD [M]  drivers/usb/gadget/function/usb_f_ss_mon_gadget.ko
  LD [M]  drivers/usb/host/xhci-exynos.ko
  BTF [M] drivers/usb/gadget/function/usb_f_ss_mon_gadget.ko
  BTF [M] drivers/usb/host/xhci-exynos.ko
  LD [M]  drivers/usb/misc/lvstest.ko
  BTF [M] drivers/usb/misc/lvstest.ko
  LD [M]  drivers/usb/notify/usb_notifier.ko
  BTF [M] drivers/usb/notify/usb_notifier.ko
  LD [M]  drivers/usb/notify/usb_notify_layer.ko
  LD [M]  drivers/usb/serial/usbserial.ko
  BTF [M] drivers/usb/notify/usb_notify_layer.ko
  BTF [M] drivers/usb/serial/usbserial.ko
  LD [M]  drivers/usb/typec/common/pdic_notifier_module.ko
  BTF [M] drivers/usb/typec/common/pdic_notifier_module.ko
  LD [M]  drivers/usb/typec/manager/if_cb_manager.ko
  BTF [M] drivers/usb/typec/manager/if_cb_manager.ko
  LD [M]  drivers/usb/typec/manager/usb_typec_manager.ko
  LD [M]  drivers/usb/typec/slsi/common/s2m_pdic_notifier_module.ko
  BTF [M] drivers/usb/typec/manager/usb_typec_manager.ko
  BTF [M] drivers/usb/typec/slsi/common/s2m_pdic_notifier_module.ko
  LD [M]  drivers/usb/typec/slsi/s2mf301/pdic_s2mf301.ko
  BTF [M] drivers/usb/typec/slsi/s2mf301/pdic_s2mf301.ko
  LD [M]  drivers/usb/typec/sm/sm5714/pdic_sm5714.ko
  BTF [M] drivers/usb/typec/sm/sm5714/pdic_sm5714.ko
  LD [M]  drivers/vibrator/common/sec_vibrator.ko
  BTF [M] drivers/vibrator/common/sec_vibrator.ko
  LD [M]  drivers/vibrator/common/vib_info/vibrator_vib_info.ko
  LD [M]  drivers/vibrator/dc/dc_vibrator.ko
  BTF [M] drivers/vibrator/common/vib_info/vibrator_vib_info.ko
  BTF [M] drivers/vibrator/dc/dc_vibrator.ko
  LD [M]  drivers/watchdog/s3c2410_wdt.ko
  BTF [M] drivers/watchdog/s3c2410_wdt.ko
  LD [M]  drivers/watchdog/softdog.ko
  BTF [M] drivers/watchdog/softdog.ko
  LD [M]  kernel/sched/ems/ems.ko
  LD [M]  mm/zsmalloc.ko
  BTF [M] mm/zsmalloc.ko
  BTF [M] kernel/sched/ems/ems.ko
  LD [M]  net/ipv4/tcp_bic.ko
  BTF [M] net/ipv4/tcp_bic.ko
  LD [M]  net/ipv4/tcp_htcp.ko
  BTF [M] net/ipv4/tcp_htcp.ko
  LD [M]  net/wireless/cfg80211.ko
  LD [M]  sound/soc/codecs/snd-soc-rt5691.ko
  BTF [M] net/wireless/cfg80211.ko
  BTF [M] sound/soc/codecs/snd-soc-rt5691.ko
  LD [M]  sound/soc/codecs/snd-soc-sma-amp.ko
  BTF [M] sound/soc/codecs/snd-soc-sma-amp.ko
  LD [M]  sound/soc/codecs/snd-soc-sma1305.ko
  LD [M]  sound/soc/samsung/exynos/abox/snd-soc-samsung-abox-gic.ko
  BTF [M] sound/soc/codecs/snd-soc-sma1305.ko
  BTF [M] sound/soc/samsung/exynos/abox/snd-soc-samsung-abox-gic.ko
  LD [M]  sound/soc/samsung/exynos/abox/snd-soc-samsung-abox-sync.ko
  BTF [M] sound/soc/samsung/exynos/abox/snd-soc-samsung-abox-sync.ko
  LD [M]  sound/soc/samsung/exynos/abox/snd-soc-samsung-abox.ko
  LD [M]  sound/soc/samsung/exynos/exynos8535_rt5691.ko
  BTF [M] sound/soc/samsung/exynos/exynos8535_rt5691.ko
  BTF [M] sound/soc/samsung/exynos/abox/snd-soc-samsung-abox.ko
  LD [M]  sound/soc/samsung/exynos/sec_audio_debug.ko
  BTF [M] sound/soc/samsung/exynos/sec_audio_debug.ko
  LD [M]  sound/soc/samsung/exynos/sec_audio_sysfs.ko
  BTF [M] sound/soc/samsung/exynos/sec_audio_sysfs.ko
  LD [M]  sound/soc/samsung/snd-soc-s3c-dma.ko
  BTF [M] sound/soc/samsung/snd-soc-s3c-dma.ko
make[1]: Leaving directory '/root/kernel_common/out'
Installing and stripping modules to modules_out...
make[1]: Entering directory '/root/kernel_common/out'
  INSTALL /root/kernel_common/modules_out/lib/modules/5.15.202-android13-8@prisma/kernel/block/blk-sec-common.ko
  INSTALL /root/kernel_common/modules_out/lib/modules/5.15.202-android13-8@prisma/kernel/block/blk-sec-stats.ko
  INSTALL /root/kernel_common/modules_out/lib/modules/5.15.202-android13-8@prisma/kernel/block/blk-sec-wb.ko
  INSTALL /root/kernel_common/modules_out/lib/modules/5.15.202-android13-8@prisma/kernel/block/ssg.ko
  STRIP   /root/kernel_common/modules_out/lib/modules/5.15.202-android13-8@prisma/kernel/block/blk-sec-common.ko
  STRIP   /root/kernel_common/modules_out/lib/modules/5.15.202-android13-8@prisma/kernel/block/blk-sec-wb.ko
  STRIP   /root/kernel_common/modules_out/lib/modules/5.15.202-android13-8@prisma/kernel/block/blk-sec-stats.ko
  STRIP   /root/kernel_common/modules_out/lib/modules/5.15.202-android13-8@prisma/kernel/block/ssg.ko
  INSTALL /root/kernel_common/modules_out/lib/modules/5.15.202-android13-8@prisma/kernel/drivers/battery/charger/s2mf301_charger/s2mf301_charger.ko
  INSTALL /root/kernel_common/modules_out/lib/modules/5.15.202-android13-8@prisma/kernel/drivers/battery/charger/s2mf301_charger/s2mf301_pmeter.ko
  INSTALL /root/kernel_common/modules_out/lib/modules/5.15.202-android13-8@prisma/kernel/drivers/battery/charger/sm5451_charger/sm5451-charger.ko
  INSTALL /root/kernel_common/modules_out/lib/modules/5.15.202-android13-8@prisma/kernel/drivers/battery/charger/sm5714_charger/sm5714-charger.ko
  STRIP   /root/kernel_common/modules_out/lib/modules/5.15.202-android13-8@prisma/kernel/drivers/battery/charger/s2mf301_charger/s2mf301_charger.ko
  STRIP   /root/kernel_common/modules_out/lib/modules/5.15.202-android13-8@prisma/kernel/drivers/battery/charger/s2mf301_charger/s2mf301_pmeter.ko
  STRIP   /root/kernel_common/modules_out/lib/modules/5.15.202-android13-8@prisma/kernel/drivers/battery/charger/sm5451_charger/sm5451-charger.ko
  STRIP   /root/kernel_common/modules_out/lib/modules/5.15.202-android13-8@prisma/kernel/drivers/battery/charger/sm5714_charger/sm5714-charger.ko
  INSTALL /root/kernel_common/modules_out/lib/modules/5.15.202-android13-8@prisma/kernel/drivers/battery/common/sb_wireless.ko
  INSTALL /root/kernel_common/modules_out/lib/modules/5.15.202-android13-8@prisma/kernel/drivers/battery/common/sec-battery.ko
  INSTALL /root/kernel_common/modules_out/lib/modules/5.15.202-android13-8@prisma/kernel/drivers/battery/common/sec-direct-charger.ko
  STRIP   /root/kernel_common/modules_out/lib/modules/5.15.202-android13-8@prisma/kernel/drivers/battery/common/sb_wireless.ko
  INSTALL /root/kernel_common/modules_out/lib/modules/5.15.202-android13-8@prisma/kernel/drivers/battery/common/sec_pd.ko
  STRIP   /root/kernel_common/modules_out/lib/modules/5.15.202-android13-8@prisma/kernel/drivers/battery/common/sec-direct-charger.ko
  STRIP   /root/kernel_common/modules_out/lib/modules/5.15.202-android13-8@prisma/kernel/drivers/battery/common/sec-battery.ko
  STRIP   /root/kernel_common/modules_out/lib/modules/5.15.202-android13-8@prisma/kernel/drivers/battery/common/sec_pd.ko
  INSTALL /root/kernel_common/modules_out/lib/modules/5.15.202-android13-8@prisma/kernel/drivers/battery/core/sb-core.ko
  INSTALL /root/kernel_common/modules_out/lib/modules/5.15.202-android13-8@prisma/kernel/drivers/battery/fuelgauge/s2mf301_fuelgauge/s2mf301_fuelgauge.ko
  INSTALL /root/kernel_common/modules_out/lib/modules/5.15.202-android13-8@prisma/kernel/drivers/battery/fuelgauge/sm5714_fuelgauge/sm5714_fuelgauge.ko
  STRIP   /root/kernel_common/modules_out/lib/modules/5.15.202-android13-8@prisma/kernel/drivers/battery/fuelgauge/s2mf301_fuelgauge/s2mf301_fuelgauge.ko
  STRIP   /root/kernel_common/modules_out/lib/modules/5.15.202-android13-8@prisma/kernel/drivers/battery/core/sb-core.ko
  STRIP   /root/kernel_common/modules_out/lib/modules/5.15.202-android13-8@prisma/kernel/drivers/battery/fuelgauge/sm5714_fuelgauge/sm5714_fuelgauge.ko
  INSTALL /root/kernel_common/modules_out/lib/modules/5.15.202-android13-8@prisma/kernel/drivers/block/zram/zram.ko
  STRIP   /root/kernel_common/modules_out/lib/modules/5.15.202-android13-8@prisma/kernel/drivers/block/zram/zram.ko
  INSTALL /root/kernel_common/modules_out/lib/modules/5.15.202-android13-8@prisma/kernel/drivers/bts/exynos-bts.ko
  INSTALL /root/kernel_common/modules_out/lib/modules/5.15.202-android13-8@prisma/kernel/drivers/bts/exynos-btsops8535.ko
  INSTALL /root/kernel_common/modules_out/lib/modules/5.15.202-android13-8@prisma/kernel/drivers/char/hw_random/exyswd-rng.ko
  STRIP   /root/kernel_common/modules_out/lib/modules/5.15.202-android13-8@prisma/kernel/drivers/bts/exynos-bts.ko
  STRIP   /root/kernel_common/modules_out/lib/modules/5.15.202-android13-8@prisma/kernel/drivers/bts/exynos-btsops8535.ko
  INSTALL /root/kernel_common/modules_out/lib/modules/5.15.202-android13-8@prisma/kernel/drivers/clk/samsung/clk_exynos.ko
  STRIP   /root/kernel_common/modules_out/lib/modules/5.15.202-android13-8@prisma/kernel/drivers/char/hw_random/exyswd-rng.ko
  STRIP   /root/kernel_common/modules_out/lib/modules/5.15.202-android13-8@prisma/kernel/drivers/clk/samsung/clk_exynos.ko
  INSTALL /root/kernel_common/modules_out/lib/modules/5.15.202-android13-8@prisma/kernel/drivers/clocksource/exynos_mct_v3.ko
  INSTALL /root/kernel_common/modules_out/lib/modules/5.15.202-android13-8@prisma/kernel/drivers/cpufreq/exynos-acme.ko
  INSTALL /root/kernel_common/modules_out/lib/modules/5.15.202-android13-8@prisma/kernel/drivers/cpufreq/exynos-dsufreq.ko
  STRIP   /root/kernel_common/modules_out/lib/modules/5.15.202-android13-8@prisma/kernel/drivers/clocksource/exynos_mct_v3.ko
  STRIP   /root/kernel_common/modules_out/lib/modules/5.15.202-android13-8@prisma/kernel/drivers/cpufreq/exynos-acme.ko
  STRIP   /root/kernel_common/modules_out/lib/modules/5.15.202-android13-8@prisma/kernel/drivers/cpufreq/exynos-dsufreq.ko
  INSTALL /root/kernel_common/modules_out/lib/modules/5.15.202-android13-8@prisma/kernel/drivers/cpufreq/freq-qos-tracer.ko
  STRIP   /root/kernel_common/modules_out/lib/modules/5.15.202-android13-8@prisma/kernel/drivers/cpufreq/freq-qos-tracer.ko
  INSTALL /root/kernel_common/modules_out/lib/modules/5.15.202-android13-8@prisma/kernel/drivers/devfreq/exynos/exynos_devfreq.ko
  INSTALL /root/kernel_common/modules_out/lib/modules/5.15.202-android13-8@prisma/kernel/drivers/dma-buf/heaps/samsung/dma-buf-container.ko
  INSTALL /root/kernel_common/modules_out/lib/modules/5.15.202-android13-8@prisma/kernel/drivers/dma-buf/heaps/samsung/samsung_dma_heap.ko
  STRIP   /root/kernel_common/modules_out/lib/modules/5.15.202-android13-8@prisma/kernel/drivers/dma-buf/heaps/samsung/dma-buf-container.ko
  STRIP   /root/kernel_common/modules_out/lib/modules/5.15.202-android13-8@prisma/kernel/drivers/devfreq/exynos/exynos_devfreq.ko
  STRIP   /root/kernel_common/modules_out/lib/modules/5.15.202-android13-8@prisma/kernel/drivers/dma-buf/heaps/samsung/samsung_dma_heap.ko
  INSTALL /root/kernel_common/modules_out/lib/modules/5.15.202-android13-8@prisma/kernel/drivers/dma/pl330.ko
  STRIP   /root/kernel_common/modules_out/lib/modules/5.15.202-android13-8@prisma/kernel/drivers/dma/pl330.ko
  INSTALL /root/kernel_common/modules_out/lib/modules/5.15.202-android13-8@prisma/kernel/drivers/dma/samsung-dma.ko
  INSTALL /root/kernel_common/modules_out/lib/modules/5.15.202-android13-8@prisma/kernel/drivers/fingerprint/fingerprint.ko
  STRIP   /root/kernel_common/modules_out/lib/modules/5.15.202-android13-8@prisma/kernel/drivers/dma/samsung-dma.ko
  INSTALL /root/kernel_common/modules_out/lib/modules/5.15.202-android13-8@prisma/kernel/drivers/fingerprint/fingerprint_sysfs.ko
  STRIP   /root/kernel_common/modules_out/lib/modules/5.15.202-android13-8@prisma/kernel/drivers/fingerprint/fingerprint.ko
  STRIP   /root/kernel_common/modules_out/lib/modules/5.15.202-android13-8@prisma/kernel/drivers/fingerprint/fingerprint_sysfs.ko
  INSTALL /root/kernel_common/modules_out/lib/modules/5.15.202-android13-8@prisma/kernel/drivers/gpu/arm/v_r38p1/mali_kbase.ko
  INSTALL /root/kernel_common/modules_out/lib/modules/5.15.202-android13-8@prisma/kernel/drivers/gpu/drm/samsung/dpu/exynos-drm.ko
  INSTALL /root/kernel_common/modules_out/lib/modules/5.15.202-android13-8@prisma/kernel/drivers/gpu/drm/samsung/dpu/panel/mcd-panel-samsung-drv.ko
  INSTALL /root/kernel_common/modules_out/lib/modules/5.15.202-android13-8@prisma/kernel/drivers/gpu/drm/samsung/dpu/panel/mcd-panel-samsung-helper.ko
  STRIP   /root/kernel_common/modules_out/lib/modules/5.15.202-android13-8@prisma/kernel/drivers/gpu/drm/samsung/dpu/panel/mcd-panel-samsung-drv.ko
  STRIP   /root/kernel_common/modules_out/lib/modules/5.15.202-android13-8@prisma/kernel/drivers/gpu/drm/samsung/dpu/panel/mcd-panel-samsung-helper.ko
  STRIP   /root/kernel_common/modules_out/lib/modules/5.15.202-android13-8@prisma/kernel/drivers/gpu/drm/samsung/dpu/exynos-drm.ko
  INSTALL /root/kernel_common/modules_out/lib/modules/5.15.202-android13-8@prisma/kernel/drivers/gpu/drm/samsung/panel/mcd-panel.ko
  INSTALL /root/kernel_common/modules_out/lib/modules/5.15.202-android13-8@prisma/kernel/drivers/gpu/drm/samsung/panel/tft_common/mcd-panel-ft8720_m14x_01.ko
  STRIP   /root/kernel_common/modules_out/lib/modules/5.15.202-android13-8@prisma/kernel/drivers/gpu/drm/samsung/panel/tft_common/mcd-panel-ft8720_m14x_01.ko
  STRIP   /root/kernel_common/modules_out/lib/modules/5.15.202-android13-8@prisma/kernel/drivers/gpu/arm/v_r38p1/mali_kbase.ko
  STRIP   /root/kernel_common/modules_out/lib/modules/5.15.202-android13-8@prisma/kernel/drivers/gpu/drm/samsung/panel/mcd-panel.ko
  INSTALL /root/kernel_common/modules_out/lib/modules/5.15.202-android13-8@prisma/kernel/drivers/gpu/drm/samsung/panel/tft_common/mcd-panel-nt36672c_a14x_01.ko
  STRIP   /root/kernel_common/modules_out/lib/modules/5.15.202-android13-8@prisma/kernel/drivers/gpu/drm/samsung/panel/tft_common/mcd-panel-nt36672c_a14x_01.ko
  INSTALL /root/kernel_common/modules_out/lib/modules/5.15.202-android13-8@prisma/kernel/drivers/gpu/drm/samsung/panel/tft_common/mcd-panel-nt36672c_m14x_00.ko
  STRIP   /root/kernel_common/modules_out/lib/modules/5.15.202-android13-8@prisma/kernel/drivers/gpu/drm/samsung/panel/tft_common/mcd-panel-nt36672c_m14x_00.ko
  INSTALL /root/kernel_common/modules_out/lib/modules/5.15.202-android13-8@prisma/kernel/drivers/gpu/drm/samsung/panel/tft_common/usdm-panel-tft-common.ko
  INSTALL /root/kernel_common/modules_out/lib/modules/5.15.202-android13-8@prisma/kernel/drivers/hid/hid-a4tech.ko
  STRIP   /root/kernel_common/modules_out/lib/modules/5.15.202-android13-8@prisma/kernel/drivers/gpu/drm/samsung/panel/tft_common/usdm-panel-tft-common.ko
  STRIP   /root/kernel_common/modules_out/lib/modules/5.15.202-android13-8@prisma/kernel/drivers/hid/hid-a4tech.ko
  INSTALL /root/kernel_common/modules_out/lib/modules/5.15.202-android13-8@prisma/kernel/drivers/hid/hid-axff.ko
  STRIP   /root/kernel_common/modules_out/lib/modules/5.15.202-android13-8@prisma/kernel/drivers/hid/hid-axff.ko
  INSTALL /root/kernel_common/modules_out/lib/modules/5.15.202-android13-8@prisma/kernel/drivers/hid/hid-belkin.ko
  INSTALL /root/kernel_common/modules_out/lib/modules/5.15.202-android13-8@prisma/kernel/drivers/hid/hid-cherry.ko
  STRIP   /root/kernel_common/modules_out/lib/modules/5.15.202-android13-8@prisma/kernel/drivers/hid/hid-belkin.ko
  STRIP   /root/kernel_common/modules_out/lib/modules/5.15.202-android13-8@prisma/kernel/drivers/hid/hid-cherry.ko
  INSTALL /root/kernel_common/modules_out/lib/modules/5.15.202-android13-8@prisma/kernel/drivers/hid/hid-chicony.ko
  INSTALL /root/kernel_common/modules_out/lib/modules/5.15.202-android13-8@prisma/kernel/drivers/hid/hid-cypress.ko
  STRIP   /root/kernel_common/modules_out/lib/modules/5.15.202-android13-8@prisma/kernel/drivers/hid/hid-chicony.ko
  STRIP   /root/kernel_common/modules_out/lib/modules/5.15.202-android13-8@prisma/kernel/drivers/hid/hid-cypress.ko
  INSTALL /root/kernel_common/modules_out/lib/modules/5.15.202-android13-8@prisma/kernel/drivers/hid/hid-dr.ko
  INSTALL /root/kernel_common/modules_out/lib/modules/5.15.202-android13-8@prisma/kernel/drivers/hid/hid-emsff.ko
  STRIP   /root/kernel_common/modules_out/lib/modules/5.15.202-android13-8@prisma/kernel/drivers/hid/hid-dr.ko
  STRIP   /root/kernel_common/modules_out/lib/modules/5.15.202-android13-8@prisma/kernel/drivers/hid/hid-emsff.ko
  INSTALL /root/kernel_common/modules_out/lib/modules/5.15.202-android13-8@prisma/kernel/drivers/hid/hid-ezkey.ko
  INSTALL /root/kernel_common/modules_out/lib/modules/5.15.202-android13-8@prisma/kernel/drivers/hid/hid-gaff.ko
  STRIP   /root/kernel_common/modules_out/lib/modules/5.15.202-android13-8@prisma/kernel/drivers/hid/hid-ezkey.ko
  STRIP   /root/kernel_common/modules_out/lib/modules/5.15.202-android13-8@prisma/kernel/drivers/hid/hid-gaff.ko
  INSTALL /root/kernel_common/modules_out/lib/modules/5.15.202-android13-8@prisma/kernel/drivers/hid/hid-gyration.ko
  INSTALL /root/kernel_common/modules_out/lib/modules/5.15.202-android13-8@prisma/kernel/drivers/hid/hid-holtek-kbd.ko
  STRIP   /root/kernel_common/modules_out/lib/modules/5.15.202-android13-8@prisma/kernel/drivers/hid/hid-gyration.ko
  STRIP   /root/kernel_common/modules_out/lib/modules/5.15.202-android13-8@prisma/kernel/drivers/hid/hid-holtek-kbd.ko
  INSTALL /root/kernel_common/modules_out/lib/modules/5.15.202-android13-8@prisma/kernel/drivers/hid/hid-holtek-mouse.ko
  INSTALL /root/kernel_common/modules_out/lib/modules/5.15.202-android13-8@prisma/kernel/drivers/hid/hid-holtekff.ko
  STRIP   /root/kernel_common/modules_out/lib/modules/5.15.202-android13-8@prisma/kernel/drivers/hid/hid-holtek-mouse.ko
  STRIP   /root/kernel_common/modules_out/lib/modules/5.15.202-android13-8@prisma/kernel/drivers/hid/hid-holtekff.ko
  INSTALL /root/kernel_common/modules_out/lib/modules/5.15.202-android13-8@prisma/kernel/drivers/hid/hid-kensington.ko
  INSTALL /root/kernel_common/modules_out/lib/modules/5.15.202-android13-8@prisma/kernel/drivers/hid/hid-keytouch.ko
  STRIP   /root/kernel_common/modules_out/lib/modules/5.15.202-android13-8@prisma/kernel/drivers/hid/hid-kensington.ko
  STRIP   /root/kernel_common/modules_out/lib/modules/5.15.202-android13-8@prisma/kernel/drivers/hid/hid-keytouch.ko
  INSTALL /root/kernel_common/modules_out/lib/modules/5.15.202-android13-8@prisma/kernel/drivers/hid/hid-lcpower.ko
  INSTALL /root/kernel_common/modules_out/lib/modules/5.15.202-android13-8@prisma/kernel/drivers/hid/hid-monterey.ko
  STRIP   /root/kernel_common/modules_out/lib/modules/5.15.202-android13-8@prisma/kernel/drivers/hid/hid-lcpower.ko
  INSTALL /root/kernel_common/modules_out/lib/modules/5.15.202-android13-8@prisma/kernel/drivers/hid/hid-ntrig.ko
  STRIP   /root/kernel_common/modules_out/lib/modules/5.15.202-android13-8@prisma/kernel/drivers/hid/hid-monterey.ko
  INSTALL /root/kernel_common/modules_out/lib/modules/5.15.202-android13-8@prisma/kernel/drivers/hid/hid-ortek.ko
  STRIP   /root/kernel_common/modules_out/lib/modules/5.15.202-android13-8@prisma/kernel/drivers/hid/hid-ntrig.ko
  STRIP   /root/kernel_common/modules_out/lib/modules/5.15.202-android13-8@prisma/kernel/drivers/hid/hid-ortek.ko
  INSTALL /root/kernel_common/modules_out/lib/modules/5.15.202-android13-8@prisma/kernel/drivers/hid/hid-petalynx.ko
  INSTALL /root/kernel_common/modules_out/lib/modules/5.15.202-android13-8@prisma/kernel/drivers/hid/hid-pl.ko
  STRIP   /root/kernel_common/modules_out/lib/modules/5.15.202-android13-8@prisma/kernel/drivers/hid/hid-petalynx.ko
  STRIP   /root/kernel_common/modules_out/lib/modules/5.15.202-android13-8@prisma/kernel/drivers/hid/hid-pl.ko
  INSTALL /root/kernel_common/modules_out/lib/modules/5.15.202-android13-8@prisma/kernel/drivers/hid/hid-primax.ko
  INSTALL /root/kernel_common/modules_out/lib/modules/5.15.202-android13-8@prisma/kernel/drivers/hid/hid-saitek.ko
  STRIP   /root/kernel_common/modules_out/lib/modules/5.15.202-android13-8@prisma/kernel/drivers/hid/hid-primax.ko
  STRIP   /root/kernel_common/modules_out/lib/modules/5.15.202-android13-8@prisma/kernel/drivers/hid/hid-saitek.ko
  INSTALL /root/kernel_common/modules_out/lib/modules/5.15.202-android13-8@prisma/kernel/drivers/hid/hid-sjoy.ko
  INSTALL /root/kernel_common/modules_out/lib/modules/5.15.202-android13-8@prisma/kernel/drivers/hid/hid-speedlink.ko
  STRIP   /root/kernel_common/modules_out/lib/modules/5.15.202-android13-8@prisma/kernel/drivers/hid/hid-sjoy.ko
  STRIP   /root/kernel_common/modules_out/lib/modules/5.15.202-android13-8@prisma/kernel/drivers/hid/hid-speedlink.ko
  INSTALL /root/kernel_common/modules_out/lib/modules/5.15.202-android13-8@prisma/kernel/drivers/hid/hid-sunplus.ko
  INSTALL /root/kernel_common/modules_out/lib/modules/5.15.202-android13-8@prisma/kernel/drivers/hid/hid-thrustmaster.ko
  STRIP   /root/kernel_common/modules_out/lib/modules/5.15.202-android13-8@prisma/kernel/drivers/hid/hid-sunplus.ko
  STRIP   /root/kernel_common/modules_out/lib/modules/5.15.202-android13-8@prisma/kernel/drivers/hid/hid-thrustmaster.ko
  INSTALL /root/kernel_common/modules_out/lib/modules/5.15.202-android13-8@prisma/kernel/drivers/hid/hid-tivo.ko
  INSTALL /root/kernel_common/modules_out/lib/modules/5.15.202-android13-8@prisma/kernel/drivers/hid/hid-tmff.ko
  STRIP   /root/kernel_common/modules_out/lib/modules/5.15.202-android13-8@prisma/kernel/drivers/hid/hid-tivo.ko
  STRIP   /root/kernel_common/modules_out/lib/modules/5.15.202-android13-8@prisma/kernel/drivers/hid/hid-tmff.ko
  INSTALL /root/kernel_common/modules_out/lib/modules/5.15.202-android13-8@prisma/kernel/drivers/hid/hid-topseed.ko
  INSTALL /root/kernel_common/modules_out/lib/modules/5.15.202-android13-8@prisma/kernel/drivers/hid/hid-twinhan.ko
  STRIP   /root/kernel_common/modules_out/lib/modules/5.15.202-android13-8@prisma/kernel/drivers/hid/hid-topseed.ko
  STRIP   /root/kernel_common/modules_out/lib/modules/5.15.202-android13-8@prisma/kernel/drivers/hid/hid-twinhan.ko
  INSTALL /root/kernel_common/modules_out/lib/modules/5.15.202-android13-8@prisma/kernel/drivers/hid/hid-waltop.ko
  INSTALL /root/kernel_common/modules_out/lib/modules/5.15.202-android13-8@prisma/kernel/drivers/hid/hid-zpff.ko
  STRIP   /root/kernel_common/modules_out/lib/modules/5.15.202-android13-8@prisma/kernel/drivers/hid/hid-waltop.ko
  STRIP   /root/kernel_common/modules_out/lib/modules/5.15.202-android13-8@prisma/kernel/drivers/hid/hid-zpff.ko
  INSTALL /root/kernel_common/modules_out/lib/modules/5.15.202-android13-8@prisma/kernel/drivers/hid/hid-zydacron.ko
  INSTALL /root/kernel_common/modules_out/lib/modules/5.15.202-android13-8@prisma/kernel/drivers/i2c/busses/acpm-mfd-bus.ko
  STRIP   /root/kernel_common/modules_out/lib/modules/5.15.202-android13-8@prisma/kernel/drivers/hid/hid-zydacron.ko
  STRIP   /root/kernel_common/modules_out/lib/modules/5.15.202-android13-8@prisma/kernel/drivers/i2c/busses/acpm-mfd-bus.ko
  INSTALL /root/kernel_common/modules_out/lib/modules/5.15.202-android13-8@prisma/kernel/drivers/i2c/busses/i2c-exynos5.ko
  INSTALL /root/kernel_common/modules_out/lib/modules/5.15.202-android13-8@prisma/kernel/drivers/i2c/i2c-dev.ko
  STRIP   /root/kernel_common/modules_out/lib/modules/5.15.202-android13-8@prisma/kernel/drivers/i2c/busses/i2c-exynos5.ko
  STRIP   /root/kernel_common/modules_out/lib/modules/5.15.202-android13-8@prisma/kernel/drivers/i2c/i2c-dev.ko
  INSTALL /root/kernel_common/modules_out/lib/modules/5.15.202-android13-8@prisma/kernel/drivers/i3c/master/exynos/i3c-hci-exynos.ko
  INSTALL /root/kernel_common/modules_out/lib/modules/5.15.202-android13-8@prisma/kernel/drivers/iio/adc/samsung/pmic/s2mpu15_adc_8535.ko
  STRIP   /root/kernel_common/modules_out/lib/modules/5.15.202-android13-8@prisma/kernel/drivers/i3c/master/exynos/i3c-hci-exynos.ko
  STRIP   /root/kernel_common/modules_out/lib/modules/5.15.202-android13-8@prisma/kernel/drivers/iio/adc/samsung/pmic/s2mpu15_adc_8535.ko
  INSTALL /root/kernel_common/modules_out/lib/modules/5.15.202-android13-8@prisma/kernel/drivers/input/input_boost/input_booster_lkm.ko
  INSTALL /root/kernel_common/modules_out/lib/modules/5.15.202-android13-8@prisma/kernel/drivers/input/keyboard/samsung/pmic/s2mpu15_key_8535.ko
  STRIP   /root/kernel_common/modules_out/lib/modules/5.15.202-android13-8@prisma/kernel/drivers/input/input_boost/input_booster_lkm.ko
  STRIP   /root/kernel_common/modules_out/lib/modules/5.15.202-android13-8@prisma/kernel/drivers/input/keyboard/samsung/pmic/s2mpu15_key_8535.ko
  INSTALL /root/kernel_common/modules_out/lib/modules/5.15.202-android13-8@prisma/kernel/drivers/input/sec_input/sec_cmd.ko
  INSTALL /root/kernel_common/modules_out/lib/modules/5.15.202-android13-8@prisma/kernel/drivers/input/sec_input/sec_common_fn.ko
  STRIP   /root/kernel_common/modules_out/lib/modules/5.15.202-android13-8@prisma/kernel/drivers/input/sec_input/sec_cmd.ko
  STRIP   /root/kernel_common/modules_out/lib/modules/5.15.202-android13-8@prisma/kernel/drivers/input/sec_input/sec_common_fn.ko
  INSTALL /root/kernel_common/modules_out/lib/modules/5.15.202-android13-8@prisma/kernel/drivers/input/sec_input/sec_tsp_log.ko
  INSTALL /root/kernel_common/modules_out/lib/modules/5.15.202-android13-8@prisma/kernel/drivers/input/tablet/acecad.ko
  STRIP   /root/kernel_common/modules_out/lib/modules/5.15.202-android13-8@prisma/kernel/drivers/input/sec_input/sec_tsp_log.ko
  STRIP   /root/kernel_common/modules_out/lib/modules/5.15.202-android13-8@prisma/kernel/drivers/input/tablet/acecad.ko
  INSTALL /root/kernel_common/modules_out/lib/modules/5.15.202-android13-8@prisma/kernel/drivers/input/tablet/aiptek.ko
  STRIP   /root/kernel_common/modules_out/lib/modules/5.15.202-android13-8@prisma/kernel/drivers/input/tablet/aiptek.ko
  INSTALL /root/kernel_common/modules_out/lib/modules/5.15.202-android13-8@prisma/kernel/drivers/input/tablet/hanwang.ko
  INSTALL /root/kernel_common/modules_out/lib/modules/5.15.202-android13-8@prisma/kernel/drivers/input/tablet/kbtab.ko
  INSTALL /root/kernel_common/modules_out/lib/modules/5.15.202-android13-8@prisma/kernel/drivers/input/touchscreen/focaltech/ft8720/focaltech_ts_ft8720.ko
  STRIP   /root/kernel_common/modules_out/lib/modules/5.15.202-android13-8@prisma/kernel/drivers/input/tablet/hanwang.ko
  STRIP   /root/kernel_common/modules_out/lib/modules/5.15.202-android13-8@prisma/kernel/drivers/input/tablet/kbtab.ko
  STRIP   /root/kernel_common/modules_out/lib/modules/5.15.202-android13-8@prisma/kernel/drivers/input/touchscreen/focaltech/ft8720/focaltech_ts_ft8720.ko
  INSTALL /root/kernel_common/modules_out/lib/modules/5.15.202-android13-8@prisma/kernel/drivers/input/touchscreen/novatek/nt36523_spi/novatek_ts_nt36523.ko
  STRIP   /root/kernel_common/modules_out/lib/modules/5.15.202-android13-8@prisma/kernel/drivers/input/touchscreen/novatek/nt36523_spi/novatek_ts_nt36523.ko
  INSTALL /root/kernel_common/modules_out/lib/modules/5.15.202-android13-8@prisma/kernel/drivers/iommu/samsung/samsung-iommu-group.ko
  INSTALL /root/kernel_common/modules_out/lib/modules/5.15.202-android13-8@prisma/kernel/drivers/iommu/samsung/samsung-secure-iova.ko
  STRIP   /root/kernel_common/modules_out/lib/modules/5.15.202-android13-8@prisma/kernel/drivers/iommu/samsung/samsung-iommu-group.ko
  STRIP   /root/kernel_common/modules_out/lib/modules/5.15.202-android13-8@prisma/kernel/drivers/iommu/samsung/samsung-secure-iova.ko
  INSTALL /root/kernel_common/modules_out/lib/modules/5.15.202-android13-8@prisma/kernel/drivers/iommu/samsung/samsung_iommu.ko
  STRIP   /root/kernel_common/modules_out/lib/modules/5.15.202-android13-8@prisma/kernel/drivers/iommu/samsung/samsung_iommu.ko
  INSTALL /root/kernel_common/modules_out/lib/modules/5.15.202-android13-8@prisma/kernel/drivers/irqchip/exynos/irq-gic-vh.ko
  INSTALL /root/kernel_common/modules_out/lib/modules/5.15.202-android13-8@prisma/kernel/drivers/leds/leds-sm5714-fled.ko
  STRIP   /root/kernel_common/modules_out/lib/modules/5.15.202-android13-8@prisma/kernel/drivers/irqchip/exynos/irq-gic-vh.ko
  STRIP   /root/kernel_common/modules_out/lib/modules/5.15.202-android13-8@prisma/kernel/drivers/leds/leds-sm5714-fled.ko
  INSTALL /root/kernel_common/modules_out/lib/modules/5.15.202-android13-8@prisma/kernel/drivers/media/platform/exynos/camera/fimc-is.ko
  INSTALL /root/kernel_common/modules_out/lib/modules/5.15.202-android13-8@prisma/kernel/drivers/media/platform/exynos/camera/hardware/pablo-hws.ko
  STRIP   /root/kernel_common/modules_out/lib/modules/5.15.202-android13-8@prisma/kernel/drivers/media/platform/exynos/camera/hardware/pablo-hws.ko
  INSTALL /root/kernel_common/modules_out/lib/modules/5.15.202-android13-8@prisma/kernel/drivers/media/platform/exynos/camera/icpu/pablo-icpu.ko
  INSTALL /root/kernel_common/modules_out/lib/modules/5.15.202-android13-8@prisma/kernel/drivers/media/platform/exynos/camera/lib/pablo-libs.ko
  STRIP   /root/kernel_common/modules_out/lib/modules/5.15.202-android13-8@prisma/kernel/drivers/media/platform/exynos/camera/icpu/pablo-icpu.ko
  STRIP   /root/kernel_common/modules_out/lib/modules/5.15.202-android13-8@prisma/kernel/drivers/media/platform/exynos/camera/lib/pablo-libs.ko
  STRIP   /root/kernel_common/modules_out/lib/modules/5.15.202-android13-8@prisma/kernel/drivers/media/platform/exynos/camera/fimc-is.ko
  INSTALL /root/kernel_common/modules_out/lib/modules/5.15.202-android13-8@prisma/kernel/drivers/media/platform/exynos/camera/lib/votf/votf.ko
  INSTALL /root/kernel_common/modules_out/lib/modules/5.15.202-android13-8@prisma/kernel/drivers/media/platform/exynos/camera/pablo-smc.ko
  INSTALL /root/kernel_common/modules_out/lib/modules/5.15.202-android13-8@prisma/kernel/drivers/media/platform/exynos/camera/post/gdc/gdc.ko
  STRIP   /root/kernel_common/modules_out/lib/modules/5.15.202-android13-8@prisma/kernel/drivers/media/platform/exynos/camera/lib/votf/votf.ko
  STRIP   /root/kernel_common/modules_out/lib/modules/5.15.202-android13-8@prisma/kernel/drivers/media/platform/exynos/camera/pablo-smc.ko
  STRIP   /root/kernel_common/modules_out/lib/modules/5.15.202-android13-8@prisma/kernel/drivers/media/platform/exynos/camera/post/gdc/gdc.ko
  INSTALL /root/kernel_common/modules_out/lib/modules/5.15.202-android13-8@prisma/kernel/drivers/media/platform/exynos/camera/post/vra/vra.ko
  INSTALL /root/kernel_common/modules_out/lib/modules/5.15.202-android13-8@prisma/kernel/drivers/media/platform/exynos/camera/sensor/module_framework/actuator/is-actuator-gt9778.ko
  INSTALL /root/kernel_common/modules_out/lib/modules/5.15.202-android13-8@prisma/kernel/drivers/media/platform/exynos/camera/sensor/module_framework/cis/is-cis-3l6.ko
  STRIP   /root/kernel_common/modules_out/lib/modules/5.15.202-android13-8@prisma/kernel/drivers/media/platform/exynos/camera/post/vra/vra.ko
  STRIP   /root/kernel_common/modules_out/lib/modules/5.15.202-android13-8@prisma/kernel/drivers/media/platform/exynos/camera/sensor/module_framework/actuator/is-actuator-gt9778.ko
  STRIP   /root/kernel_common/modules_out/lib/modules/5.15.202-android13-8@prisma/kernel/drivers/media/platform/exynos/camera/sensor/module_framework/cis/is-cis-3l6.ko
  INSTALL /root/kernel_common/modules_out/lib/modules/5.15.202-android13-8@prisma/kernel/drivers/media/platform/exynos/camera/sensor/module_framework/cis/is-cis-gc02m1.ko
  INSTALL /root/kernel_common/modules_out/lib/modules/5.15.202-android13-8@prisma/kernel/drivers/media/platform/exynos/camera/sensor/module_framework/cis/is-cis-gc02m2.ko
  INSTALL /root/kernel_common/modules_out/lib/modules/5.15.202-android13-8@prisma/kernel/drivers/media/platform/exynos/camera/sensor/module_framework/cis/is-cis-hi1336.ko
  STRIP   /root/kernel_common/modules_out/lib/modules/5.15.202-android13-8@prisma/kernel/drivers/media/platform/exynos/camera/sensor/module_framework/cis/is-cis-gc02m1.ko
  STRIP   /root/kernel_common/modules_out/lib/modules/5.15.202-android13-8@prisma/kernel/drivers/media/platform/exynos/camera/sensor/module_framework/cis/is-cis-gc02m2.ko
  STRIP   /root/kernel_common/modules_out/lib/modules/5.15.202-android13-8@prisma/kernel/drivers/media/platform/exynos/camera/sensor/module_framework/cis/is-cis-hi1336.ko
  INSTALL /root/kernel_common/modules_out/lib/modules/5.15.202-android13-8@prisma/kernel/drivers/media/platform/exynos/camera/sensor/module_framework/cis/is-cis-jn1.ko
  INSTALL /root/kernel_common/modules_out/lib/modules/5.15.202-android13-8@prisma/kernel/drivers/media/platform/exynos/camera/sensor/module_framework/cis/is-cis-sc201.ko
  INSTALL /root/kernel_common/modules_out/lib/modules/5.15.202-android13-8@prisma/kernel/drivers/media/platform/exynos/camera/sensor/module_framework/flash/is-flash-sm5714.ko
  STRIP   /root/kernel_common/modules_out/lib/modules/5.15.202-android13-8@prisma/kernel/drivers/media/platform/exynos/camera/sensor/module_framework/cis/is-cis-jn1.ko
  STRIP   /root/kernel_common/modules_out/lib/modules/5.15.202-android13-8@prisma/kernel/drivers/media/platform/exynos/camera/sensor/module_framework/cis/is-cis-sc201.ko
  STRIP   /root/kernel_common/modules_out/lib/modules/5.15.202-android13-8@prisma/kernel/drivers/media/platform/exynos/camera/sensor/module_framework/flash/is-flash-sm5714.ko
  INSTALL /root/kernel_common/modules_out/lib/modules/5.15.202-android13-8@prisma/kernel/drivers/media/platform/exynos/camera/testing/self/pablo-self-tests.ko
  INSTALL /root/kernel_common/modules_out/lib/modules/5.15.202-android13-8@prisma/kernel/drivers/media/platform/exynos/camera/vendor/mcd_v2/is-device-eeprom.ko
  STRIP   /root/kernel_common/modules_out/lib/modules/5.15.202-android13-8@prisma/kernel/drivers/media/platform/exynos/camera/testing/self/pablo-self-tests.ko
  STRIP   /root/kernel_common/modules_out/lib/modules/5.15.202-android13-8@prisma/kernel/drivers/media/platform/exynos/camera/vendor/mcd_v2/is-device-eeprom.ko
  INSTALL /root/kernel_common/modules_out/lib/modules/5.15.202-android13-8@prisma/kernel/drivers/media/platform/exynos/camera/vendor/mcd_v2/is-device-otprom.ko
  STRIP   /root/kernel_common/modules_out/lib/modules/5.15.202-android13-8@prisma/kernel/drivers/media/platform/exynos/camera/vendor/mcd_v2/is-device-otprom.ko
  INSTALL /root/kernel_common/modules_out/lib/modules/5.15.202-android13-8@prisma/kernel/drivers/media/platform/exynos/mfc/exynos_mfc.ko
  INSTALL /root/kernel_common/modules_out/lib/modules/5.15.202-android13-8@prisma/kernel/drivers/media/platform/exynos/scaler/scaler.ko
  STRIP   /root/kernel_common/modules_out/lib/modules/5.15.202-android13-8@prisma/kernel/drivers/media/platform/exynos/scaler/scaler.ko
  INSTALL /root/kernel_common/modules_out/lib/modules/5.15.202-android13-8@prisma/kernel/drivers/media/platform/exynos/smfc/smfc.ko
  STRIP   /root/kernel_common/modules_out/lib/modules/5.15.202-android13-8@prisma/kernel/drivers/media/platform/exynos/smfc/smfc.ko
  INSTALL /root/kernel_common/modules_out/lib/modules/5.15.202-android13-8@prisma/kernel/drivers/media/radio/exynos/s610/fm_s620.ko
  STRIP   /root/kernel_common/modules_out/lib/modules/5.15.202-android13-8@prisma/kernel/drivers/media/platform/exynos/mfc/exynos_mfc.ko
  STRIP   /root/kernel_common/modules_out/lib/modules/5.15.202-android13-8@prisma/kernel/drivers/media/radio/exynos/s610/fm_s620.ko
  INSTALL /root/kernel_common/modules_out/lib/modules/5.15.202-android13-8@prisma/kernel/drivers/mfd/samsung/pmic/s2mpa05_mfd.ko
  STRIP   /root/kernel_common/modules_out/lib/modules/5.15.202-android13-8@prisma/kernel/drivers/mfd/samsung/pmic/s2mpa05_mfd.ko
  INSTALL /root/kernel_common/modules_out/lib/modules/5.15.202-android13-8@prisma/kernel/drivers/mfd/samsung/pmic/s2mpu15_mfd.ko
  INSTALL /root/kernel_common/modules_out/lib/modules/5.15.202-android13-8@prisma/kernel/drivers/mfd/slsi/s2mf301/mfd_s2mf301.ko
  STRIP   /root/kernel_common/modules_out/lib/modules/5.15.202-android13-8@prisma/kernel/drivers/mfd/samsung/pmic/s2mpu15_mfd.ko
  STRIP   /root/kernel_common/modules_out/lib/modules/5.15.202-android13-8@prisma/kernel/drivers/mfd/slsi/s2mf301/mfd_s2mf301.ko
  INSTALL /root/kernel_common/modules_out/lib/modules/5.15.202-android13-8@prisma/kernel/drivers/mfd/sm/sm5714/mfd_sm5714.ko
  STRIP   /root/kernel_common/modules_out/lib/modules/5.15.202-android13-8@prisma/kernel/drivers/mfd/sm/sm5714/mfd_sm5714.ko
  INSTALL /root/kernel_common/modules_out/lib/modules/5.15.202-android13-8@prisma/kernel/drivers/misc/drb/dev_ril_bridge.ko
  STRIP   /root/kernel_common/modules_out/lib/modules/5.15.202-android13-8@prisma/kernel/drivers/misc/drb/dev_ril_bridge.ko
  INSTALL /root/kernel_common/modules_out/lib/modules/5.15.202-android13-8@prisma/kernel/drivers/misc/samsung/scsc/mx_client_test.ko
  INSTALL /root/kernel_common/modules_out/lib/modules/5.15.202-android13-8@prisma/kernel/drivers/misc/samsung/scsc/scsc_log_collection.ko
  STRIP   /root/kernel_common/modules_out/lib/modules/5.15.202-android13-8@prisma/kernel/drivers/misc/samsung/scsc/mx_client_test.ko
  STRIP   /root/kernel_common/modules_out/lib/modules/5.15.202-android13-8@prisma/kernel/drivers/misc/samsung/scsc/scsc_log_collection.ko
  INSTALL /root/kernel_common/modules_out/lib/modules/5.15.202-android13-8@prisma/kernel/drivers/misc/samsung/scsc/scsc_logring.ko
  STRIP   /root/kernel_common/modules_out/lib/modules/5.15.202-android13-8@prisma/kernel/drivers/misc/samsung/scsc/scsc_logring.ko
  INSTALL /root/kernel_common/modules_out/lib/modules/5.15.202-android13-8@prisma/kernel/drivers/misc/samsung/scsc/scsc_mmap.ko
  STRIP   /root/kernel_common/modules_out/lib/modules/5.15.202-android13-8@prisma/kernel/drivers/misc/samsung/scsc/scsc_mmap.ko
  INSTALL /root/kernel_common/modules_out/lib/modules/5.15.202-android13-8@prisma/kernel/drivers/misc/samsung/scsc/scsc_mx.ko
  INSTALL /root/kernel_common/modules_out/lib/modules/5.15.202-android13-8@prisma/kernel/drivers/misc/samsung/scsc/scsc_mx250_fm.ko
  STRIP   /root/kernel_common/modules_out/lib/modules/5.15.202-android13-8@prisma/kernel/drivers/misc/samsung/scsc/scsc_mx250_fm.ko
  INSTALL /root/kernel_common/modules_out/lib/modules/5.15.202-android13-8@prisma/kernel/drivers/misc/samsung/scsc/scsc_platform_mif.ko
  STRIP   /root/kernel_common/modules_out/lib/modules/5.15.202-android13-8@prisma/kernel/drivers/misc/samsung/scsc/scsc_platform_mif.ko
  STRIP   /root/kernel_common/modules_out/lib/modules/5.15.202-android13-8@prisma/kernel/drivers/misc/samsung/scsc/scsc_mx.ko
  INSTALL /root/kernel_common/modules_out/lib/modules/5.15.202-android13-8@prisma/kernel/drivers/misc/samsung/scsc_bt/scsc_bt.ko
  STRIP   /root/kernel_common/modules_out/lib/modules/5.15.202-android13-8@prisma/kernel/drivers/misc/samsung/scsc_bt/scsc_bt.ko
  INSTALL /root/kernel_common/modules_out/lib/modules/5.15.202-android13-8@prisma/kernel/drivers/misc/tui/tuihw-inf.ko
  INSTALL /root/kernel_common/modules_out/lib/modules/5.15.202-android13-8@prisma/kernel/drivers/misc/tui/tuihw.ko
  STRIP   /root/kernel_common/modules_out/lib/modules/5.15.202-android13-8@prisma/kernel/drivers/misc/tui/tuihw-inf.ko
  STRIP   /root/kernel_common/modules_out/lib/modules/5.15.202-android13-8@prisma/kernel/drivers/misc/tui/tuihw.ko
  INSTALL /root/kernel_common/modules_out/lib/modules/5.15.202-android13-8@prisma/kernel/drivers/misc/tzdev/tzdev.ko
  INSTALL /root/kernel_common/modules_out/lib/modules/5.15.202-android13-8@prisma/kernel/drivers/mmc/host/dw_mmc-exynos-sec.ko
  STRIP   /root/kernel_common/modules_out/lib/modules/5.15.202-android13-8@prisma/kernel/drivers/misc/tzdev/tzdev.ko
  STRIP   /root/kernel_common/modules_out/lib/modules/5.15.202-android13-8@prisma/kernel/drivers/mmc/host/dw_mmc-exynos-sec.ko
  INSTALL /root/kernel_common/modules_out/lib/modules/5.15.202-android13-8@prisma/kernel/drivers/mmc/host/dw_mmc-pltfm.ko
  INSTALL /root/kernel_common/modules_out/lib/modules/5.15.202-android13-8@prisma/kernel/drivers/mmc/host/dw_mmc.ko
  STRIP   /root/kernel_common/modules_out/lib/modules/5.15.202-android13-8@prisma/kernel/drivers/mmc/host/dw_mmc-pltfm.ko
  STRIP   /root/kernel_common/modules_out/lib/modules/5.15.202-android13-8@prisma/kernel/drivers/mmc/host/dw_mmc.ko
  INSTALL /root/kernel_common/modules_out/lib/modules/5.15.202-android13-8@prisma/kernel/drivers/muic/common/common_muic.ko
  STRIP   /root/kernel_common/modules_out/lib/modules/5.15.202-android13-8@prisma/kernel/drivers/muic/common/common_muic.ko
  INSTALL /root/kernel_common/modules_out/lib/modules/5.15.202-android13-8@prisma/kernel/drivers/muic/slsi/platform/muic_platform.ko
  INSTALL /root/kernel_common/modules_out/lib/modules/5.15.202-android13-8@prisma/kernel/drivers/muic/slsi/s2mf301/muic_s2mf301.ko
  STRIP   /root/kernel_common/modules_out/lib/modules/5.15.202-android13-8@prisma/kernel/drivers/muic/slsi/platform/muic_platform.ko
  STRIP   /root/kernel_common/modules_out/lib/modules/5.15.202-android13-8@prisma/kernel/drivers/muic/slsi/s2mf301/muic_s2mf301.ko
  INSTALL /root/kernel_common/modules_out/lib/modules/5.15.202-android13-8@prisma/kernel/drivers/muic/slsi/s2mf301/top_s2mf301.ko
  STRIP   /root/kernel_common/modules_out/lib/modules/5.15.202-android13-8@prisma/kernel/drivers/muic/slsi/s2mf301/top_s2mf301.ko
  INSTALL /root/kernel_common/modules_out/lib/modules/5.15.202-android13-8@prisma/kernel/drivers/muic/sm/sm5714/muic_sm5714.ko
  INSTALL /root/kernel_common/modules_out/lib/modules/5.15.202-android13-8@prisma/kernel/drivers/net/dropdump/dropdump.ko
  STRIP   /root/kernel_common/modules_out/lib/modules/5.15.202-android13-8@prisma/kernel/drivers/muic/sm/sm5714/muic_sm5714.ko
  STRIP   /root/kernel_common/modules_out/lib/modules/5.15.202-android13-8@prisma/kernel/drivers/net/dropdump/dropdump.ko
  INSTALL /root/kernel_common/modules_out/lib/modules/5.15.202-android13-8@prisma/kernel/drivers/net/phy/smsc.ko
  INSTALL /root/kernel_common/modules_out/lib/modules/5.15.202-android13-8@prisma/kernel/drivers/net/usb/cdc_mbim.ko
  STRIP   /root/kernel_common/modules_out/lib/modules/5.15.202-android13-8@prisma/kernel/drivers/net/phy/smsc.ko
  STRIP   /root/kernel_common/modules_out/lib/modules/5.15.202-android13-8@prisma/kernel/drivers/net/usb/cdc_mbim.ko
  INSTALL /root/kernel_common/modules_out/lib/modules/5.15.202-android13-8@prisma/kernel/drivers/net/usb/smsc75xx.ko
  INSTALL /root/kernel_common/modules_out/lib/modules/5.15.202-android13-8@prisma/kernel/drivers/net/usb/smsc95xx.ko
  STRIP   /root/kernel_common/modules_out/lib/modules/5.15.202-android13-8@prisma/kernel/drivers/net/usb/smsc75xx.ko
  STRIP   /root/kernel_common/modules_out/lib/modules/5.15.202-android13-8@prisma/kernel/drivers/net/usb/smsc95xx.ko
  INSTALL /root/kernel_common/modules_out/lib/modules/5.15.202-android13-8@prisma/kernel/drivers/net/vxlan/vxlan.ko
  INSTALL /root/kernel_common/modules_out/lib/modules/5.15.202-android13-8@prisma/kernel/drivers/net/wireless/scsc/scsc_wifilogger.ko
  STRIP   /root/kernel_common/modules_out/lib/modules/5.15.202-android13-8@prisma/kernel/drivers/net/vxlan/vxlan.ko
  STRIP   /root/kernel_common/modules_out/lib/modules/5.15.202-android13-8@prisma/kernel/drivers/net/wireless/scsc/scsc_wifilogger.ko
  INSTALL /root/kernel_common/modules_out/lib/modules/5.15.202-android13-8@prisma/kernel/drivers/net/wireless/scsc/scsc_wlan.ko
  INSTALL /root/kernel_common/modules_out/lib/modules/5.15.202-android13-8@prisma/kernel/drivers/nfc/nfc_sec.ko
  STRIP   /root/kernel_common/modules_out/lib/modules/5.15.202-android13-8@prisma/kernel/drivers/nfc/nfc_sec.ko
  INSTALL /root/kernel_common/modules_out/lib/modules/5.15.202-android13-8@prisma/kernel/drivers/phy/samsung/phy-exynos-mipi-dsim.ko
  INSTALL /root/kernel_common/modules_out/lib/modules/5.15.202-android13-8@prisma/kernel/drivers/phy/samsung/phy-exynos-mipi.ko
  STRIP   /root/kernel_common/modules_out/lib/modules/5.15.202-android13-8@prisma/kernel/drivers/phy/samsung/phy-exynos-mipi-dsim.ko
  STRIP   /root/kernel_common/modules_out/lib/modules/5.15.202-android13-8@prisma/kernel/drivers/phy/samsung/phy-exynos-mipi.ko
  INSTALL /root/kernel_common/modules_out/lib/modules/5.15.202-android13-8@prisma/kernel/drivers/phy/samsung/phy-exynos-usbdrd-super.ko
  STRIP   /root/kernel_common/modules_out/lib/modules/5.15.202-android13-8@prisma/kernel/drivers/phy/samsung/phy-exynos-usbdrd-super.ko
  STRIP   /root/kernel_common/modules_out/lib/modules/5.15.202-android13-8@prisma/kernel/drivers/net/wireless/scsc/scsc_wlan.ko
  INSTALL /root/kernel_common/modules_out/lib/modules/5.15.202-android13-8@prisma/kernel/drivers/pinctrl/samsung/pinctrl-samsung-core.ko
  STRIP   /root/kernel_common/modules_out/lib/modules/5.15.202-android13-8@prisma/kernel/drivers/pinctrl/samsung/pinctrl-samsung-core.ko
  INSTALL /root/kernel_common/modules_out/lib/modules/5.15.202-android13-8@prisma/kernel/drivers/pinctrl/samsung/pmic/s2mpu15_pinctrl_8535.ko
  STRIP   /root/kernel_common/modules_out/lib/modules/5.15.202-android13-8@prisma/kernel/drivers/pinctrl/samsung/pmic/s2mpu15_pinctrl_8535.ko
  INSTALL /root/kernel_common/modules_out/lib/modules/5.15.202-android13-8@prisma/kernel/drivers/power/reset/exynos/exynos-reboot.ko
  INSTALL /root/kernel_common/modules_out/lib/modules/5.15.202-android13-8@prisma/kernel/drivers/pwm/pwm-samsung.ko
  STRIP   /root/kernel_common/modules_out/lib/modules/5.15.202-android13-8@prisma/kernel/drivers/power/reset/exynos/exynos-reboot.ko
  STRIP   /root/kernel_common/modules_out/lib/modules/5.15.202-android13-8@prisma/kernel/drivers/pwm/pwm-samsung.ko
  INSTALL /root/kernel_common/modules_out/lib/modules/5.15.202-android13-8@prisma/kernel/drivers/regulator/samsung/pmic/pmic_class.ko
  STRIP   /root/kernel_common/modules_out/lib/modules/5.15.202-android13-8@prisma/kernel/drivers/regulator/samsung/pmic/pmic_class.ko
  INSTALL /root/kernel_common/modules_out/lib/modules/5.15.202-android13-8@prisma/kernel/drivers/regulator/samsung/pmic/s2mpa05_regulator_8535.ko
  INSTALL /root/kernel_common/modules_out/lib/modules/5.15.202-android13-8@prisma/kernel/drivers/regulator/samsung/pmic/s2mpu15_regulator_8535.ko
  STRIP   /root/kernel_common/modules_out/lib/modules/5.15.202-android13-8@prisma/kernel/drivers/regulator/samsung/pmic/s2mpa05_regulator_8535.ko
  STRIP   /root/kernel_common/modules_out/lib/modules/5.15.202-android13-8@prisma/kernel/drivers/regulator/samsung/pmic/s2mpu15_regulator_8535.ko
  INSTALL /root/kernel_common/modules_out/lib/modules/5.15.202-android13-8@prisma/kernel/drivers/rtc/samsung/pmic/s2mpu15_rtc_8535.ko
  STRIP   /root/kernel_common/modules_out/lib/modules/5.15.202-android13-8@prisma/kernel/drivers/rtc/samsung/pmic/s2mpu15_rtc_8535.ko
  INSTALL /root/kernel_common/modules_out/lib/modules/5.15.202-android13-8@prisma/kernel/drivers/samsung/debug/sec_debug.ko
  INSTALL /root/kernel_common/modules_out/lib/modules/5.15.202-android13-8@prisma/kernel/drivers/samsung/debug/sec_debug_base_early.ko
  INSTALL /root/kernel_common/modules_out/lib/modules/5.15.202-android13-8@prisma/kernel/drivers/samsung/debug/sec_debug_dprm.ko
  INSTALL /root/kernel_common/modules_out/lib/modules/5.15.202-android13-8@prisma/kernel/drivers/samsung/debug/sec_debug_dprt.ko
  STRIP   /root/kernel_common/modules_out/lib/modules/5.15.202-android13-8@prisma/kernel/drivers/samsung/debug/sec_debug.ko
  STRIP   /root/kernel_common/modules_out/lib/modules/5.15.202-android13-8@prisma/kernel/drivers/samsung/debug/sec_debug_base_early.ko
  STRIP   /root/kernel_common/modules_out/lib/modules/5.15.202-android13-8@prisma/kernel/drivers/samsung/debug/sec_debug_dprm.ko
  STRIP   /root/kernel_common/modules_out/lib/modules/5.15.202-android13-8@prisma/kernel/drivers/samsung/debug/sec_debug_dprt.ko
  INSTALL /root/kernel_common/modules_out/lib/modules/5.15.202-android13-8@prisma/kernel/drivers/samsung/debug/sec_debug_dtask.ko
  INSTALL /root/kernel_common/modules_out/lib/modules/5.15.202-android13-8@prisma/kernel/drivers/samsung/debug/sec_debug_extra_info.ko
  INSTALL /root/kernel_common/modules_out/lib/modules/5.15.202-android13-8@prisma/kernel/drivers/samsung/debug/sec_debug_hardlockup_info.ko
  INSTALL /root/kernel_common/modules_out/lib/modules/5.15.202-android13-8@prisma/kernel/drivers/samsung/debug/sec_debug_hw_param.ko
  STRIP   /root/kernel_common/modules_out/lib/modules/5.15.202-android13-8@prisma/kernel/drivers/samsung/debug/sec_debug_dtask.ko
  STRIP   /root/kernel_common/modules_out/lib/modules/5.15.202-android13-8@prisma/kernel/drivers/samsung/debug/sec_debug_extra_info.ko
  STRIP   /root/kernel_common/modules_out/lib/modules/5.15.202-android13-8@prisma/kernel/drivers/samsung/debug/sec_debug_hardlockup_info.ko
  STRIP   /root/kernel_common/modules_out/lib/modules/5.15.202-android13-8@prisma/kernel/drivers/samsung/debug/sec_debug_hw_param.ko
  INSTALL /root/kernel_common/modules_out/lib/modules/5.15.202-android13-8@prisma/kernel/drivers/samsung/debug/sec_debug_mode.ko
  INSTALL /root/kernel_common/modules_out/lib/modules/5.15.202-android13-8@prisma/kernel/drivers/samsung/debug/sec_debug_reset_reason.ko
  INSTALL /root/kernel_common/modules_out/lib/modules/5.15.202-android13-8@prisma/kernel/drivers/samsung/debug/sec_debug_sched_info.ko
  INSTALL /root/kernel_common/modules_out/lib/modules/5.15.202-android13-8@prisma/kernel/drivers/samsung/debug/sec_debug_sched_report.ko
  STRIP   /root/kernel_common/modules_out/lib/modules/5.15.202-android13-8@prisma/kernel/drivers/samsung/debug/sec_debug_mode.ko
  STRIP   /root/kernel_common/modules_out/lib/modules/5.15.202-android13-8@prisma/kernel/drivers/samsung/debug/sec_debug_reset_reason.ko
  STRIP   /root/kernel_common/modules_out/lib/modules/5.15.202-android13-8@prisma/kernel/drivers/samsung/debug/sec_debug_sched_info.ko
  STRIP   /root/kernel_common/modules_out/lib/modules/5.15.202-android13-8@prisma/kernel/drivers/samsung/debug/sec_debug_sched_report.ko
  INSTALL /root/kernel_common/modules_out/lib/modules/5.15.202-android13-8@prisma/kernel/drivers/samsung/debug/sec_debug_softdog.ko
  INSTALL /root/kernel_common/modules_out/lib/modules/5.15.202-android13-8@prisma/kernel/drivers/samsung/debug/sec_debug_stacktrace.ko
  INSTALL /root/kernel_common/modules_out/lib/modules/5.15.202-android13-8@prisma/kernel/drivers/samsung/debug/sec_debug_test.ko
  INSTALL /root/kernel_common/modules_out/lib/modules/5.15.202-android13-8@prisma/kernel/drivers/samsung/debug/sec_debug_wdd_info.ko
  STRIP   /root/kernel_common/modules_out/lib/modules/5.15.202-android13-8@prisma/kernel/drivers/samsung/debug/sec_debug_softdog.ko
  STRIP   /root/kernel_common/modules_out/lib/modules/5.15.202-android13-8@prisma/kernel/drivers/samsung/debug/sec_debug_stacktrace.ko
  STRIP   /root/kernel_common/modules_out/lib/modules/5.15.202-android13-8@prisma/kernel/drivers/samsung/debug/sec_debug_test.ko
  STRIP   /root/kernel_common/modules_out/lib/modules/5.15.202-android13-8@prisma/kernel/drivers/samsung/debug/sec_debug_wdd_info.ko
  INSTALL /root/kernel_common/modules_out/lib/modules/5.15.202-android13-8@prisma/kernel/drivers/samsung/pm/sec_pm_debug.ko
  INSTALL /root/kernel_common/modules_out/lib/modules/5.15.202-android13-8@prisma/kernel/drivers/samsung/pm/sec_thermistor/sec_thermistor.ko
  INSTALL /root/kernel_common/modules_out/lib/modules/5.15.202-android13-8@prisma/kernel/drivers/samsung/sec_argos.ko
  INSTALL /root/kernel_common/modules_out/lib/modules/5.15.202-android13-8@prisma/kernel/drivers/samsung/sec_bootstat.ko
  STRIP   /root/kernel_common/modules_out/lib/modules/5.15.202-android13-8@prisma/kernel/drivers/samsung/pm/sec_pm_debug.ko
  STRIP   /root/kernel_common/modules_out/lib/modules/5.15.202-android13-8@prisma/kernel/drivers/samsung/pm/sec_thermistor/sec_thermistor.ko
  STRIP   /root/kernel_common/modules_out/lib/modules/5.15.202-android13-8@prisma/kernel/drivers/samsung/sec_argos.ko
  STRIP   /root/kernel_common/modules_out/lib/modules/5.15.202-android13-8@prisma/kernel/drivers/samsung/sec_bootstat.ko
  INSTALL /root/kernel_common/modules_out/lib/modules/5.15.202-android13-8@prisma/kernel/drivers/samsung/sec_class.ko
  INSTALL /root/kernel_common/modules_out/lib/modules/5.15.202-android13-8@prisma/kernel/drivers/samsung/sec_crash_key_user.ko
  INSTALL /root/kernel_common/modules_out/lib/modules/5.15.202-android13-8@prisma/kernel/drivers/samsung/sec_hard_reset_hook.ko
  INSTALL /root/kernel_common/modules_out/lib/modules/5.15.202-android13-8@prisma/kernel/drivers/samsung/sec_key_notifier.ko
  STRIP   /root/kernel_common/modules_out/lib/modules/5.15.202-android13-8@prisma/kernel/drivers/samsung/sec_class.ko
  STRIP   /root/kernel_common/modules_out/lib/modules/5.15.202-android13-8@prisma/kernel/drivers/samsung/sec_crash_key_user.ko
  STRIP   /root/kernel_common/modules_out/lib/modules/5.15.202-android13-8@prisma/kernel/drivers/samsung/sec_hard_reset_hook.ko
  STRIP   /root/kernel_common/modules_out/lib/modules/5.15.202-android13-8@prisma/kernel/drivers/samsung/sec_key_notifier.ko
  INSTALL /root/kernel_common/modules_out/lib/modules/5.15.202-android13-8@prisma/kernel/drivers/samsung/sec_reboot.ko
  INSTALL /root/kernel_common/modules_out/lib/modules/5.15.202-android13-8@prisma/kernel/drivers/scsi/scsi_srpmb.ko
  INSTALL /root/kernel_common/modules_out/lib/modules/5.15.202-android13-8@prisma/kernel/drivers/scsi/ufs/ufs-exynos-core.ko
  INSTALL /root/kernel_common/modules_out/lib/modules/5.15.202-android13-8@prisma/kernel/drivers/sec_panel_notifier_v2/sec_panel_notifier_v2.ko
  STRIP   /root/kernel_common/modules_out/lib/modules/5.15.202-android13-8@prisma/kernel/drivers/samsung/sec_reboot.ko
  STRIP   /root/kernel_common/modules_out/lib/modules/5.15.202-android13-8@prisma/kernel/drivers/scsi/scsi_srpmb.ko
  STRIP   /root/kernel_common/modules_out/lib/modules/5.15.202-android13-8@prisma/kernel/drivers/sec_panel_notifier_v2/sec_panel_notifier_v2.ko
  STRIP   /root/kernel_common/modules_out/lib/modules/5.15.202-android13-8@prisma/kernel/drivers/scsi/ufs/ufs-exynos-core.ko
  INSTALL /root/kernel_common/modules_out/lib/modules/5.15.202-android13-8@prisma/kernel/drivers/sensorhub/shub.ko
  INSTALL /root/kernel_common/modules_out/lib/modules/5.15.202-android13-8@prisma/kernel/drivers/sensorhub/utility/sensor_core.ko
  INSTALL /root/kernel_common/modules_out/lib/modules/5.15.202-android13-8@prisma/kernel/drivers/sensors_lego/a96t396.ko
  STRIP   /root/kernel_common/modules_out/lib/modules/5.15.202-android13-8@prisma/kernel/drivers/sensorhub/utility/sensor_core.ko
  STRIP   /root/kernel_common/modules_out/lib/modules/5.15.202-android13-8@prisma/kernel/drivers/sensors_lego/a96t396.ko
  INSTALL /root/kernel_common/modules_out/lib/modules/5.15.202-android13-8@prisma/kernel/drivers/soc/samsung/acpm/exynos_acpm.ko
  STRIP   /root/kernel_common/modules_out/lib/modules/5.15.202-android13-8@prisma/kernel/drivers/soc/samsung/acpm/exynos_acpm.ko
  STRIP   /root/kernel_common/modules_out/lib/modules/5.15.202-android13-8@prisma/kernel/drivers/sensorhub/shub.ko
  INSTALL /root/kernel_common/modules_out/lib/modules/5.15.202-android13-8@prisma/kernel/drivers/soc/samsung/acpm/flexpmu_dbg.ko
  INSTALL /root/kernel_common/modules_out/lib/modules/5.15.202-android13-8@prisma/kernel/drivers/soc/samsung/acpm/plugin_dbg.ko
  STRIP   /root/kernel_common/modules_out/lib/modules/5.15.202-android13-8@prisma/kernel/drivers/soc/samsung/acpm/flexpmu_dbg.ko
  STRIP   /root/kernel_common/modules_out/lib/modules/5.15.202-android13-8@prisma/kernel/drivers/soc/samsung/acpm/plugin_dbg.ko
  INSTALL /root/kernel_common/modules_out/lib/modules/5.15.202-android13-8@prisma/kernel/drivers/soc/samsung/cal-if/cmupmucal.ko
  STRIP   /root/kernel_common/modules_out/lib/modules/5.15.202-android13-8@prisma/kernel/drivers/soc/samsung/cal-if/cmupmucal.ko
  INSTALL /root/kernel_common/modules_out/lib/modules/5.15.202-android13-8@prisma/kernel/drivers/soc/samsung/cpif/cpif.ko
  INSTALL /root/kernel_common/modules_out/lib/modules/5.15.202-android13-8@prisma/kernel/drivers/soc/samsung/cpif/cpif_memlogger.ko
  STRIP   /root/kernel_common/modules_out/lib/modules/5.15.202-android13-8@prisma/kernel/drivers/soc/samsung/cpif/cpif_memlogger.ko
  STRIP   /root/kernel_common/modules_out/lib/modules/5.15.202-android13-8@prisma/kernel/drivers/soc/samsung/cpif/cpif.ko
  INSTALL /root/kernel_common/modules_out/lib/modules/5.15.202-android13-8@prisma/kernel/drivers/soc/samsung/cpif/cpif_page.ko
  STRIP   /root/kernel_common/modules_out/lib/modules/5.15.202-android13-8@prisma/kernel/drivers/soc/samsung/cpif/cpif_page.ko
  INSTALL /root/kernel_common/modules_out/lib/modules/5.15.202-android13-8@prisma/kernel/drivers/soc/samsung/cpif/direct_dm.ko
  STRIP   /root/kernel_common/modules_out/lib/modules/5.15.202-android13-8@prisma/kernel/drivers/soc/samsung/cpif/direct_dm.ko
  INSTALL /root/kernel_common/modules_out/lib/modules/5.15.202-android13-8@prisma/kernel/drivers/soc/samsung/cpif/dit/exynos_dit.ko
  STRIP   /root/kernel_common/modules_out/lib/modules/5.15.202-android13-8@prisma/kernel/drivers/soc/samsung/cpif/dit/exynos_dit.ko
  INSTALL /root/kernel_common/modules_out/lib/modules/5.15.202-android13-8@prisma/kernel/drivers/soc/samsung/cpif/hook.ko
  STRIP   /root/kernel_common/modules_out/lib/modules/5.15.202-android13-8@prisma/kernel/drivers/soc/samsung/cpif/hook.ko
  INSTALL /root/kernel_common/modules_out/lib/modules/5.15.202-android13-8@prisma/kernel/drivers/soc/samsung/cpif/mcu_ipc.ko
  INSTALL /root/kernel_common/modules_out/lib/modules/5.15.202-android13-8@prisma/kernel/drivers/soc/samsung/cpif/shm_ipc.ko
  STRIP   /root/kernel_common/modules_out/lib/modules/5.15.202-android13-8@prisma/kernel/drivers/soc/samsung/cpif/mcu_ipc.ko
  STRIP   /root/kernel_common/modules_out/lib/modules/5.15.202-android13-8@prisma/kernel/drivers/soc/samsung/cpif/shm_ipc.ko
  INSTALL /root/kernel_common/modules_out/lib/modules/5.15.202-android13-8@prisma/kernel/drivers/soc/samsung/dm/exynos-dm.ko
  STRIP   /root/kernel_common/modules_out/lib/modules/5.15.202-android13-8@prisma/kernel/drivers/soc/samsung/dm/exynos-dm.ko
  INSTALL /root/kernel_common/modules_out/lib/modules/5.15.202-android13-8@prisma/kernel/drivers/soc/samsung/ect_parser/ect_parser.ko
  INSTALL /root/kernel_common/modules_out/lib/modules/5.15.202-android13-8@prisma/kernel/drivers/soc/samsung/exynos-afm.ko
  STRIP   /root/kernel_common/modules_out/lib/modules/5.15.202-android13-8@prisma/kernel/drivers/soc/samsung/ect_parser/ect_parser.ko
  INSTALL /root/kernel_common/modules_out/lib/modules/5.15.202-android13-8@prisma/kernel/drivers/soc/samsung/exynos-bcm.ko
  STRIP   /root/kernel_common/modules_out/lib/modules/5.15.202-android13-8@prisma/kernel/drivers/soc/samsung/exynos-afm.ko
  STRIP   /root/kernel_common/modules_out/lib/modules/5.15.202-android13-8@prisma/kernel/drivers/soc/samsung/exynos-bcm.ko
  INSTALL /root/kernel_common/modules_out/lib/modules/5.15.202-android13-8@prisma/kernel/drivers/soc/samsung/exynos-cpuhp.ko
  INSTALL /root/kernel_common/modules_out/lib/modules/5.15.202-android13-8@prisma/kernel/drivers/soc/samsung/exynos-cpupm.ko
  INSTALL /root/kernel_common/modules_out/lib/modules/5.15.202-android13-8@prisma/kernel/drivers/soc/samsung/exynos-pd/exynos-pd-dbg.ko
  STRIP   /root/kernel_common/modules_out/lib/modules/5.15.202-android13-8@prisma/kernel/drivers/soc/samsung/exynos-cpuhp.ko
  STRIP   /root/kernel_common/modules_out/lib/modules/5.15.202-android13-8@prisma/kernel/drivers/soc/samsung/exynos-cpupm.ko
  STRIP   /root/kernel_common/modules_out/lib/modules/5.15.202-android13-8@prisma/kernel/drivers/soc/samsung/exynos-pd/exynos-pd-dbg.ko
  INSTALL /root/kernel_common/modules_out/lib/modules/5.15.202-android13-8@prisma/kernel/drivers/soc/samsung/exynos-pd/exynos-pd.ko
  STRIP   /root/kernel_common/modules_out/lib/modules/5.15.202-android13-8@prisma/kernel/drivers/soc/samsung/exynos-pd/exynos-pd.ko
  INSTALL /root/kernel_common/modules_out/lib/modules/5.15.202-android13-8@prisma/kernel/drivers/soc/samsung/exynos-pd/exynos-pd_el3.ko
  INSTALL /root/kernel_common/modules_out/lib/modules/5.15.202-android13-8@prisma/kernel/drivers/soc/samsung/exynos-pm/exynos-pm.ko
  STRIP   /root/kernel_common/modules_out/lib/modules/5.15.202-android13-8@prisma/kernel/drivers/soc/samsung/exynos-pd/exynos-pd_el3.ko
  STRIP   /root/kernel_common/modules_out/lib/modules/5.15.202-android13-8@prisma/kernel/drivers/soc/samsung/exynos-pm/exynos-pm.ko
  INSTALL /root/kernel_common/modules_out/lib/modules/5.15.202-android13-8@prisma/kernel/drivers/soc/samsung/exynos-pmu-if.ko
  INSTALL /root/kernel_common/modules_out/lib/modules/5.15.202-android13-8@prisma/kernel/drivers/soc/samsung/exynos-seclog.ko
  STRIP   /root/kernel_common/modules_out/lib/modules/5.15.202-android13-8@prisma/kernel/drivers/soc/samsung/exynos-pmu-if.ko
  STRIP   /root/kernel_common/modules_out/lib/modules/5.15.202-android13-8@prisma/kernel/drivers/soc/samsung/exynos-seclog.ko
  INSTALL /root/kernel_common/modules_out/lib/modules/5.15.202-android13-8@prisma/kernel/drivers/soc/samsung/exynos-seh.ko
  INSTALL /root/kernel_common/modules_out/lib/modules/5.15.202-android13-8@prisma/kernel/drivers/soc/samsung/exynos-ufcc.ko
  STRIP   /root/kernel_common/modules_out/lib/modules/5.15.202-android13-8@prisma/kernel/drivers/soc/samsung/exynos-seh.ko
  INSTALL /root/kernel_common/modules_out/lib/modules/5.15.202-android13-8@prisma/kernel/drivers/soc/samsung/exynos-wow.ko
  STRIP   /root/kernel_common/modules_out/lib/modules/5.15.202-android13-8@prisma/kernel/drivers/soc/samsung/exynos-ufcc.ko
  INSTALL /root/kernel_common/modules_out/lib/modules/5.15.202-android13-8@prisma/kernel/drivers/soc/samsung/exynos/debug/debug-snapshot-debug-kinfo.ko
  STRIP   /root/kernel_common/modules_out/lib/modules/5.15.202-android13-8@prisma/kernel/drivers/soc/samsung/exynos-wow.ko
  STRIP   /root/kernel_common/modules_out/lib/modules/5.15.202-android13-8@prisma/kernel/drivers/soc/samsung/exynos/debug/debug-snapshot-debug-kinfo.ko
  INSTALL /root/kernel_common/modules_out/lib/modules/5.15.202-android13-8@prisma/kernel/drivers/soc/samsung/exynos/debug/dss.ko
  INSTALL /root/kernel_common/modules_out/lib/modules/5.15.202-android13-8@prisma/kernel/drivers/soc/samsung/exynos/debug/ehld.ko
  STRIP   /root/kernel_common/modules_out/lib/modules/5.15.202-android13-8@prisma/kernel/drivers/soc/samsung/exynos/debug/dss.ko
  STRIP   /root/kernel_common/modules_out/lib/modules/5.15.202-android13-8@prisma/kernel/drivers/soc/samsung/exynos/debug/ehld.ko
  INSTALL /root/kernel_common/modules_out/lib/modules/5.15.202-android13-8@prisma/kernel/drivers/soc/samsung/exynos/debug/exynos-adv-tracer-s2d.ko
  INSTALL /root/kernel_common/modules_out/lib/modules/5.15.202-android13-8@prisma/kernel/drivers/soc/samsung/exynos/debug/exynos-adv-tracer.ko
  STRIP   /root/kernel_common/modules_out/lib/modules/5.15.202-android13-8@prisma/kernel/drivers/soc/samsung/exynos/debug/exynos-adv-tracer-s2d.ko
  STRIP   /root/kernel_common/modules_out/lib/modules/5.15.202-android13-8@prisma/kernel/drivers/soc/samsung/exynos/debug/exynos-adv-tracer.ko
  INSTALL /root/kernel_common/modules_out/lib/modules/5.15.202-android13-8@prisma/kernel/drivers/soc/samsung/exynos/debug/exynos-coresight.ko
  INSTALL /root/kernel_common/modules_out/lib/modules/5.15.202-android13-8@prisma/kernel/drivers/soc/samsung/exynos/debug/exynos-ecc-handler.ko
  STRIP   /root/kernel_common/modules_out/lib/modules/5.15.202-android13-8@prisma/kernel/drivers/soc/samsung/exynos/debug/exynos-coresight.ko
  INSTALL /root/kernel_common/modules_out/lib/modules/5.15.202-android13-8@prisma/kernel/drivers/soc/samsung/exynos/debug/exynos-getcpustate.ko
  STRIP   /root/kernel_common/modules_out/lib/modules/5.15.202-android13-8@prisma/kernel/drivers/soc/samsung/exynos/debug/exynos-ecc-handler.ko
  INSTALL /root/kernel_common/modules_out/lib/modules/5.15.202-android13-8@prisma/kernel/drivers/soc/samsung/exynos/debug/exynos-itmon-v2.ko
  STRIP   /root/kernel_common/modules_out/lib/modules/5.15.202-android13-8@prisma/kernel/drivers/soc/samsung/exynos/debug/exynos-getcpustate.ko
  STRIP   /root/kernel_common/modules_out/lib/modules/5.15.202-android13-8@prisma/kernel/drivers/soc/samsung/exynos/debug/exynos-itmon-v2.ko
  INSTALL /root/kernel_common/modules_out/lib/modules/5.15.202-android13-8@prisma/kernel/drivers/soc/samsung/exynos/debug/exynos-ssld.ko
  INSTALL /root/kernel_common/modules_out/lib/modules/5.15.202-android13-8@prisma/kernel/drivers/soc/samsung/exynos/debug/hardlockup-watchdog.ko
  INSTALL /root/kernel_common/modules_out/lib/modules/5.15.202-android13-8@prisma/kernel/drivers/soc/samsung/exynos/exynos-chipid_v2.ko
  STRIP   /root/kernel_common/modules_out/lib/modules/5.15.202-android13-8@prisma/kernel/drivers/soc/samsung/exynos/debug/exynos-ssld.ko
  STRIP   /root/kernel_common/modules_out/lib/modules/5.15.202-android13-8@prisma/kernel/drivers/soc/samsung/exynos/debug/hardlockup-watchdog.ko
  INSTALL /root/kernel_common/modules_out/lib/modules/5.15.202-android13-8@prisma/kernel/drivers/soc/samsung/exynos/exynos-cm.ko
  STRIP   /root/kernel_common/modules_out/lib/modules/5.15.202-android13-8@prisma/kernel/drivers/soc/samsung/exynos/exynos-chipid_v2.ko
  STRIP   /root/kernel_common/modules_out/lib/modules/5.15.202-android13-8@prisma/kernel/drivers/soc/samsung/exynos/exynos-cm.ko
  INSTALL /root/kernel_common/modules_out/lib/modules/5.15.202-android13-8@prisma/kernel/drivers/soc/samsung/exynos/exynos-el2.ko
  INSTALL /root/kernel_common/modules_out/lib/modules/5.15.202-android13-8@prisma/kernel/drivers/soc/samsung/exynos/exynos-mcinfo.ko
  INSTALL /root/kernel_common/modules_out/lib/modules/5.15.202-android13-8@prisma/kernel/drivers/soc/samsung/exynos/exynos-s2mpu.ko
  STRIP   /root/kernel_common/modules_out/lib/modules/5.15.202-android13-8@prisma/kernel/drivers/soc/samsung/exynos/exynos-el2.ko
  INSTALL /root/kernel_common/modules_out/lib/modules/5.15.202-android13-8@prisma/kernel/drivers/soc/samsung/exynos/exynos-sdm.ko
  STRIP   /root/kernel_common/modules_out/lib/modules/5.15.202-android13-8@prisma/kernel/drivers/soc/samsung/exynos/exynos-mcinfo.ko
  STRIP   /root/kernel_common/modules_out/lib/modules/5.15.202-android13-8@prisma/kernel/drivers/soc/samsung/exynos/exynos-s2mpu.ko
  STRIP   /root/kernel_common/modules_out/lib/modules/5.15.202-android13-8@prisma/kernel/drivers/soc/samsung/exynos/exynos-sdm.ko
  INSTALL /root/kernel_common/modules_out/lib/modules/5.15.202-android13-8@prisma/kernel/drivers/soc/samsung/exynos/exynos-tzasc.ko
  INSTALL /root/kernel_common/modules_out/lib/modules/5.15.202-android13-8@prisma/kernel/drivers/soc/samsung/exynos/exynos-usi_v2.ko
  INSTALL /root/kernel_common/modules_out/lib/modules/5.15.202-android13-8@prisma/kernel/drivers/soc/samsung/exynos/imgloader.ko
  INSTALL /root/kernel_common/modules_out/lib/modules/5.15.202-android13-8@prisma/kernel/drivers/soc/samsung/exynos/memlogger.ko
  STRIP   /root/kernel_common/modules_out/lib/modules/5.15.202-android13-8@prisma/kernel/drivers/soc/samsung/exynos/exynos-tzasc.ko
  STRIP   /root/kernel_common/modules_out/lib/modules/5.15.202-android13-8@prisma/kernel/drivers/soc/samsung/exynos/exynos-usi_v2.ko
  STRIP   /root/kernel_common/modules_out/lib/modules/5.15.202-android13-8@prisma/kernel/drivers/soc/samsung/exynos/imgloader.ko
  STRIP   /root/kernel_common/modules_out/lib/modules/5.15.202-android13-8@prisma/kernel/drivers/soc/samsung/exynos/memlogger.ko
  INSTALL /root/kernel_common/modules_out/lib/modules/5.15.202-android13-8@prisma/kernel/drivers/soc/samsung/exynos/secmem.ko
  INSTALL /root/kernel_common/modules_out/lib/modules/5.15.202-android13-8@prisma/kernel/drivers/soc/samsung/exynos/sysevent.ko
  INSTALL /root/kernel_common/modules_out/lib/modules/5.15.202-android13-8@prisma/kernel/drivers/soc/samsung/exynos/sysevent_notif.ko
  STRIP   /root/kernel_common/modules_out/lib/modules/5.15.202-android13-8@prisma/kernel/drivers/soc/samsung/exynos/secmem.ko
  INSTALL /root/kernel_common/modules_out/lib/modules/5.15.202-android13-8@prisma/kernel/drivers/soc/samsung/gnssif/gnss_mbox.ko
  STRIP   /root/kernel_common/modules_out/lib/modules/5.15.202-android13-8@prisma/kernel/drivers/soc/samsung/exynos/sysevent.ko
  STRIP   /root/kernel_common/modules_out/lib/modules/5.15.202-android13-8@prisma/kernel/drivers/soc/samsung/exynos/sysevent_notif.ko
  STRIP   /root/kernel_common/modules_out/lib/modules/5.15.202-android13-8@prisma/kernel/drivers/soc/samsung/gnssif/gnss_mbox.ko
  INSTALL /root/kernel_common/modules_out/lib/modules/5.15.202-android13-8@prisma/kernel/drivers/soc/samsung/gnssif/gnssif.ko
  INSTALL /root/kernel_common/modules_out/lib/modules/5.15.202-android13-8@prisma/kernel/drivers/soc/samsung/pm_qos/exynos_pm_qos.ko
  INSTALL /root/kernel_common/modules_out/lib/modules/5.15.202-android13-8@prisma/kernel/drivers/soc/samsung/profiler/v3/exynos-cpu-profiler.ko
  INSTALL /root/kernel_common/modules_out/lib/modules/5.15.202-android13-8@prisma/kernel/drivers/soc/samsung/profiler/v3/exynos-gpu-profiler.ko
  STRIP   /root/kernel_common/modules_out/lib/modules/5.15.202-android13-8@prisma/kernel/drivers/soc/samsung/pm_qos/exynos_pm_qos.ko
  STRIP   /root/kernel_common/modules_out/lib/modules/5.15.202-android13-8@prisma/kernel/drivers/soc/samsung/gnssif/gnssif.ko
  STRIP   /root/kernel_common/modules_out/lib/modules/5.15.202-android13-8@prisma/kernel/drivers/soc/samsung/profiler/v3/exynos-cpu-profiler.ko
  STRIP   /root/kernel_common/modules_out/lib/modules/5.15.202-android13-8@prisma/kernel/drivers/soc/samsung/profiler/v3/exynos-gpu-profiler.ko
  INSTALL /root/kernel_common/modules_out/lib/modules/5.15.202-android13-8@prisma/kernel/drivers/soc/samsung/profiler/v3/exynos-main-profiler.ko
  INSTALL /root/kernel_common/modules_out/lib/modules/5.15.202-android13-8@prisma/kernel/drivers/soc/samsung/profiler/v3/exynos-mif-profiler.ko
  INSTALL /root/kernel_common/modules_out/lib/modules/5.15.202-android13-8@prisma/kernel/drivers/soc/samsung/xperf/xperf.ko
  INSTALL /root/kernel_common/modules_out/lib/modules/5.15.202-android13-8@prisma/kernel/drivers/spi/spi-s3c64xx.ko
  STRIP   /root/kernel_common/modules_out/lib/modules/5.15.202-android13-8@prisma/kernel/drivers/soc/samsung/profiler/v3/exynos-main-profiler.ko
  STRIP   /root/kernel_common/modules_out/lib/modules/5.15.202-android13-8@prisma/kernel/drivers/soc/samsung/profiler/v3/exynos-mif-profiler.ko
  STRIP   /root/kernel_common/modules_out/lib/modules/5.15.202-android13-8@prisma/kernel/drivers/soc/samsung/xperf/xperf.ko
  STRIP   /root/kernel_common/modules_out/lib/modules/5.15.202-android13-8@prisma/kernel/drivers/spi/spi-s3c64xx.ko
  INSTALL /root/kernel_common/modules_out/lib/modules/5.15.202-android13-8@prisma/kernel/drivers/spi/spidev.ko
  INSTALL /root/kernel_common/modules_out/lib/modules/5.15.202-android13-8@prisma/kernel/drivers/staging/android/switch/switch_class.ko
  INSTALL /root/kernel_common/modules_out/lib/modules/5.15.202-android13-8@prisma/kernel/drivers/staging/nanohub/nanohub.ko
  STRIP   /root/kernel_common/modules_out/lib/modules/5.15.202-android13-8@prisma/kernel/drivers/spi/spidev.ko
  STRIP   /root/kernel_common/modules_out/lib/modules/5.15.202-android13-8@prisma/kernel/drivers/staging/android/switch/switch_class.ko
  INSTALL /root/kernel_common/modules_out/lib/modules/5.15.202-android13-8@prisma/kernel/drivers/sti/abc/abc.ko
  STRIP   /root/kernel_common/modules_out/lib/modules/5.15.202-android13-8@prisma/kernel/drivers/staging/nanohub/nanohub.ko
  STRIP   /root/kernel_common/modules_out/lib/modules/5.15.202-android13-8@prisma/kernel/drivers/sti/abc/abc.ko
  INSTALL /root/kernel_common/modules_out/lib/modules/5.15.202-android13-8@prisma/kernel/drivers/sti/abc/abc_hub.ko
  INSTALL /root/kernel_common/modules_out/lib/modules/5.15.202-android13-8@prisma/kernel/drivers/thermal/samsung/exynos_thermal_v2.ko
  STRIP   /root/kernel_common/modules_out/lib/modules/5.15.202-android13-8@prisma/kernel/drivers/sti/abc/abc_hub.ko
  STRIP   /root/kernel_common/modules_out/lib/modules/5.15.202-android13-8@prisma/kernel/drivers/thermal/samsung/exynos_thermal_v2.ko
  INSTALL /root/kernel_common/modules_out/lib/modules/5.15.202-android13-8@prisma/kernel/drivers/thermal/samsung/gpu_cooling.ko
  STRIP   /root/kernel_common/modules_out/lib/modules/5.15.202-android13-8@prisma/kernel/drivers/thermal/samsung/gpu_cooling.ko
  INSTALL /root/kernel_common/modules_out/lib/modules/5.15.202-android13-8@prisma/kernel/drivers/tty/serial/exynos_tty.ko
  STRIP   /root/kernel_common/modules_out/lib/modules/5.15.202-android13-8@prisma/kernel/drivers/tty/serial/exynos_tty.ko
  INSTALL /root/kernel_common/modules_out/lib/modules/5.15.202-android13-8@prisma/kernel/drivers/usb/class/cdc-wdm.ko
  INSTALL /root/kernel_common/modules_out/lib/modules/5.15.202-android13-8@prisma/kernel/drivers/usb/class/usblp.ko
  STRIP   /root/kernel_common/modules_out/lib/modules/5.15.202-android13-8@prisma/kernel/drivers/usb/class/cdc-wdm.ko
  INSTALL /root/kernel_common/modules_out/lib/modules/5.15.202-android13-8@prisma/kernel/drivers/usb/common/vbus_notifier/vbus_notifier.ko
  STRIP   /root/kernel_common/modules_out/lib/modules/5.15.202-android13-8@prisma/kernel/drivers/usb/class/usblp.ko
  STRIP   /root/kernel_common/modules_out/lib/modules/5.15.202-android13-8@prisma/kernel/drivers/usb/common/vbus_notifier/vbus_notifier.ko
  INSTALL /root/kernel_common/modules_out/lib/modules/5.15.202-android13-8@prisma/kernel/drivers/usb/dwc3/dwc3-exynos-usb.ko
  STRIP   /root/kernel_common/modules_out/lib/modules/5.15.202-android13-8@prisma/kernel/drivers/usb/dwc3/dwc3-exynos-usb.ko
  INSTALL /root/kernel_common/modules_out/lib/modules/5.15.202-android13-8@prisma/kernel/drivers/usb/gadget/function/usb_f_conn_gadget.ko
  INSTALL /root/kernel_common/modules_out/lib/modules/5.15.202-android13-8@prisma/kernel/drivers/usb/gadget/function/usb_f_dm.ko
  STRIP   /root/kernel_common/modules_out/lib/modules/5.15.202-android13-8@prisma/kernel/drivers/usb/gadget/function/usb_f_conn_gadget.ko
  STRIP   /root/kernel_common/modules_out/lib/modules/5.15.202-android13-8@prisma/kernel/drivers/usb/gadget/function/usb_f_dm.ko
  INSTALL /root/kernel_common/modules_out/lib/modules/5.15.202-android13-8@prisma/kernel/drivers/usb/gadget/function/usb_f_dm1.ko
  STRIP   /root/kernel_common/modules_out/lib/modules/5.15.202-android13-8@prisma/kernel/drivers/usb/gadget/function/usb_f_dm1.ko
  INSTALL /root/kernel_common/modules_out/lib/modules/5.15.202-android13-8@prisma/kernel/drivers/usb/gadget/function/usb_f_ss_mon_gadget.ko
  INSTALL /root/kernel_common/modules_out/lib/modules/5.15.202-android13-8@prisma/kernel/drivers/usb/host/xhci-exynos.ko
  INSTALL /root/kernel_common/modules_out/lib/modules/5.15.202-android13-8@prisma/kernel/drivers/usb/misc/lvstest.ko
  STRIP   /root/kernel_common/modules_out/lib/modules/5.15.202-android13-8@prisma/kernel/drivers/usb/gadget/function/usb_f_ss_mon_gadget.ko
  INSTALL /root/kernel_common/modules_out/lib/modules/5.15.202-android13-8@prisma/kernel/drivers/usb/notify/usb_notifier.ko
  STRIP   /root/kernel_common/modules_out/lib/modules/5.15.202-android13-8@prisma/kernel/drivers/usb/host/xhci-exynos.ko
  STRIP   /root/kernel_common/modules_out/lib/modules/5.15.202-android13-8@prisma/kernel/drivers/usb/misc/lvstest.ko
  STRIP   /root/kernel_common/modules_out/lib/modules/5.15.202-android13-8@prisma/kernel/drivers/usb/notify/usb_notifier.ko
  INSTALL /root/kernel_common/modules_out/lib/modules/5.15.202-android13-8@prisma/kernel/drivers/usb/notify/usb_notify_layer.ko
  INSTALL /root/kernel_common/modules_out/lib/modules/5.15.202-android13-8@prisma/kernel/drivers/usb/serial/usbserial.ko
  INSTALL /root/kernel_common/modules_out/lib/modules/5.15.202-android13-8@prisma/kernel/drivers/usb/typec/common/pdic_notifier_module.ko
  INSTALL /root/kernel_common/modules_out/lib/modules/5.15.202-android13-8@prisma/kernel/drivers/usb/typec/manager/if_cb_manager.ko
  STRIP   /root/kernel_common/modules_out/lib/modules/5.15.202-android13-8@prisma/kernel/drivers/usb/notify/usb_notify_layer.ko
  STRIP   /root/kernel_common/modules_out/lib/modules/5.15.202-android13-8@prisma/kernel/drivers/usb/serial/usbserial.ko
  STRIP   /root/kernel_common/modules_out/lib/modules/5.15.202-android13-8@prisma/kernel/drivers/usb/typec/common/pdic_notifier_module.ko
  STRIP   /root/kernel_common/modules_out/lib/modules/5.15.202-android13-8@prisma/kernel/drivers/usb/typec/manager/if_cb_manager.ko
  INSTALL /root/kernel_common/modules_out/lib/modules/5.15.202-android13-8@prisma/kernel/drivers/usb/typec/manager/usb_typec_manager.ko
  INSTALL /root/kernel_common/modules_out/lib/modules/5.15.202-android13-8@prisma/kernel/drivers/usb/typec/slsi/common/s2m_pdic_notifier_module.ko
  INSTALL /root/kernel_common/modules_out/lib/modules/5.15.202-android13-8@prisma/kernel/drivers/usb/typec/slsi/s2mf301/pdic_s2mf301.ko
  STRIP   /root/kernel_common/modules_out/lib/modules/5.15.202-android13-8@prisma/kernel/drivers/usb/typec/manager/usb_typec_manager.ko
  INSTALL /root/kernel_common/modules_out/lib/modules/5.15.202-android13-8@prisma/kernel/drivers/usb/typec/sm/sm5714/pdic_sm5714.ko
  STRIP   /root/kernel_common/modules_out/lib/modules/5.15.202-android13-8@prisma/kernel/drivers/usb/typec/slsi/s2mf301/pdic_s2mf301.ko
  STRIP   /root/kernel_common/modules_out/lib/modules/5.15.202-android13-8@prisma/kernel/drivers/usb/typec/slsi/common/s2m_pdic_notifier_module.ko
  STRIP   /root/kernel_common/modules_out/lib/modules/5.15.202-android13-8@prisma/kernel/drivers/usb/typec/sm/sm5714/pdic_sm5714.ko
  INSTALL /root/kernel_common/modules_out/lib/modules/5.15.202-android13-8@prisma/kernel/drivers/vibrator/common/sec_vibrator.ko
  INSTALL /root/kernel_common/modules_out/lib/modules/5.15.202-android13-8@prisma/kernel/drivers/vibrator/common/vib_info/vibrator_vib_info.ko
  INSTALL /root/kernel_common/modules_out/lib/modules/5.15.202-android13-8@prisma/kernel/drivers/vibrator/dc/dc_vibrator.ko
  STRIP   /root/kernel_common/modules_out/lib/modules/5.15.202-android13-8@prisma/kernel/drivers/vibrator/common/sec_vibrator.ko
  STRIP   /root/kernel_common/modules_out/lib/modules/5.15.202-android13-8@prisma/kernel/drivers/vibrator/common/vib_info/vibrator_vib_info.ko
  STRIP   /root/kernel_common/modules_out/lib/modules/5.15.202-android13-8@prisma/kernel/drivers/vibrator/dc/dc_vibrator.ko
  INSTALL /root/kernel_common/modules_out/lib/modules/5.15.202-android13-8@prisma/kernel/drivers/watchdog/s3c2410_wdt.ko
  STRIP   /root/kernel_common/modules_out/lib/modules/5.15.202-android13-8@prisma/kernel/drivers/watchdog/s3c2410_wdt.ko
  INSTALL /root/kernel_common/modules_out/lib/modules/5.15.202-android13-8@prisma/kernel/drivers/watchdog/softdog.ko
  INSTALL /root/kernel_common/modules_out/lib/modules/5.15.202-android13-8@prisma/kernel/kernel/sched/ems/ems.ko
  INSTALL /root/kernel_common/modules_out/lib/modules/5.15.202-android13-8@prisma/kernel/mm/zsmalloc.ko
  STRIP   /root/kernel_common/modules_out/lib/modules/5.15.202-android13-8@prisma/kernel/drivers/watchdog/softdog.ko
  STRIP   /root/kernel_common/modules_out/lib/modules/5.15.202-android13-8@prisma/kernel/mm/zsmalloc.ko
  STRIP   /root/kernel_common/modules_out/lib/modules/5.15.202-android13-8@prisma/kernel/kernel/sched/ems/ems.ko
  INSTALL /root/kernel_common/modules_out/lib/modules/5.15.202-android13-8@prisma/kernel/net/ipv4/tcp_bic.ko
  STRIP   /root/kernel_common/modules_out/lib/modules/5.15.202-android13-8@prisma/kernel/net/ipv4/tcp_bic.ko
  INSTALL /root/kernel_common/modules_out/lib/modules/5.15.202-android13-8@prisma/kernel/net/ipv4/tcp_htcp.ko
  INSTALL /root/kernel_common/modules_out/lib/modules/5.15.202-android13-8@prisma/kernel/net/wireless/cfg80211.ko
  STRIP   /root/kernel_common/modules_out/lib/modules/5.15.202-android13-8@prisma/kernel/net/ipv4/tcp_htcp.ko
  INSTALL /root/kernel_common/modules_out/lib/modules/5.15.202-android13-8@prisma/kernel/sound/soc/codecs/snd-soc-rt5691.ko
  STRIP   /root/kernel_common/modules_out/lib/modules/5.15.202-android13-8@prisma/kernel/sound/soc/codecs/snd-soc-rt5691.ko
  INSTALL /root/kernel_common/modules_out/lib/modules/5.15.202-android13-8@prisma/kernel/sound/soc/codecs/snd-soc-sma-amp.ko
  STRIP   /root/kernel_common/modules_out/lib/modules/5.15.202-android13-8@prisma/kernel/net/wireless/cfg80211.ko
  STRIP   /root/kernel_common/modules_out/lib/modules/5.15.202-android13-8@prisma/kernel/sound/soc/codecs/snd-soc-sma-amp.ko
  INSTALL /root/kernel_common/modules_out/lib/modules/5.15.202-android13-8@prisma/kernel/sound/soc/codecs/snd-soc-sma1305.ko
  INSTALL /root/kernel_common/modules_out/lib/modules/5.15.202-android13-8@prisma/kernel/sound/soc/samsung/exynos/abox/snd-soc-samsung-abox-gic.ko
  INSTALL /root/kernel_common/modules_out/lib/modules/5.15.202-android13-8@prisma/kernel/sound/soc/samsung/exynos/abox/snd-soc-samsung-abox-sync.ko
  STRIP   /root/kernel_common/modules_out/lib/modules/5.15.202-android13-8@prisma/kernel/sound/soc/codecs/snd-soc-sma1305.ko
  STRIP   /root/kernel_common/modules_out/lib/modules/5.15.202-android13-8@prisma/kernel/sound/soc/samsung/exynos/abox/snd-soc-samsung-abox-gic.ko
  STRIP   /root/kernel_common/modules_out/lib/modules/5.15.202-android13-8@prisma/kernel/sound/soc/samsung/exynos/abox/snd-soc-samsung-abox-sync.ko
  INSTALL /root/kernel_common/modules_out/lib/modules/5.15.202-android13-8@prisma/kernel/sound/soc/samsung/exynos/abox/snd-soc-samsung-abox.ko
  INSTALL /root/kernel_common/modules_out/lib/modules/5.15.202-android13-8@prisma/kernel/sound/soc/samsung/exynos/exynos8535_rt5691.ko
  INSTALL /root/kernel_common/modules_out/lib/modules/5.15.202-android13-8@prisma/kernel/sound/soc/samsung/exynos/sec_audio_debug.ko
  STRIP   /root/kernel_common/modules_out/lib/modules/5.15.202-android13-8@prisma/kernel/sound/soc/samsung/exynos/exynos8535_rt5691.ko
  INSTALL /root/kernel_common/modules_out/lib/modules/5.15.202-android13-8@prisma/kernel/sound/soc/samsung/exynos/sec_audio_sysfs.ko
  STRIP   /root/kernel_common/modules_out/lib/modules/5.15.202-android13-8@prisma/kernel/sound/soc/samsung/exynos/sec_audio_debug.ko
  STRIP   /root/kernel_common/modules_out/lib/modules/5.15.202-android13-8@prisma/kernel/sound/soc/samsung/exynos/sec_audio_sysfs.ko
  STRIP   /root/kernel_common/modules_out/lib/modules/5.15.202-android13-8@prisma/kernel/sound/soc/samsung/exynos/abox/snd-soc-samsung-abox.ko
  INSTALL /root/kernel_common/modules_out/lib/modules/5.15.202-android13-8@prisma/kernel/sound/soc/samsung/snd-soc-s3c-dma.ko
  STRIP   /root/kernel_common/modules_out/lib/modules/5.15.202-android13-8@prisma/kernel/sound/soc/samsung/snd-soc-s3c-dma.ko
  DEPMOD  /root/kernel_common/modules_out/lib/modules/5.15.202-android13-8@prisma
make[1]: Leaving directory '/root/kernel_common/out'
Filtering modules based on OEM modules.load...
Copying metadata for depmod...

[1;32m====================================================[0m
[1;32mBUILD SUCCESSFUL![0m
Kernel Image: /root/Image
[1;32m====================================================[0m
